<application>
  <component name="VimSettings">
    <state version="4" enabled="true" />
    <globalmarks />
    <filemarks>
      <file name="/start_script.py" timestamp="1554903323976">
        <mark key="[" line="0" column="0" />
      </file>
      <file name="/testspark" timestamp="1546884314891">
        <mark key="[" line="0" column="0" />
      </file>
      <file name="/Python Console" timestamp="1552215590397">
        <mark key="[" line="0" column="0" />
      </file>
      <file name="/fragment.py" timestamp="1552215656477">
        <mark key="[" line="0" column="0" />
      </file>
      <file name="/sys_restore" timestamp="1546433894281">
        <mark key="[" line="0" column="0" />
      </file>
      <file name="$USER_HOME$/.IdeaIC2018.3/system/python_stubs/-1687341626/builtins.py" timestamp="1552150553496">
        <mark key="'" line="3748" column="17" />
        <mark key="[" line="7" column="0" />
        <mark key="]" line="7" column="0" />
        <mark key="." line="7" column="0" />
      </file>
      <file name="/a.dummy" timestamp="1547035737424">
        <mark key="[" line="0" column="0" />
      </file>
      <file name="$USER_HOME$/Exercise/Scala-projects/sbt_build/wordcount/src/main/scala/learningSpark/learningSpark.scala" timestamp="1547101839184">
        <mark key="[" line="13" column="6" />
        <mark key="]" line="13" column="17" />
        <mark key="." line="13" column="17" />
        <mark key="^" line="13" column="17" />
      </file>
      <file name="$USER_HOME$/Exercise/Scala-projects/sbt_build/mySpark/project/build.properties" timestamp="1547624960983">
        <mark key="[" line="0" column="16" />
        <mark key="]" line="0" column="16" />
        <mark key="." line="0" column="16" />
        <mark key="^" line="0" column="16" />
      </file>
      <file name="$USER_HOME$/Exercise/Scala-projects/sbt_build/mySpark/build.sbt" timestamp="1547154251083">
        <mark key="[" line="7" column="24" />
        <mark key="]" line="7" column="83" />
        <mark key="^" line="7" column="83" />
        <mark key="." line="7" column="83" />
      </file>
      <file name="/wordcount.py" timestamp="1554903151667">
        <mark key="[" line="0" column="0" />
      </file>
      <file name="$USER_HOME$/Exercise/Scala-projects/sbt_build/wordCount/build.sbt" timestamp="1547021951126">
        <mark key="[" line="6" column="0" />
        <mark key="]" line="6" column="0" />
        <mark key="^" line="6" column="62" />
        <mark key="." line="6" column="0" />
      </file>
      <file name="$USER_HOME$/Exercise/Scala-projects/sbt_build/testspark/src/main/scala/cnalan/testspark.scala" timestamp="1547619381200">
        <mark key="[" line="6" column="53" />
        <mark key="]" line="6" column="50" />
        <mark key="." line="6" column="50" />
        <mark key="^" line="6" column="50" />
      </file>
      <file name="/sbtShell" timestamp="1548075699496">
        <mark key="[" line="0" column="0" />
        <mark key="]" line="0" column="0" />
        <mark key="^" line="0" column="0" />
        <mark key="." line="0" column="0" />
      </file>
      <file name="$USER_HOME$/0_Dev/Scala-projects/sbt_build/water/src/main/scala/water.scala" timestamp="1548068538874">
        <mark key="[" line="9" column="81" />
        <mark key="]" line="9" column="78" />
        <mark key="." line="9" column="78" />
        <mark key="^" line="9" column="78" />
      </file>
      <file name="/Dummy.scala" timestamp="1547126153867">
        <mark key="[" line="0" column="0" />
      </file>
      <file name="$USER_HOME$/0_Exercise/Python-projects/pycharm/sparktest.py" timestamp="1547879619805">
        <mark key="'" line="8" column="2" />
        <mark key="[" line="8" column="0" />
        <mark key="]" line="8" column="2" />
        <mark key="." line="8" column="2" />
        <mark key="^" line="8" column="2" />
      </file>
      <file name="$USER_HOME$/.ivy2/cache/org.scala-lang/scala-library/srcs/scala-library-2.12.8-sources.jar!/scala/Array.scala" timestamp="1546944097011">
        <mark key="'" line="526" column="12" />
        <mark key="[" line="526" column="12" />
        <mark key="]" line="526" column="11" />
        <mark key="^" line="526" column="11" />
        <mark key="." line="526" column="11" />
      </file>
      <file name="/sparktest.1.py" timestamp="1547874444894">
        <mark key="[" line="0" column="0" />
      </file>
      <file name="/sys_restore.py" timestamp="1546079776799">
        <mark key="[" line="0" column="0" />
      </file>
      <file name="$USER_HOME$/0_Dev/Python-projects/pycharm/wordcount/wordcount.iml" timestamp="1552148288894">
        <mark key="'" line="6" column="0" />
        <mark key="[" line="0" column="0" />
        <mark key="]" line="1" column="1" />
        <mark key="." line="1" column="1" />
        <mark key="^" line="1" column="1" />
      </file>
      <file name="/sparktest.py" timestamp="1547877291587">
        <mark key="[" line="0" column="0" />
      </file>
      <file name="/testspark.py" timestamp="1546907862591">
        <mark key="[" line="0" column="0" />
      </file>
      <file name="/_pydev_execfile.py" timestamp="1552215594387">
        <mark key="[" line="0" column="0" />
      </file>
      <file name="/Dummy.txt" timestamp="1552052174520">
        <mark key="[" line="0" column="0" />
      </file>
      <file name="$USER_HOME$/Exercise/Scala-projects/sbt_build/SBTExampleProject/src/main/scala/example/Main.scala" timestamp="1547019483037">
        <mark key="[" line="4" column="0" />
        <mark key="]" line="4" column="3" />
        <mark key="^" line="4" column="3" />
        <mark key="." line="4" column="3" />
      </file>
      <file name="/Scala Console" timestamp="1547111546479">
        <mark key="[" line="0" column="0" />
      </file>
      <file name="/tarfile.py" timestamp="1549279116948">
        <mark key="[" line="0" column="0" />
      </file>
      <file name="/scratch.py" timestamp="1546019680278">
        <mark key="[" line="0" column="0" />
      </file>
      <file name="$USER_HOME$/Exercise/Scala-projects/Spark/src/main/scala/cn/alanding/testspark.scala" timestamp="1545993378834">
        <mark key="[" line="0" column="0" />
      </file>
      <file name="$USER_HOME$/Exercise/Scala-projects/sbt_build/SBTExampleProject/src/test/scala/CubeCalculatorTest.scala" timestamp="1547019315321">
        <mark key="'" line="4" column="14" />
        <mark key="[" line="4" column="38" />
        <mark key="]" line="4" column="39" />
        <mark key="." line="4" column="39" />
        <mark key="^" line="4" column="39" />
      </file>
      <file name="$USER_HOME$/Exercise/Scala-projects/sbt_build/mySpark/src/main/scala/sparkWeb/learningSpark.scala" timestamp="1547625002127">
        <mark key="'" line="17" column="0" />
        <mark key="[" line="11" column="12" />
        <mark key="]" line="11" column="12" />
        <mark key="." line="11" column="12" />
        <mark key="^" line="11" column="12" />
      </file>
      <file name="$USER_HOME$/0_Dev/Scala-projects/sbt_build/water/build.sbt" timestamp="1548067979025">
        <mark key="[" line="6" column="15" />
        <mark key="]" line="6" column="16" />
        <mark key="^" line="7" column="70" />
        <mark key="." line="6" column="16" />
      </file>
      <file name="$USER_HOME$/0_Dev/Python-projects/pycharm/wordcount/wordcount.py" timestamp="1552223031392">
        <mark key="'" line="0" column="0" />
        <mark key="[" line="0" column="0" />
        <mark key="]" line="0" column="11" />
        <mark key="." line="0" column="11" />
        <mark key="^" line="0" column="11" />
      </file>
      <file name="$USER_HOME$/Exercise/Python-projects/pycharm/sparktest.py" timestamp="1547097883915">
        <mark key="[" line="23" column="0" />
        <mark key="]" line="23" column="0" />
        <mark key="^" line="14" column="0" />
        <mark key="." line="23" column="0" />
      </file>
      <file name="$USER_HOME$/Exercise/Scala-projects/sbt_build/wordCounts/src/main/scala/wordCounts.scala" timestamp="1547020348101">
        <mark key="'" line="3" column="0" />
        <mark key="[" line="2" column="2" />
        <mark key="]" line="2" column="10" />
        <mark key="^" line="2" column="10" />
        <mark key="." line="2" column="10" />
      </file>
      <file name="$USER_HOME$/Exercise/Scala-projects/sbt_build/SBTExampleProject/build.sbt" timestamp="1547019419339">
        <mark key="[" line="8" column="0" />
        <mark key="]" line="8" column="0" />
        <mark key="^" line="7" column="77" />
        <mark key="." line="8" column="0" />
      </file>
      <file name="/builtins.py" timestamp="1552151779001">
        <mark key="[" line="0" column="0" />
      </file>
      <file name="$USER_HOME$/Exercise/Scala-projects/sbt_build/testspark/testspark.iml" timestamp="1547618383386">
        <mark key="[" line="8" column="9" />
      </file>
      <file name="$USER_HOME$/Exercise/Scala-projects/sbt_build/wordcount/build.sbt" timestamp="1547096072614">
        <mark key="'" line="0" column="0" />
        <mark key="[" line="7" column="0" />
        <mark key="]" line="7" column="0" />
        <mark key="^" line="6" column="82" />
        <mark key="." line="7" column="0" />
      </file>
      <file name="/Clipboard.txt" timestamp="1547558715762">
        <mark key="[" line="0" column="0" />
      </file>
      <file name="/sparktest" timestamp="1547879603152">
        <mark key="[" line="0" column="0" />
      </file>
      <file name="/fragment.java" timestamp="1549284040232">
        <mark key="[" line="0" column="0" />
      </file>
      <file name="$USER_HOME$/Exercise/Scala-projects/sbt_build/wordCounts/build.sbt" timestamp="1547020286030">
        <mark key="[" line="6" column="77" />
        <mark key="]" line="6" column="77" />
        <mark key="^" line="6" column="77" />
        <mark key="." line="6" column="77" />
      </file>
      <file name="$USER_HOME$/0_Exercise/Scala-projects/sbt_build/myspark/src/main/scala/wordCount/wordCount.scala" timestamp="1547881918195">
        <mark key="'" line="0" column="0" />
        <mark key="[" line="0" column="0" />
        <mark key="]" line="0" column="0" />
        <mark key="." line="0" column="0" />
      </file>
    </filemarks>
    <jumps>
      <jump line="0" column="0" filename="$USER_HOME$/Exercise/Scala-projects/Spark/src/main/scala/cn/alanding/MyRouteBuilder.scala" />
      <jump line="20" column="0" filename="$USER_HOME$/Exercise/Scala-projects/Spark/src/main/scala/cn/alanding/MyRouteBuilder.scala" />
      <jump line="23" column="0" filename="$USER_HOME$/Exercise/Scala-projects/sbt_build/wordcount/testspark.py" />
      <jump line="3" column="0" filename="$USER_HOME$/Exercise/Scala-projects/sbt_build/wordcount/testspark.py" />
      <jump line="10" column="0" filename="$USER_HOME$/Exercise/Scala-projects/sbt_build/wordcount/testspark.py" />
      <jump line="0" column="0" filename="$USER_HOME$/Exercise/Scala-projects/sbt_build/wordcount/testspark.py" />
      <jump line="21" column="0" filename="$USER_HOME$/Exercise/Scala-projects/sbt_build/wordcount/testspark.py" />
      <jump line="22" column="0" filename="$USER_HOME$/Exercise/Scala-projects/sbt_build/wordcount/testspark.py" />
      <jump line="18" column="0" filename="$USER_HOME$/Exercise/Scala-projects/sbt_build/wordcount/testspark.py" />
      <jump line="19" column="0" filename="$USER_HOME$/Exercise/Scala-projects/sbt_build/wordcount/testspark.py" />
      <jump line="20" column="6" filename="$USER_HOME$/Exercise/Scala-projects/sbt_build/wordcount/testspark.py" />
      <jump line="17" column="6" filename="$USER_HOME$/Exercise/Scala-projects/sbt_build/wordcount/testspark.py" />
      <jump line="14" column="0" filename="$USER_HOME$/Exercise/Scala-projects/sbt_build/wordcount/testspark.py" />
      <jump line="16" column="0" filename="$USER_HOME$/Exercise/Scala-projects/sbt_build/wordcount/testspark.py" />
      <jump line="15" column="29" filename="$USER_HOME$/Exercise/Scala-projects/sbt_build/wordcount/testspark.py" />
      <jump line="77" column="7" filename="$USER_HOME$/.ivy2/cache/org.scala-lang/scala-library/srcs/scala-library-2.12.8-sources.jar!/scala/App.scala" />
      <jump line="50" column="6" filename="$USER_HOME$/.ivy2/cache/org.scala-lang/scala-library/srcs/scala-library-2.12.8-sources.jar!/scala/DelayedInit.scala" />
      <jump line="13" column="0" filename="$USER_HOME$/Exercise/Scala-projects/sbt_build/wordcount/src/main/scala/TestSpark.scala" />
      <jump line="72" column="6" filename="$USER_HOME$/.ivy2/cache/org.apache.spark/spark-core_2.11/srcs/spark-core_2.11-2.4.0-sources.jar!/org/apache/spark/SparkContext.scala" />
      <jump line="378" column="6" filename="$USER_HOME$/.ivy2/cache/org.apache.spark/spark-core_2.11/srcs/spark-core_2.11-2.4.0-sources.jar!/org/apache/spark/rdd/RDD.scala" />
      <jump line="9" column="0" filename="$USER_HOME$/Exercise/Scala-projects/sbt_build/wordcount/build.sbt" />
      <jump line="7" column="0" filename="$USER_HOME$/Exercise/Scala-projects/sbt_build/wordcount/build.sbt" />
      <jump line="2" column="11" filename="$USER_HOME$/Exercise/Scala-projects/sbt_build/wordcount/src/main/scala/TestSpark.scala" />
      <jump line="247" column="6" filename="$USER_HOME$/.ivy2/cache/org.scala-lang/scala-library/srcs/scala-library-2.12.8-sources.jar!/scala/Array.scala" />
      <jump line="138" column="6" filename="$USER_HOME$/.ivy2/cache/org.apache.spark/spark-core_2.11/srcs/spark-core_2.11-2.4.0-sources.jar!/org/apache/spark/SparkContext.scala" />
      <jump line="25" column="21" filename="$USER_HOME$/.ivy2/cache/org.scala-lang/scala-library/srcs/scala-library-2.12.8-sources.jar!/scala/Byte.scala" />
      <jump line="27" column="18" filename="$USER_HOME$/.ivy2/cache/org.scala-lang/scala-library/srcs/scala-library-2.12.8-sources.jar!/scala/Byte.scala" />
      <jump line="8" column="7" filename="$USER_HOME$/Exercise/Scala-projects/sbt_build/wordcount/src/main/scala/TestSpark.scala" />
      <jump line="526" column="12" filename="$USER_HOME$/.ivy2/cache/org.scala-lang/scala-library/srcs/scala-library-2.12.8-sources.jar!/scala/Array.scala" />
      <jump line="5" column="4" filename="$USER_HOME$/Exercise/Scala-projects/sbt_build/wordcount/src/main/scala/TestSpark.scala" />
      <jump line="9" column="15" filename="$USER_HOME$/Exercise/Scala-projects/sbt_build/wordcount/src/main/scala/TestSpark.scala" />
      <jump line="4" column="4" filename="$USER_HOME$/Exercise/Scala-projects/sbt_build/wordcount/src/main/scala/TestSpark.scala" />
      <jump line="6" column="8" filename="$USER_HOME$/Exercise/Scala-projects/sbt_build/wordcount/src/main/scala/TestSpark.scala" />
      <jump line="7" column="17" filename="$USER_HOME$/Exercise/Scala-projects/sbt_build/wordcount/src/main/scala/TestSpark.scala" />
      <jump line="11" column="2" filename="$USER_HOME$/Exercise/Scala-projects/sbt_build/wordcount/src/main/scala/TestSpark.scala" />
      <jump line="0" column="0" filename="$USER_HOME$/Exercise/Scala-projects/sbt_build/wordcount/src/main/scala/TestSpark.scala" />
      <jump line="3" column="20" filename="$USER_HOME$/Exercise/Scala-projects/sbt_build/wordcount/src/main/scala/TestSpark.scala" />
      <jump line="15" column="0" filename="$USER_HOME$/Exercise/Scala-projects/sbt_build/wordcount/src/main/scala/TestSpark.scala" />
      <jump line="4" column="14" filename="$USER_HOME$/Exercise/Scala-projects/sbt_build/SBTExampleProject/src/test/scala/CubeCalculatorTest.scala" />
      <jump line="2" column="0" filename="$USER_HOME$/Exercise/Scala-projects/sbt_build/wordCounts/src/main/scala/wordCounts.scala" />
      <jump line="6" column="0" filename="$USER_HOME$/Exercise/Scala-projects/sbt_build/wordcount/build.sbt" />
      <jump line="0" column="0" filename="$USER_HOME$/Exercise/Scala-projects/sbt_build/wordcount/build.sbt" />
      <jump line="138" column="6" filename="$USER_HOME$/.ivy2/cache/org.apache.spark/spark-core_2.12/srcs/spark-core_2.12-2.4.0-sources.jar!/org/apache/spark/SparkContext.scala" />
      <jump line="7" column="19" filename="$USER_HOME$/Exercise/Scala-projects/sbt_build/wordcount/src/main/scala/wordCount.scala" />
      <jump line="12" column="0" filename="$USER_HOME$/Exercise/Scala-projects/sbt_build/wordcount/src/main/scala/wordCount.scala" />
      <jump line="13" column="0" filename="$USER_HOME$/Exercise/Scala-projects/sbt_build/wordcount/src/main/scala/wordCount.scala" />
      <jump line="11" column="1" filename="$USER_HOME$/Exercise/Scala-projects/sbt_build/wordcount/src/main/scala/wordCount.scala" />
      <jump line="8" column="11" filename="$USER_HOME$/Exercise/Scala-projects/sbt_build/wordcount/src/main/scala/wordCount.scala" />
      <jump line="9" column="0" filename="$USER_HOME$/Exercise/Scala-projects/sbt_build/wordcount/src/main/scala/wordCount.scala" />
      <jump line="17" column="3" filename="$USER_HOME$/Exercise/Scala-projects/sbt_build/mySpark/src/main/scala/wordCount/wordCount.scala" />
      <jump line="42" column="6" filename="$USER_HOME$/.ivy2/cache/org.scala-lang/scala-library/srcs/scala-library-2.12.8-sources.jar!/scala/App.scala" />
      <jump line="11" column="29" filename="$USER_HOME$/Exercise/Scala-projects/sbt_build/mySpark/src/main/scala/sparkWeb/learningSpark.scala" />
      <jump line="6" column="0" filename="$USER_HOME$/Exercise/Scala-projects/sbt_build/mySpark/src/main/scala/sparkWeb/learningSpark.scala" />
      <jump line="5" column="0" filename="$USER_HOME$/Exercise/Scala-projects/sbt_build/mySpark/src/main/scala/sparkWeb/learningSpark.scala" />
      <jump line="8" column="0" filename="$USER_HOME$/Exercise/Scala-projects/sbt_build/mySpark/src/main/scala/sparkWeb/learningSpark.scala" />
      <jump line="15" column="0" filename="$USER_HOME$/Exercise/Scala-projects/sbt_build/mySpark/src/main/scala/sparkWeb/learningSpark.scala" />
      <jump line="14" column="23" filename="$USER_HOME$/Exercise/Scala-projects/sbt_build/mySpark/src/main/scala/sparkWeb/learningSpark.scala" />
      <jump line="9" column="0" filename="$USER_HOME$/Exercise/Scala-projects/sbt_build/mySpark/src/main/scala/sparkWeb/learningSpark.scala" />
      <jump line="16" column="0" filename="$USER_HOME$/Exercise/Scala-projects/sbt_build/mySpark/src/main/scala/sparkWeb/learningSpark.scala" />
      <jump line="0" column="0" filename="$USER_HOME$/Exercise/Scala-projects/sbt_build/mySpark/src/main/scala/sparkWeb/learningSpark.scala" />
      <jump line="17" column="0" filename="$USER_HOME$/Exercise/Scala-projects/sbt_build/mySpark/src/main/scala/sparkWeb/learningSpark.scala" />
      <jump line="5" column="21" filename="$USER_HOME$/0_Exercise/Python-projects/pycharm/sparktest.py" />
      <jump line="8" column="2" filename="$USER_HOME$/0_Exercise/Python-projects/pycharm/sparktest.py" />
      <jump line="4" column="0" filename="$USER_HOME$/0_Exercise/Scala-projects/sbt_build/myspark/src/main/scala/wordCount/wordCount.scala" />
      <jump line="0" column="0" filename="$USER_HOME$/0_Exercise/Scala-projects/sbt_build/myspark/src/main/scala/wordCount/wordCount.scala" />
      <jump line="8" column="7" filename="$USER_HOME$/0_Dev/Python-projects/pycharm/wordcount/wordcount.iml" />
      <jump line="3748" column="17" filename="$USER_HOME$/.IdeaIC2018.3/system/python_stubs/-1687341626/builtins.py" />
      <jump line="4" column="2" filename="$USER_HOME$/0_Dev/Python-projects/pycharm/wordcount/wordcount.py" />
      <jump line="5" column="5" filename="$USER_HOME$/0_Dev/Python-projects/pycharm/wordcount/wordcount.iml" />
      <jump line="0" column="2" filename="$USER_HOME$/0_Dev/Python-projects/pycharm/wordcount/wordcount.iml" />
      <jump line="6" column="0" filename="$USER_HOME$/0_Dev/Python-projects/pycharm/wordcount/wordcount.iml" />
      <jump line="7" column="1" filename="$USER_HOME$/0_Dev/Python-projects/pycharm/wordcount/wordcount.py" />
      <jump line="12" column="0" filename="$USER_HOME$/0_Dev/Python-projects/pycharm/wordcount/wordcount.py" />
      <jump line="11" column="2" filename="$USER_HOME$/0_Dev/Python-projects/pycharm/wordcount/wordcount.py" />
      <jump line="10" column="0" filename="$USER_HOME$/0_Dev/Python-projects/pycharm/wordcount/wordcount.py" />
      <jump line="8" column="0" filename="$USER_HOME$/0_Dev/Python-projects/pycharm/wordcount/wordcount.py" />
      <jump line="9" column="0" filename="$USER_HOME$/0_Dev/Python-projects/pycharm/wordcount/wordcount.py" />
      <jump line="3" column="2" filename="$USER_HOME$/0_Dev/Python-projects/pycharm/wordcount/wordcount.py" />
      <jump line="0" column="0" filename="$USER_HOME$/0_Dev/Python-projects/pycharm/wordcount/wordcount.py" />
    </jumps>
    <registers>
      <register name="a" type="4">
        <text>kj</text>
      </register>
      <register name="&quot;" type="2">
        <text encoding="base64">Cg==</text>
      </register>
      <register name="d" type="4">
        <keys>
          <key char="65535" code="27" mods="0" />
          <key char="65535" code="27" mods="0" />
        </keys>
      </register>
      <register name="-" type="4">
        <text>o</text>
      </register>
      <register name="/" type="4">
        <text encoding="base64">XDxmcm9tXD4=</text>
      </register>
      <register name="0" type="2">
        <text encoding="base64">IyEgL3Vzci9iaW4vZW52IHAKcAo=</text>
      </register>
      <register name="1" type="2">
        <text encoding="base64">ZnJvbQo=</text>
      </register>
      <register name="q" type="4">
        <text />
      </register>
      <register name="2" type="4">
        <text encoding="base64">Cg==</text>
      </register>
      <register name="3" type="2">
        <text encoding="base64">cHl0aG9uCg==</text>
      </register>
      <register name="4" type="2">
        <text encoding="base64">cHl0aG9uCg==</text>
      </register>
      <register name="5" type="2">
        <text encoding="base64">IyEgL3Vzci9iaW4vZW52IHAK</text>
      </register>
      <register name="6" type="2">
        <text encoding="base64">cAo=</text>
      </register>
      <register name="7" type="2">
        <text encoding="base64">IyAgY29kaW5nOiB1dGYtOAo=</text>
      </register>
      <register name="w" type="4">
        <keys>
          <key char="39" code="0" mods="0" />
          <key char="39" code="0" mods="0" />
          <key char="119" code="0" mods="0" />
          <key char="39" code="0" mods="0" />
          <key char="39" code="0" mods="0" />
          <key char="119" code="0" mods="0" />
          <key char="39" code="0" mods="0" />
          <key char="39" code="0" mods="0" />
          <key char="119" code="0" mods="0" />
          <key char="39" code="0" mods="0" />
          <key char="39" code="0" mods="0" />
          <key char="119" code="0" mods="0" />
          <key char="39" code="0" mods="0" />
          <key char="39" code="0" mods="0" />
          <key char="119" code="0" mods="0" />
          <key char="39" code="0" mods="0" />
          <key char="39" code="0" mods="0" />
          <key char="119" code="0" mods="0" />
          <key char="39" code="0" mods="0" />
          <key char="39" code="0" mods="0" />
          <key char="119" code="0" mods="0" />
          <key char="39" code="0" mods="0" />
          <key char="39" code="0" mods="0" />
          <key char="119" code="0" mods="0" />
          <key char="39" code="0" mods="0" />
          <key char="39" code="0" mods="0" />
          <key char="119" code="0" mods="0" />
          <key char="39" code="0" mods="0" />
          <key char="39" code="0" mods="0" />
          <key char="119" code="0" mods="0" />
          <key char="39" code="0" mods="0" />
          <key char="39" code="0" mods="0" />
          <key char="119" code="0" mods="0" />
          <key char="39" code="0" mods="0" />
          <key char="39" code="0" mods="0" />
          <key char="119" code="0" mods="0" />
          <key char="39" code="0" mods="0" />
          <key char="39" code="0" mods="0" />
          <key char="119" code="0" mods="0" />
          <key char="39" code="0" mods="0" />
          <key char="39" code="0" mods="0" />
          <key char="119" code="0" mods="0" />
          <key char="58" code="0" mods="0" />
          <key char="97" code="0" mods="0" />
          <key char="99" code="0" mods="0" />
          <key char="116" code="0" mods="0" />
          <key char="105" code="0" mods="0" />
          <key char="111" code="0" mods="0" />
          <key char="110" code="0" mods="0" />
          <key char="32" code="0" mods="0" />
          <key char="79" code="0" mods="0" />
          <key char="112" code="0" mods="0" />
          <key char="101" code="0" mods="0" />
          <key char="110" code="0" mods="0" />
          <key char="70" code="0" mods="0" />
          <key char="105" code="0" mods="0" />
          <key char="108" code="0" mods="0" />
          <key char="101" code="0" mods="0" />
          <key char="97" code="0" mods="0" />
          <key char="99" code="0" mods="0" />
          <key char="116" code="0" mods="0" />
          <key char="105" code="0" mods="0" />
          <key char="111" code="0" mods="0" />
          <key char="110" code="0" mods="0" />
          <key char="32" code="0" mods="0" />
          <key char="79" code="0" mods="0" />
          <key char="112" code="0" mods="0" />
          <key char="101" code="0" mods="0" />
          <key char="110" code="0" mods="0" />
          <key char="70" code="0" mods="0" />
          <key char="105" code="0" mods="0" />
          <key char="108" code="0" mods="0" />
          <key char="101" code="0" mods="0" />
          <key char="65535" code="10" mods="0" />
          <key char="111" code="0" mods="0" />
          <key char="117" code="0" mods="0" />
          <key char="65535" code="27" mods="0" />
          <key char="117" code="0" mods="0" />
          <key char="117" code="0" mods="0" />
          <key char="117" code="0" mods="0" />
          <key char="106" code="0" mods="0" />
          <key char="106" code="0" mods="0" />
          <key char="58" code="0" mods="0" />
          <key char="110" code="0" mods="0" />
          <key char="111" code="0" mods="0" />
          <key char="104" code="0" mods="0" />
          <key char="108" code="0" mods="0" />
          <key char="110" code="0" mods="0" />
          <key char="111" code="0" mods="0" />
          <key char="104" code="0" mods="0" />
          <key char="108" code="0" mods="0" />
          <key char="65535" code="10" mods="0" />
          <key char="108" code="0" mods="0" />
          <key char="107" code="0" mods="0" />
          <key char="58" code="0" mods="0" />
          <key char="97" code="0" mods="0" />
          <key char="99" code="0" mods="0" />
          <key char="116" code="0" mods="0" />
          <key char="105" code="0" mods="0" />
          <key char="111" code="0" mods="0" />
          <key char="110" code="0" mods="0" />
          <key char="32" code="0" mods="0" />
          <key char="79" code="0" mods="0" />
          <key char="112" code="0" mods="0" />
          <key char="101" code="0" mods="0" />
          <key char="110" code="0" mods="0" />
          <key char="70" code="0" mods="0" />
          <key char="105" code="0" mods="0" />
          <key char="108" code="0" mods="0" />
          <key char="101" code="0" mods="0" />
          <key char="97" code="0" mods="0" />
          <key char="99" code="0" mods="0" />
          <key char="116" code="0" mods="0" />
          <key char="105" code="0" mods="0" />
          <key char="111" code="0" mods="0" />
          <key char="110" code="0" mods="0" />
          <key char="32" code="0" mods="0" />
          <key char="79" code="0" mods="0" />
          <key char="112" code="0" mods="0" />
          <key char="101" code="0" mods="0" />
          <key char="110" code="0" mods="0" />
          <key char="70" code="0" mods="0" />
          <key char="105" code="0" mods="0" />
          <key char="108" code="0" mods="0" />
          <key char="101" code="0" mods="0" />
          <key char="65535" code="10" mods="0" />
          <key char="111" code="0" mods="0" />
          <key char="117" code="0" mods="0" />
          <key char="65535" code="27" mods="0" />
          <key char="117" code="0" mods="0" />
          <key char="117" code="0" mods="0" />
          <key char="117" code="0" mods="0" />
          <key char="111" code="0" mods="0" />
          <key char="65535" code="27" mods="0" />
          <key char="117" code="0" mods="0" />
          <key char="117" code="0" mods="0" />
          <key char="58" code="0" mods="0" />
          <key char="110" code="0" mods="0" />
          <key char="111" code="0" mods="0" />
          <key char="104" code="0" mods="0" />
          <key char="108" code="0" mods="0" />
          <key char="110" code="0" mods="0" />
          <key char="111" code="0" mods="0" />
          <key char="104" code="0" mods="0" />
          <key char="108" code="0" mods="0" />
          <key char="65535" code="10" mods="0" />
          <key char="108" code="0" mods="0" />
          <key char="115" code="0" mods="0" />
          <key char="65535" code="27" mods="0" />
          <key char="117" code="0" mods="0" />
          <key char="117" code="0" mods="0" />
          <key char="58" code="0" mods="0" />
          <key char="110" code="0" mods="0" />
          <key char="111" code="0" mods="0" />
          <key char="104" code="0" mods="0" />
          <key char="108" code="0" mods="0" />
          <key char="110" code="0" mods="0" />
          <key char="111" code="0" mods="0" />
          <key char="104" code="0" mods="0" />
          <key char="108" code="0" mods="0" />
          <key char="65535" code="10" mods="0" />
          <key char="108" code="0" mods="0" />
          <key char="65535" code="27" mods="0" />
          <key char="104" code="0" mods="0" />
          <key char="104" code="0" mods="0" />
          <key char="104" code="0" mods="0" />
          <key char="58" code="0" mods="0" />
          <key char="118" code="0" mods="0" />
          <key char="115" code="0" mods="0" />
          <key char="118" code="0" mods="0" />
          <key char="115" code="0" mods="0" />
          <key char="65535" code="10" mods="0" />
          <key char="118" code="0" mods="0" />
          <key char="76" code="0" mods="0" />
          <key char="65535" code="27" mods="0" />
          <key char="107" code="0" mods="0" />
          <key char="65535" code="87" mods="130" />
          <key char="65535" code="87" mods="130" />
          <key char="108" code="0" mods="0" />
          <key char="107" code="0" mods="0" />
          <key char="107" code="0" mods="0" />
          <key char="106" code="0" mods="0" />
          <key char="106" code="0" mods="0" />
        </keys>
      </register>
      <register name="8" type="2">
        <text encoding="base64">Cg==</text>
      </register>
      <register name="9" type="2">
        <text encoding="base64">IyEgL3Vzci9iaW4vZW52IHB5dGhvbgo=</text>
      </register>
      <register name=":" type="4">
        <text>source ~/.ideavimrc</text>
      </register>
    </registers>
    <search>
      <last-search encoding="base64">XDxmcm9tXD4=</last-search>
      <last-offset />
      <last-pattern encoding="base64">XDxmcm9tXD4=</last-pattern>
      <last-replace>a</last-replace>
      <last-substitute encoding="base64">XDxzYXZlQXNUZXh0RmlsZVw+</last-substitute>
      <last-dir>1</last-dir>
      <show-last>false</show-last>
    </search>
    <history>
      <history-search>
        <entry encoding="base64">XDxwcmludFw+</entry>
        <entry>s</entry>
        <entry>print</entry>
        <entry encoding="base64">XDxyZXN1bHRcPg==</entry>
        <entry>val</entry>
        <entry encoding="base64">XDx9XD4=</entry>
        <entry encoding="base64">XDxzYXZlQXNUZXh0RmlsZVw+</entry>
        <entry encoding="base64">XDxBdXRob3JcPg==</entry>
        <entry>author</entry>
        <entry encoding="base64">XDxweVw+</entry>
        <entry encoding="base64">XDxyeXNwYXJrXD4=</entry>
        <entry>python</entry>
        <entry encoding="base64">XDxmdWNrXD4=</entry>
        <entry encoding="base64">XDxweXRob25cPg==</entry>
        <entry encoding="base64">XDxmcm9tXD4=</entry>
      </history-search>
      <history-cmd>
        <entry>action DebugConfiguration</entry>
        <entry>action DebugMainMenu</entry>
        <entry>action GotoFile</entry>
        <entry>action GotoSuperMethod</entry>
        <entry>action GotoDeclaration</entry>
        <entry>action refactoringMenu</entry>
        <entry>action RefactoringMenu</entry>
        <entry>actionlist</entry>
        <entry>action ProjectViewPopupMenu</entry>
        <entry>action Replace</entry>
        <entry>action ReplaceInPath</entry>
        <entry>action ShowFilePath</entry>
        <entry>action NewDir</entry>
        <entry>action NewFile</entry>
        <entry>action Exit</entry>
        <entry>action ChooseDebugConfiguration</entry>
        <entry>action RunConfiguration</entry>
        <entry>action CommentByLineComment</entry>
        <entry>action ReformatCode</entry>
        <entry>source ~/.ideavimrc</entry>
      </history-cmd>
      <history-expr />
      <history-input />
    </history>
    <shortcut-conflicts>
      <shortcut-conflict owner="vim">
        <text>ctrl pressed V</text>
      </shortcut-conflict>
      <shortcut-conflict owner="vim">
        <text>ctrl pressed A</text>
      </shortcut-conflict>
      <shortcut-conflict owner="ide">
        <text>ctrl pressed P</text>
      </shortcut-conflict>
      <shortcut-conflict owner="vim">
        <text>ctrl pressed Q</text>
      </shortcut-conflict>
      <shortcut-conflict owner="vim">
        <text>ctrl pressed R</text>
      </shortcut-conflict>
      <shortcut-conflict owner="ide">
        <text>ctrl pressed S</text>
      </shortcut-conflict>
      <shortcut-conflict owner="vim">
        <text>ctrl pressed U</text>
      </shortcut-conflict>
      <shortcut-conflict owner="vim">
        <text>ctrl pressed B</text>
      </shortcut-conflict>
      <shortcut-conflict owner="vim">
        <text>ctrl pressed W</text>
      </shortcut-conflict>
      <shortcut-conflict owner="ide">
        <text>ctrl pressed N</text>
      </shortcut-conflict>
      <shortcut-conflict owner="vim">
        <text>ctrl pressed D</text>
      </shortcut-conflict>
      <shortcut-conflict owner="ide">
        <text>ctrl pressed O</text>
      </shortcut-conflict>
      <shortcut-conflict owner="vim">
        <text>ctrl pressed F</text>
      </shortcut-conflict>
      <shortcut-conflict owner="ide">
        <text>ctrl pressed OPEN_BRACKET</text>
      </shortcut-conflict>
      <shortcut-conflict owner="ide">
        <text>ctrl pressed G</text>
      </shortcut-conflict>
      <shortcut-conflict owner="ide">
        <text>ctrl pressed H</text>
      </shortcut-conflict>
      <shortcut-conflict owner="vim">
        <text>ctrl pressed CLOSE_BRACKET</text>
      </shortcut-conflict>
      <shortcut-conflict owner="ide">
        <text>ctrl pressed T</text>
      </shortcut-conflict>
      <shortcut-conflict owner="ide">
        <text>ctrl pressed I</text>
      </shortcut-conflict>
      <shortcut-conflict owner="vim">
        <text>ctrl pressed M</text>
      </shortcut-conflict>
      <shortcut-conflict owner="vim">
        <text>ctrl pressed E</text>
      </shortcut-conflict>
      <shortcut-conflict owner="ide">
        <text>ctrl pressed BACK_SLASH</text>
      </shortcut-conflict>
      <shortcut-conflict owner="vim">
        <text>ctrl pressed X</text>
      </shortcut-conflict>
      <shortcut-conflict owner="ide">
        <text>ctrl pressed Y</text>
      </shortcut-conflict>
      <shortcut-conflict owner="ide">
        <text>shift ctrl pressed 2</text>
      </shortcut-conflict>
      <shortcut-conflict owner="ide">
        <text>ctrl pressed 2</text>
      </shortcut-conflict>
      <shortcut-conflict owner="ide">
        <text>shift ctrl pressed 6</text>
      </shortcut-conflict>
      <shortcut-conflict owner="ide">
        <text>ctrl pressed J</text>
      </shortcut-conflict>
      <shortcut-conflict owner="ide">
        <text>ctrl pressed K</text>
      </shortcut-conflict>
      <shortcut-conflict owner="ide">
        <text>ctrl pressed L</text>
      </shortcut-conflict>
      <shortcut-conflict owner="ide">
        <text>alt pressed X</text>
      </shortcut-conflict>
    </shortcut-conflicts>
  </component>
</application>