<application>
  <component name="AppStorage">
    <histories>
      <item value="fuck" />
      <item value="fuck you" />
    </histories>
    <option name="languageScores">
      <map>
        <entry key="CHINESE" value="2" />
        <entry key="ENGLISH" value="2" />
      </map>
    </option>
  </component>
  <component name="Settings">
    <option name="disableAppKeyNotification" value="true" />
    <option name="ignoreRegExp" value="" />
    <option name="translator" value="ai.youdao" />
  </component>
</application>