<profile version="1.0">
  <option name="myName" value="AlanDing prefer-Inspections" />
  <inspection_tool class="Eslint" enabled="true" level="WARNING" enabled_by_default="true" />
  <inspection_tool class="GoUnhandledErrorResult" enabled="true" level="WARNING" enabled_by_default="true">
    <functions>
      <function importPath="fmt" name="Printf" />
      <function importPath="fmt" name="Errorf" />
      <function importPath="math/rand" name="Read" />
      <function importPath="fmt" name="Println" />
      <function importPath="fmt" name="Print" />
      <function importPath="learn-go/control_flow" name="Vals" />
      <function importPath="fmt" name="Scanln" />
    </functions>
  </inspection_tool>
  <inspection_tool class="PyInterpreterInspection" enabled="false" level="WARNING" enabled_by_default="false" />
  <inspection_tool class="PyPep8Inspection" enabled="true" level="WEAK WARNING" enabled_by_default="true">
    <option name="ignoredErrors">
      <list>
        <option value="E302" />
        <option value="W292" />
        <option value="E722" />
        <option value="E101" />
      </list>
    </option>
  </inspection_tool>
  <inspection_tool class="PyPep8NamingInspection" enabled="true" level="WEAK WARNING" enabled_by_default="true">
    <option name="ignoredErrors">
      <list>
        <option value="N802" />
        <option value="N803" />
        <option value="N806" />
      </list>
    </option>
  </inspection_tool>
  <inspection_tool class="PyUnresolvedReferencesInspection" enabled="true" level="WARNING" enabled_by_default="true">
    <option name="ignoredIdentifiers">
      <list>
        <option value="Datastructure.self" />
        <option value="pyspark" />
      </list>
    </option>
  </inspection_tool>
  <inspection_tool class="TsLint" enabled="true" level="WARNING" enabled_by_default="true" />
</profile>