<?xml version="1.0" encoding="UTF-8"?>
<beans xmlns="http://www.springframework.org/schema/beans"
    xmlns:xsi="http://www.w3.org/2001/XMLSchema-instance"
    xmlns:context="http://www.springframework.org/schema/context"
    xmlns:mvc="http://www.springframework.org/schema/mvc"
    xsi:schemaLocation="http://www.springframework.org/schema/beans http://www.springframework.org/schema/beans/spring-beans.xsd
			http://www.springframework.org/schema/context http://www.springframework.org/schema/context/spring-context.xsd
		    http://www.springframework.org/schema/mvc http://www.springframework.org/schema/mvc/spring-mvc.xsd">
    <!--  该配置文件用来配置路径对应方法加载，会被 web.xml读取，即被servlet读取 -->

    <!--    1.开启注解扫描：只扫描Controller组件-->
    <context:component-scan base-package="com._520it.crm" >
        <context:include-filter type="annotation" expression="org.springframework.stereotype.Controller"/>
    </context:component-scan>

    <!--    2.支持注解驱动-->
    <mvc:annotation-driven/>
    <!--    SpringMVC无法处理的静态资源请求交由Tomcat-->
    <mvc:default-servlet-handler/>

    <!--    3.视图解析器路径-->
    <bean class="org.springframework.web.servlet.view.InternalResourceViewResolver">
        <property name="prefix" value="/WEB-INF/views/"/>
        <property name="suffix" value=".jsp"/>
    </bean>

    <!--    4.配置拦截器-->
    <mvc:interceptors>
        <mvc:interceptor>
            <mvc:mapping path="/*"/>
            <!-- 排除拦截登录请求-->
            <mvc:exclude-mapping path="/login"/>
            <bean class="com._520it.crm.web.interceptor.LoginInterceptor"/>
        </mvc:interceptor>
    </mvc:interceptors>


    <!--    加载其他的配置文件-->
    <import resource="classpath:application.xml"/>

</beans>