<application>
  <component name="libraryTable">
    <library name="jdk1.8">
      <CLASSES />
      <JAVADOC />
      <SOURCES>
        <root url="file://$JDK_HOME$" />
        <root url="file://$JDK_HOME$/src" />
      </SOURCES>
      <jarDirectory url="file://$JDK_HOME$" recursive="false" type="SOURCES" />
    </library>
    <library name="Python 3.6 (py36) interpreter library">
      <CLASSES>
        <root url="file://$USER_HOME$/software/anaconda3/envs/py36/lib/python3.6" />
        <root url="file://$USER_HOME$/software/anaconda3/envs/py36/lib/python3.6/lib-dynload" />
        <root url="file://$USER_HOME$/software/anaconda3/envs/py36/lib/python3.6/site-packages" />
        <root url="jar://$USER_HOME$/software/anaconda3/envs/py36/lib/python3.6/site-packages/requests_html-0.9.0-py3.6.egg!/" />
        <root url="file://$USER_HOME$/software/anaconda3/envs/py36/lib/python3.6/site-packages/pyppeteer-0.0.25-py3.6.egg" />
        <root url="file://$USER_HOME$/software/anaconda3/envs/py36/lib/python3.6/site-packages/w3lib-1.19.0-py3.6.egg" />
        <root url="jar://$USER_HOME$/software/anaconda3/envs/py36/lib/python3.6/site-packages/bs4-0.0.1-py3.6.egg!/" />
        <root url="jar://$USER_HOME$/software/anaconda3/envs/py36/lib/python3.6/site-packages/parse-1.9.0-py3.6.egg!/" />
        <root url="file://$USER_HOME$/software/anaconda3/envs/py36/lib/python3.6/site-packages/fake_useragent-0.1.11-py3.6.egg" />
        <root url="file://$USER_HOME$/software/anaconda3/envs/py36/lib/python3.6/site-packages/pyquery-1.4.0-py3.6.egg" />
        <root url="file://$USER_HOME$/software/anaconda3/envs/py36/lib/python3.6/site-packages/requests-2.21.0-py3.6.egg" />
        <root url="file://$USER_HOME$/software/anaconda3/envs/py36/lib/python3.6/site-packages/tqdm-4.28.1-py3.6.egg" />
        <root url="file://$USER_HOME$/software/anaconda3/envs/py36/lib/python3.6/site-packages/urllib3-1.24.1-py3.6.egg" />
        <root url="jar://$USER_HOME$/software/anaconda3/envs/py36/lib/python3.6/site-packages/appdirs-1.4.3-py3.6.egg!/" />
        <root url="jar://$USER_HOME$/software/anaconda3/envs/py36/lib/python3.6/site-packages/websockets-7.0-py3.6-linux-x86_64.egg!/" />
        <root url="jar://$USER_HOME$/software/anaconda3/envs/py36/lib/python3.6/site-packages/pyee-5.0.0-py3.6.egg!/" />
        <root url="file://$USER_HOME$/software/anaconda3/envs/py36/lib/python3.6/site-packages/beautifulsoup4-4.6.3-py3.6.egg" />
        <root url="jar://$USER_HOME$/software/anaconda3/envs/py36/lib/python3.6/site-packages/cssselect-1.0.3-py3.6.egg!/" />
        <root url="file://$USER_HOME$/software/anaconda3/envs/py36/lib/python3.6/site-packages/lxml-4.2.5-py3.6-linux-x86_64.egg" />
        <root url="file://$USER_HOME$/software/anaconda3/envs/py36/lib/python3.6/site-packages/certifi-2018.11.29-py3.6.egg" />
        <root url="jar://$USER_HOME$/software/anaconda3/envs/py36/lib/python3.6/site-packages/idna-2.8-py3.6.egg!/" />
        <root url="jar://$USER_HOME$/software/anaconda3/envs/py36/lib/python3.6/site-packages/chardet-3.0.4-py3.6.egg!/" />
        <root url="file://$USER_HOME$/.IdeaIC2018.3/system/python_stubs/-1687341626" />
        <root url="file://$APPLICATION_PLUGINS_DIR$/python-ce/helpers/python-skeletons" />
        <root url="file://$APPLICATION_PLUGINS_DIR$/python-ce/helpers/typeshed/stdlib/3" />
        <root url="file://$APPLICATION_PLUGINS_DIR$/python-ce/helpers/typeshed/stdlib/2and3" />
        <root url="file://$APPLICATION_PLUGINS_DIR$/python-ce/helpers/typeshed/third_party/3" />
        <root url="file://$APPLICATION_PLUGINS_DIR$/python-ce/helpers/typeshed/third_party/2and3" />
      </CLASSES>
      <JAVADOC />
      <SOURCES>
        <root url="file://$USER_HOME$/software/anaconda3/envs/py36/lib/python3.6" />
        <root url="file://$USER_HOME$/software/anaconda3/envs/py36/lib/python3.6/lib-dynload" />
        <root url="file://$USER_HOME$/software/anaconda3/envs/py36/lib/python3.6/site-packages" />
        <root url="jar://$USER_HOME$/software/anaconda3/envs/py36/lib/python3.6/site-packages/requests_html-0.9.0-py3.6.egg!/" />
        <root url="file://$USER_HOME$/software/anaconda3/envs/py36/lib/python3.6/site-packages/pyppeteer-0.0.25-py3.6.egg" />
        <root url="file://$USER_HOME$/software/anaconda3/envs/py36/lib/python3.6/site-packages/w3lib-1.19.0-py3.6.egg" />
        <root url="jar://$USER_HOME$/software/anaconda3/envs/py36/lib/python3.6/site-packages/bs4-0.0.1-py3.6.egg!/" />
        <root url="jar://$USER_HOME$/software/anaconda3/envs/py36/lib/python3.6/site-packages/parse-1.9.0-py3.6.egg!/" />
        <root url="file://$USER_HOME$/software/anaconda3/envs/py36/lib/python3.6/site-packages/fake_useragent-0.1.11-py3.6.egg" />
        <root url="file://$USER_HOME$/software/anaconda3/envs/py36/lib/python3.6/site-packages/pyquery-1.4.0-py3.6.egg" />
        <root url="file://$USER_HOME$/software/anaconda3/envs/py36/lib/python3.6/site-packages/requests-2.21.0-py3.6.egg" />
        <root url="file://$USER_HOME$/software/anaconda3/envs/py36/lib/python3.6/site-packages/tqdm-4.28.1-py3.6.egg" />
        <root url="file://$USER_HOME$/software/anaconda3/envs/py36/lib/python3.6/site-packages/urllib3-1.24.1-py3.6.egg" />
        <root url="jar://$USER_HOME$/software/anaconda3/envs/py36/lib/python3.6/site-packages/appdirs-1.4.3-py3.6.egg!/" />
        <root url="jar://$USER_HOME$/software/anaconda3/envs/py36/lib/python3.6/site-packages/websockets-7.0-py3.6-linux-x86_64.egg!/" />
        <root url="jar://$USER_HOME$/software/anaconda3/envs/py36/lib/python3.6/site-packages/pyee-5.0.0-py3.6.egg!/" />
        <root url="file://$USER_HOME$/software/anaconda3/envs/py36/lib/python3.6/site-packages/beautifulsoup4-4.6.3-py3.6.egg" />
        <root url="jar://$USER_HOME$/software/anaconda3/envs/py36/lib/python3.6/site-packages/cssselect-1.0.3-py3.6.egg!/" />
        <root url="file://$USER_HOME$/software/anaconda3/envs/py36/lib/python3.6/site-packages/lxml-4.2.5-py3.6-linux-x86_64.egg" />
        <root url="file://$USER_HOME$/software/anaconda3/envs/py36/lib/python3.6/site-packages/certifi-2018.11.29-py3.6.egg" />
        <root url="jar://$USER_HOME$/software/anaconda3/envs/py36/lib/python3.6/site-packages/idna-2.8-py3.6.egg!/" />
        <root url="jar://$USER_HOME$/software/anaconda3/envs/py36/lib/python3.6/site-packages/chardet-3.0.4-py3.6.egg!/" />
        <root url="file://$USER_HOME$/.IdeaIC2018.3/system/python_stubs/-1687341626" />
        <root url="file://$APPLICATION_PLUGINS_DIR$/python-ce/helpers/python-skeletons" />
        <root url="file://$APPLICATION_PLUGINS_DIR$/python-ce/helpers/typeshed/stdlib/3" />
        <root url="file://$APPLICATION_PLUGINS_DIR$/python-ce/helpers/typeshed/stdlib/2and3" />
        <root url="file://$APPLICATION_PLUGINS_DIR$/python-ce/helpers/typeshed/third_party/3" />
        <root url="file://$APPLICATION_PLUGINS_DIR$/python-ce/helpers/typeshed/third_party/2and3" />
      </SOURCES>
    </library>
    <library name="scala-sdk-2.12.7" type="Scala">
      <properties>
        <compiler-classpath>
          <root url="file://$SBT_REPOSITORY$/org.scala-lang/scala-reflect/jars/scala-reflect-2.12.7.jar" />
          <root url="file://$SBT_REPOSITORY$/org.scala-lang/scala-reflect/jars/scala-reflect-2.12.8.jar" />
          <root url="file://$SBT_REPOSITORY$/org.scala-lang/scala-library/jars/scala-library-2.12.7.jar" />
          <root url="file://$SBT_REPOSITORY$/org.scala-lang/scala-library/jars/scala-library-2.12.8.jar" />
          <root url="file://$SBT_REPOSITORY$/org.scala-lang/scala-compiler/jars/scala-compiler-2.12.7.jar" />
          <root url="file://$SBT_REPOSITORY$/org.scala-lang/scala-compiler/jars/scala-compiler-2.12.8.jar" />
        </compiler-classpath>
      </properties>
      <CLASSES>
        <root url="jar://$SBT_REPOSITORY$/org.scala-lang/scala-reflect/jars/scala-reflect-2.12.7.jar!/" />
        <root url="jar://$SBT_REPOSITORY$/org.scala-lang/scala-reflect/jars/scala-reflect-2.12.8.jar!/" />
        <root url="jar://$SBT_REPOSITORY$/org.scala-lang/scala-library/jars/scala-library-2.12.7.jar!/" />
        <root url="jar://$SBT_REPOSITORY$/org.scala-lang/scala-library/jars/scala-library-2.12.8.jar!/" />
        <root url="jar://$SBT_REPOSITORY$/org.scala-lang/scala-reflect/srcs/scala-reflect-2.12.8-sources.jar!/" />
        <root url="jar://$SBT_REPOSITORY$/org.scala-lang/scala-library/srcs/scala-library-2.12.8-sources.jar!/" />
      </CLASSES>
      <JAVADOC>
        <root url="jar://$SBT_REPOSITORY$/org.scala-lang/scala-reflect/docs/scala-reflect-2.12.8-javadoc.jar!/" />
        <root url="jar://$SBT_REPOSITORY$/org.scala-lang/scala-library/docs/scala-library-2.12.8-javadoc.jar!/" />
      </JAVADOC>
      <SOURCES />
    </library>
  </component>
</application>