<application>
  <component name="ProjectJdkTable">
    <jdk version="2">
      <name value="Python 3.6 (py36)" />
      <type value="Python SDK" />
      <version value="Python 3.6.2" />
      <homePath value="$USER_HOME$/software/anaconda3/envs/py36/bin/python3.6" />
      <roots>
        <classPath>
          <root type="composite">
            <root url="file://$USER_HOME$/software/anaconda3/envs/py36/lib/python3.6" type="simple" />
            <root url="file://$USER_HOME$/software/anaconda3/envs/py36/lib/python3.6/lib-dynload" type="simple" />
            <root url="file://$USER_HOME$/software/anaconda3/envs/py36/lib/python3.6/site-packages" type="simple" />
            <root url="jar://$USER_HOME$/software/anaconda3/envs/py36/lib/python3.6/site-packages/requests_html-0.9.0-py3.6.egg!/" type="simple" />
            <root url="file://$USER_HOME$/software/anaconda3/envs/py36/lib/python3.6/site-packages/pyppeteer-0.0.25-py3.6.egg" type="simple" />
            <root url="file://$USER_HOME$/software/anaconda3/envs/py36/lib/python3.6/site-packages/w3lib-1.19.0-py3.6.egg" type="simple" />
            <root url="jar://$USER_HOME$/software/anaconda3/envs/py36/lib/python3.6/site-packages/bs4-0.0.1-py3.6.egg!/" type="simple" />
            <root url="jar://$USER_HOME$/software/anaconda3/envs/py36/lib/python3.6/site-packages/parse-1.9.0-py3.6.egg!/" type="simple" />
            <root url="file://$USER_HOME$/software/anaconda3/envs/py36/lib/python3.6/site-packages/fake_useragent-0.1.11-py3.6.egg" type="simple" />
            <root url="file://$USER_HOME$/software/anaconda3/envs/py36/lib/python3.6/site-packages/pyquery-1.4.0-py3.6.egg" type="simple" />
            <root url="file://$USER_HOME$/software/anaconda3/envs/py36/lib/python3.6/site-packages/requests-2.21.0-py3.6.egg" type="simple" />
            <root url="file://$USER_HOME$/software/anaconda3/envs/py36/lib/python3.6/site-packages/tqdm-4.28.1-py3.6.egg" type="simple" />
            <root url="file://$USER_HOME$/software/anaconda3/envs/py36/lib/python3.6/site-packages/urllib3-1.24.1-py3.6.egg" type="simple" />
            <root url="jar://$USER_HOME$/software/anaconda3/envs/py36/lib/python3.6/site-packages/appdirs-1.4.3-py3.6.egg!/" type="simple" />
            <root url="jar://$USER_HOME$/software/anaconda3/envs/py36/lib/python3.6/site-packages/websockets-7.0-py3.6-linux-x86_64.egg!/" type="simple" />
            <root url="jar://$USER_HOME$/software/anaconda3/envs/py36/lib/python3.6/site-packages/pyee-5.0.0-py3.6.egg!/" type="simple" />
            <root url="file://$USER_HOME$/software/anaconda3/envs/py36/lib/python3.6/site-packages/beautifulsoup4-4.6.3-py3.6.egg" type="simple" />
            <root url="jar://$USER_HOME$/software/anaconda3/envs/py36/lib/python3.6/site-packages/cssselect-1.0.3-py3.6.egg!/" type="simple" />
            <root url="file://$USER_HOME$/software/anaconda3/envs/py36/lib/python3.6/site-packages/lxml-4.2.5-py3.6-linux-x86_64.egg" type="simple" />
            <root url="file://$USER_HOME$/software/anaconda3/envs/py36/lib/python3.6/site-packages/certifi-2018.11.29-py3.6.egg" type="simple" />
            <root url="jar://$USER_HOME$/software/anaconda3/envs/py36/lib/python3.6/site-packages/idna-2.8-py3.6.egg!/" type="simple" />
            <root url="jar://$USER_HOME$/software/anaconda3/envs/py36/lib/python3.6/site-packages/chardet-3.0.4-py3.6.egg!/" type="simple" />
            <root url="file://$USER_HOME$/software/anaconda3/envs/py36/lib/python3.6/site-packages/Powerline_font_patcher-beta-py3.6.egg" type="simple" />
            <root url="file://$USER_HOME$/software/anaconda3/envs/py36/lib/python3.6/site-packages/mccabe-0.6.1-py3.6.egg" type="simple" />
            <root url="file://$USER_HOME$/.PyCharmCE2018.3/system/python_stubs/-1687341626" type="simple" />
            <root url="file://$APPLICATION_HOME_DIR$/helpers/python-skeletons" type="simple" />
            <root url="file://$APPLICATION_HOME_DIR$/helpers/typeshed/stdlib/3" type="simple" />
            <root url="file://$APPLICATION_HOME_DIR$/helpers/typeshed/stdlib/2and3" type="simple" />
            <root url="file://$APPLICATION_HOME_DIR$/helpers/typeshed/third_party/3" type="simple" />
            <root url="file://$APPLICATION_HOME_DIR$/helpers/typeshed/third_party/2and3" type="simple" />
          </root>
        </classPath>
        <sourcePath>
          <root type="composite" />
        </sourcePath>
      </roots>
      <additional />
    </jdk>
    <jdk version="2">
      <name value="1.8" />
      <type value="JavaSDK" />
      <version value="java version &quot;1.8.0_191&quot;" />
      <homePath value="$JDK_HOME$" />
      <roots>
        <classPath>
          <root type="composite">
            <root url="jar://$JRE_HOME$/lib/charsets.jar!/" type="simple" />
            <root url="jar://$JRE_HOME$/lib/deploy.jar!/" type="simple" />
            <root url="jar://$JRE_HOME$/lib/ext/cldrdata.jar!/" type="simple" />
            <root url="jar://$JRE_HOME$/lib/ext/dnsns.jar!/" type="simple" />
            <root url="jar://$JRE_HOME$/lib/ext/jaccess.jar!/" type="simple" />
            <root url="jar://$JRE_HOME$/lib/ext/jfxrt.jar!/" type="simple" />
            <root url="jar://$JRE_HOME$/lib/ext/localedata.jar!/" type="simple" />
            <root url="jar://$JRE_HOME$/lib/ext/nashorn.jar!/" type="simple" />
            <root url="jar://$JRE_HOME$/lib/ext/sunec.jar!/" type="simple" />
            <root url="jar://$JRE_HOME$/lib/ext/sunjce_provider.jar!/" type="simple" />
            <root url="jar://$JRE_HOME$/lib/ext/sunpkcs11.jar!/" type="simple" />
            <root url="jar://$JRE_HOME$/lib/ext/zipfs.jar!/" type="simple" />
            <root url="jar://$JRE_HOME$/lib/javaws.jar!/" type="simple" />
            <root url="jar://$JRE_HOME$/lib/jce.jar!/" type="simple" />
            <root url="jar://$JRE_HOME$/lib/jfr.jar!/" type="simple" />
            <root url="jar://$JRE_HOME$/lib/jfxswt.jar!/" type="simple" />
            <root url="jar://$JRE_HOME$/lib/jsse.jar!/" type="simple" />
            <root url="jar://$JRE_HOME$/lib/management-agent.jar!/" type="simple" />
            <root url="jar://$JRE_HOME$/lib/plugin.jar!/" type="simple" />
            <root url="jar://$JRE_HOME$/lib/resources.jar!/" type="simple" />
            <root url="jar://$JRE_HOME$/lib/rt.jar!/" type="simple" />
          </root>
        </classPath>
        <sourcePath>
          <root type="composite">
            <root url="jar://$JDK_HOME$/src.zip!/" type="simple" />
            <root url="jar://$JDK_HOME$/javafx-src.zip!/" type="simple" />
          </root>
        </sourcePath>
      </roots>
      <additional />
    </jdk>
    <jdk version="2">
      <name value="Python 3.6" />
      <type value="Python SDK" />
      <version value="Python 3.6.5" />
      <homePath value="/usr/bin/python3.6" />
      <roots>
        <classPath>
          <root type="composite">
            <root url="file:///usr/lib/python3.6" type="simple" />
            <root url="file:///usr/lib/python3.6/lib-dynload" type="simple" />
            <root url="file:///usr/local/lib/python3.6/dist-packages" type="simple" />
            <root url="file:///usr/lib/python3/dist-packages" type="simple" />
            <root url="file://$USER_HOME$/.PyCharmCE2018.3/system/python_stubs/-1247971763" type="simple" />
            <root url="file://$APPLICATION_HOME_DIR$/helpers/python-skeletons" type="simple" />
            <root url="file://$APPLICATION_HOME_DIR$/helpers/typeshed/stdlib/3" type="simple" />
            <root url="file://$APPLICATION_HOME_DIR$/helpers/typeshed/stdlib/2and3" type="simple" />
            <root url="file://$APPLICATION_HOME_DIR$/helpers/typeshed/third_party/3" type="simple" />
            <root url="file://$APPLICATION_HOME_DIR$/helpers/typeshed/third_party/2and3" type="simple" />
          </root>
        </classPath>
        <sourcePath>
          <root type="composite" />
        </sourcePath>
      </roots>
      <additional />
    </jdk>
  </component>
</application>