<application>
  <component name="NBMindMapPlugin">
    <option name="storage">
      <map>
        <entry key="collapsatorBackgroundColor@" value="-1" />
        <entry key="collapsatorBorderColor@" value="-12566464" />
        <entry key="collapsatorBorderWidth" value="1065353216" />
        <entry key="collapsatorSize" value="16" />
        <entry key="connectorColor@" value="-1" />
        <entry key="connectorWidth" value="1069547520" />
        <entry key="drawBackground" value="true" />
        <entry key="dropShadow" value="true" />
        <entry key="elementBorderColor@" value="-16777216" />
        <entry key="elementBorderWidth" value="1065353216" />
        <entry key="firstLevelBackgroundColor@" value="-5128244" />
        <entry key="firstLevelHorizontalInset" value="48" />
        <entry key="firstLevelTextColor@" value="-16777216" />
        <entry key="firstLevelVerticalInset" value="32" />
        <entry key="font@" value="Dialog:1:18" />
        <entry key="gridColor@" value="-12364185" />
        <entry key="gridStep" value="32" />
        <entry key="horizontalBlockGap" value="5" />
        <entry key="jumpLinkColor@" value="-16711681" />
        <entry key="jumpLinkWidth" value="1069547520" />
        <entry key="otherLevelBackgroundColor@" value="-131587" />
        <entry key="otherLevelHorizontalInset" value="32" />
        <entry key="otherLevelTextColor@" value="-16777216" />
        <entry key="otherLevelVerticalInset" value="16" />
        <entry key="paperColor@" value="-10388588" />
        <entry key="paperMargins" value="20" />
        <entry key="renderQuality@" value="DEFAULT" />
        <entry key="rootBackgroundColor@" value="-16573903" />
        <entry key="rootTextColor@" value="-1" />
        <entry key="scale" value="4607182418800017408" />
        <entry key="scaleModifiers" value="2" />
        <entry key="selectLineColor@" value="-14336" />
        <entry key="selectLineGap" value="5" />
        <entry key="selectLineWidth" value="1077936128" />
        <entry key="shadowColor@" value="805306368" />
        <entry key="shadowOffset" value="1084227584" />
        <entry key="showGrid" value="true" />
        <entry key="textMargins" value="10" />
      </map>
    </option>
  </component>
</application>