<application>
  <component name="PathMacrosImpl">
    <macro name="JAVA_HOME" value="/opt/spark/java/jdk1.8.0_191" />
    <macro name="JDK_HOME" value="/opt/spark/java/jdk1.8.0_191" />
    <macro name="JRE_HOME" value="/opt/spark/java/jdk1.8.0_191/jre" />
    <macro name="KOTLIN_BUNDLED" value="/opt/idea-IC-183.4886.37/plugins/Kotlin/kotlinc" />
    <macro name="MAVEN_REPOSITORY" value="/home/alanding/.m2/repository" />
    <macro name="SBT_REPOSITORY" value="/home/alanding/.sbt/ivy2/cache" />
  </component>
</application>