<application>
  <component name="ProjectManager">
    <defaultProject>
      <component name="CodeInsightWorkspaceSettings">
        <option name="optimizeImportsOnTheFly" value="true" />
      </component>
      <component name="Encoding" addBOMForNewFiles="with NO BOM" />
      <component name="InspectionProjectProfileManager">
        <option name="PROJECT_PROFILE" value="AlanDing prefer-Inspections" />
        <option name="USE_PROJECT_PROFILE" value="false" />
        <version value="1.0" />
      </component>
      <component name="MavenImportPreferences">
        <option name="generalSettings">
          <MavenGeneralSettings>
            <option name="localRepository" value="$MAVEN_REPOSITORY$" />
            <option name="mavenHome" value="/opt/spark/maven-3.6.0" />
            <option name="userSettingsFile" value="$USER_HOME$/.m2/settings.xml" />
          </MavenGeneralSettings>
        </option>
        <option name="importingSettings">
          <MavenImportingSettings>
            <option name="downloadDocsAutomatically" value="true" />
            <option name="importAutomatically" value="true" />
          </MavenImportingSettings>
        </option>
      </component>
      <component name="MavenRunner">
        <option name="jreName" value="#JAVA_HOME" />
        <option name="vmOptions" value="-Dfile.encoding=UTF8 -Xms128m -Xmx512M -Duser.language=zh -Xss2M -XX:+CMSClassUnloadingEnabled" />
      </component>
      <component name="MypyConfigService">
        <option name="mypyConfigFilePath" value="$USER_HOME$/.vim/extools/conf/flake8.conf" />
      </component>
      <component name="ProjectDictionaryState">
        <dictionary name="alanding" />
        <dictionary name="hasee" />
      </component>
      <component name="ProjectInspectionProfilesVisibleTreeState">
        <entry key="Project Default">
          <profile-state>
            <expanded-state>
              <State />
            </expanded-state>
            <selected-state>
              <State>
                <id>Buildout</id>
              </State>
            </selected-state>
          </profile-state>
        </entry>
      </component>
      <component name="ProjectRootManager" version="2" project-jdk-name="Python 3.6 (py36)" project-jdk-type="Python SDK" />
      <component name="PropertiesComponent">
        <property name="Downloaded.Files.Path.Enabled" value="false" />
        <property name="Repository.Attach.Annotations" value="false" />
        <property name="Repository.Attach.JavaDocs" value="false" />
        <property name="Repository.Attach.Sources" value="false" />
        <property name="last_opened_file_path" value="$JDK_HOME$" />
        <property name="project.structure.last.edited" value="Problems" />
        <property name="project.structure.proportion" value="0.15" />
        <property name="project.structure.side.proportion" value="0.3557402" />
        <property name="settings.editor.selected.configurable" value="com.jetbrains.python.configuration.PyActiveSdkModuleConfigurable" />
      </component>
      <component name="PyConsoleOptionsProvider">
        <option name="myPythonConsoleState">
          <console-settings sdk-home="$USER_HOME$/software/anaconda3/envs/py36/bin/python3.6">
            <envs>
              <env key="JAVA_HOME" value="/opt/lang-tools/java/jdk" />
              <env key="PYSPARK_PYTHON" value="$USER_HOME$/software/anaconda3/envs/py36/bin/python3.6" />
            </envs>
            <option name="mySdkHome" value="$USER_HOME$/software/anaconda3/envs/py36/bin/python3.6" />
            <option name="myEnvs">
              <map>
                <entry key="JAVA_HOME" value="/opt/lang-tools/java/jdk" />
                <entry key="PYSPARK_PYTHON" value="$USER_HOME$/software/anaconda3/envs/py36/bin/python3.6" />
              </map>
            </option>
          </console-settings>
        </option>
        <option name="myUseExistingConsole" value="true" />
      </component>
      <component name="PyDebuggerOptionsProvider">
        <option name="mySaveCallSignatures" value="true" />
      </component>
      <component name="PylintConfigService">
        <option name="pylintrcPath" value="$USER_HOME$/.vim/extools/conf/pylint.conf" />
      </component>
      <component name="RemoteRepositoriesConfiguration">
        <remote-repository>
          <option name="id" value="central" />
          <option name="name" value="Maven Central repository" />
          <option name="url" value="https://repo1.maven.org/maven2" />
        </remote-repository>
        <remote-repository>
          <option name="id" value="jboss.community" />
          <option name="name" value="JBoss Community repository" />
          <option name="url" value="https://repository.jboss.org/nexus/content/repositories/public/" />
        </remote-repository>
        <remote-repository>
          <option name="id" value="5a97b875-63db-405a-b6d2-652002217971" />
          <option name="name" value="5a97b875-63db-405a-b6d2-652002217971" />
          <option name="url" value="http://maven.aliyun.com/nexus/content/groups/public" />
        </remote-repository>
      </component>
      <component name="RunDashboard">
        <option name="ruleStates">
          <list>
            <RuleState>
              <option name="name" value="ConfigurationTypeDashboardGroupingRule" />
            </RuleState>
            <RuleState>
              <option name="name" value="StatusDashboardGroupingRule" />
            </RuleState>
          </list>
        </option>
      </component>
      <component name="SbtLocalSettings">
        <option name="projectSyncType">
          <map>
            <entry key="$USER_HOME$/0_Exercise/Scala-projects/sbt_build/myspark" value="PREVIEW" />
            <entry key="$USER_HOME$/0_Exercise/Scala-projects/sbt_build/myspark (copy)" value="PREVIEW" />
            <entry key="$USER_HOME$/Exercise/Scala-projects/sbt_build/SBTExampleProject" value="PREVIEW" />
            <entry key="$USER_HOME$/Exercise/Scala-projects/sbt_build/mySpark" value="PREVIEW" />
            <entry key="$USER_HOME$/Exercise/Scala-projects/sbt_build/wordcount" value="PREVIEW" />
          </map>
        </option>
      </component>
      <component name="ScalaProjectSettings">
        <option name="intInjectionMapping">
          <map>
            <entry key="xml" value="XML" />
          </map>
        </option>
      </component>
      <component name="ScalaSbtSettings">
        <option name="customLauncherEnabled" value="true" />
        <option name="customLauncherPath" value="/opt/spark/scala/sbt/bin/sbt-launch.jar" />
        <option name="customVMEnabled" value="true" />
        <option name="customVMPath" value="$JRE_HOME$" />
        <option name="vmParameters" value="-Dsbt.global.base=/home/alanding/.sbt -Dsbt.boot.directory=/home/alanding/.sbt/boot/ -Dsbt.repository.config=/home/alanding/.sbt/repositories -Dsbt.ivy.home=/home/alanding/.sbt/ivy2 -Dsbt.log.format=true -Dsbt.override.build.repos=true -Dfile.encoding=UTF8 -Xms128m -Xmx512M -Duser.language=zh -Xss2M -XX:+CMSClassUnloadingEnabled" />
      </component>
      <component name="SvnConfiguration">
        <configuration>$USER_HOME$/.subversion</configuration>
      </component>
      <component name="masterDetails">
        <states>
          <state key="GlobalLibrariesConfigurable.UI">
            <settings>
              <last-edited>jdk1.8</last-edited>
              <splitter-proportions>
                <option name="proportions">
                  <list>
                    <option value="0.3557402" />
                  </list>
                </option>
              </splitter-proportions>
            </settings>
          </state>
          <state key="JdkListConfigurable.UI">
            <settings>
              <last-edited>1.8</last-edited>
              <splitter-proportions>
                <option name="proportions">
                  <list>
                    <option value="0.3557402" />
                  </list>
                </option>
              </splitter-proportions>
            </settings>
          </state>
          <state key="ProjectJDKs.UI">
            <settings>
              <last-edited>1.8</last-edited>
              <splitter-proportions>
                <option name="proportions">
                  <list>
                    <option value="0.2" />
                  </list>
                </option>
              </splitter-proportions>
            </settings>
          </state>
          <state key="ProjectLibrariesConfigurable.UI">
            <settings>
              <last-edited>jdk1.8</last-edited>
              <splitter-proportions>
                <option name="proportions">
                  <list>
                    <option value="0.3557402" />
                  </list>
                </option>
              </splitter-proportions>
            </settings>
          </state>
          <state key="ScopeChooserConfigurable.UI">
            <settings>
              <splitter-proportions>
                <option name="proportions">
                  <list>
                    <option value="0.2" />
                  </list>
                </option>
              </splitter-proportions>
            </settings>
          </state>
        </states>
      </component>
    </defaultProject>
  </component>
</application>