<application>
  <component name="TipsStore">
    <option name="globalFirstStartUp" value="false" />
    <entry projectName="CRM项目" firstStartUp="false" />
    <entry projectName="crm" firstStartUp="false" />
    <entry projectName="designpattern" firstStartUp="false" />
    <entry projectName="hutool" firstStartUp="false" />
    <entry projectName="mycrm" firstStartUp="false" />
    <entry projectName="spring-boot-base" firstStartUp="false" />
    <entry projectName="spring-framework" firstStartUp="false" />
    <entry projectName="test" firstStartUp="false" />
  </component>
</application>