<application>
  <component name="libraryTable">
    <library name="Python 3.6 (py36) interpreter library">
      <CLASSES>
        <root url="file://$USER_HOME$/software/anaconda3/envs/py36/lib/python3.6" />
        <root url="file://$USER_HOME$/software/anaconda3/envs/py36/lib/python3.6/lib-dynload" />
        <root url="file://$USER_HOME$/software/anaconda3/envs/py36/lib/python3.6/site-packages" />
        <root url="jar://$USER_HOME$/software/anaconda3/envs/py36/lib/python3.6/site-packages/requests_html-0.9.0-py3.6.egg!/" />
        <root url="file://$USER_HOME$/software/anaconda3/envs/py36/lib/python3.6/site-packages/pyppeteer-0.0.25-py3.6.egg" />
        <root url="file://$USER_HOME$/software/anaconda3/envs/py36/lib/python3.6/site-packages/w3lib-1.19.0-py3.6.egg" />
        <root url="jar://$USER_HOME$/software/anaconda3/envs/py36/lib/python3.6/site-packages/bs4-0.0.1-py3.6.egg!/" />
        <root url="jar://$USER_HOME$/software/anaconda3/envs/py36/lib/python3.6/site-packages/parse-1.9.0-py3.6.egg!/" />
        <root url="file://$USER_HOME$/software/anaconda3/envs/py36/lib/python3.6/site-packages/fake_useragent-0.1.11-py3.6.egg" />
        <root url="file://$USER_HOME$/software/anaconda3/envs/py36/lib/python3.6/site-packages/pyquery-1.4.0-py3.6.egg" />
        <root url="file://$USER_HOME$/software/anaconda3/envs/py36/lib/python3.6/site-packages/requests-2.21.0-py3.6.egg" />
        <root url="file://$USER_HOME$/software/anaconda3/envs/py36/lib/python3.6/site-packages/tqdm-4.28.1-py3.6.egg" />
        <root url="file://$USER_HOME$/software/anaconda3/envs/py36/lib/python3.6/site-packages/urllib3-1.24.1-py3.6.egg" />
        <root url="jar://$USER_HOME$/software/anaconda3/envs/py36/lib/python3.6/site-packages/appdirs-1.4.3-py3.6.egg!/" />
        <root url="jar://$USER_HOME$/software/anaconda3/envs/py36/lib/python3.6/site-packages/websockets-7.0-py3.6-linux-x86_64.egg!/" />
        <root url="jar://$USER_HOME$/software/anaconda3/envs/py36/lib/python3.6/site-packages/pyee-5.0.0-py3.6.egg!/" />
        <root url="file://$USER_HOME$/software/anaconda3/envs/py36/lib/python3.6/site-packages/beautifulsoup4-4.6.3-py3.6.egg" />
        <root url="jar://$USER_HOME$/software/anaconda3/envs/py36/lib/python3.6/site-packages/cssselect-1.0.3-py3.6.egg!/" />
        <root url="file://$USER_HOME$/software/anaconda3/envs/py36/lib/python3.6/site-packages/lxml-4.2.5-py3.6-linux-x86_64.egg" />
        <root url="file://$USER_HOME$/software/anaconda3/envs/py36/lib/python3.6/site-packages/certifi-2018.11.29-py3.6.egg" />
        <root url="jar://$USER_HOME$/software/anaconda3/envs/py36/lib/python3.6/site-packages/idna-2.8-py3.6.egg!/" />
        <root url="jar://$USER_HOME$/software/anaconda3/envs/py36/lib/python3.6/site-packages/chardet-3.0.4-py3.6.egg!/" />
        <root url="file://$APPLICATION_PLUGINS_DIR$/python-ce/helpers/python-skeletons" />
        <root url="file://$APPLICATION_PLUGINS_DIR$/python-ce/helpers/typeshed/stdlib/3" />
        <root url="file://$APPLICATION_PLUGINS_DIR$/python-ce/helpers/typeshed/stdlib/2and3" />
        <root url="file://$APPLICATION_PLUGINS_DIR$/python-ce/helpers/typeshed/third_party/3" />
        <root url="file://$APPLICATION_PLUGINS_DIR$/python-ce/helpers/typeshed/third_party/2and3" />
      </CLASSES>
      <JAVADOC />
      <SOURCES>
        <root url="file://$USER_HOME$/software/anaconda3/envs/py36/lib/python3.6" />
        <root url="file://$USER_HOME$/software/anaconda3/envs/py36/lib/python3.6/lib-dynload" />
        <root url="file://$USER_HOME$/software/anaconda3/envs/py36/lib/python3.6/site-packages" />
        <root url="jar://$USER_HOME$/software/anaconda3/envs/py36/lib/python3.6/site-packages/requests_html-0.9.0-py3.6.egg!/" />
        <root url="file://$USER_HOME$/software/anaconda3/envs/py36/lib/python3.6/site-packages/pyppeteer-0.0.25-py3.6.egg" />
        <root url="file://$USER_HOME$/software/anaconda3/envs/py36/lib/python3.6/site-packages/w3lib-1.19.0-py3.6.egg" />
        <root url="jar://$USER_HOME$/software/anaconda3/envs/py36/lib/python3.6/site-packages/bs4-0.0.1-py3.6.egg!/" />
        <root url="jar://$USER_HOME$/software/anaconda3/envs/py36/lib/python3.6/site-packages/parse-1.9.0-py3.6.egg!/" />
        <root url="file://$USER_HOME$/software/anaconda3/envs/py36/lib/python3.6/site-packages/fake_useragent-0.1.11-py3.6.egg" />
        <root url="file://$USER_HOME$/software/anaconda3/envs/py36/lib/python3.6/site-packages/pyquery-1.4.0-py3.6.egg" />
        <root url="file://$USER_HOME$/software/anaconda3/envs/py36/lib/python3.6/site-packages/requests-2.21.0-py3.6.egg" />
        <root url="file://$USER_HOME$/software/anaconda3/envs/py36/lib/python3.6/site-packages/tqdm-4.28.1-py3.6.egg" />
        <root url="file://$USER_HOME$/software/anaconda3/envs/py36/lib/python3.6/site-packages/urllib3-1.24.1-py3.6.egg" />
        <root url="jar://$USER_HOME$/software/anaconda3/envs/py36/lib/python3.6/site-packages/appdirs-1.4.3-py3.6.egg!/" />
        <root url="jar://$USER_HOME$/software/anaconda3/envs/py36/lib/python3.6/site-packages/websockets-7.0-py3.6-linux-x86_64.egg!/" />
        <root url="jar://$USER_HOME$/software/anaconda3/envs/py36/lib/python3.6/site-packages/pyee-5.0.0-py3.6.egg!/" />
        <root url="file://$USER_HOME$/software/anaconda3/envs/py36/lib/python3.6/site-packages/beautifulsoup4-4.6.3-py3.6.egg" />
        <root url="jar://$USER_HOME$/software/anaconda3/envs/py36/lib/python3.6/site-packages/cssselect-1.0.3-py3.6.egg!/" />
        <root url="file://$USER_HOME$/software/anaconda3/envs/py36/lib/python3.6/site-packages/lxml-4.2.5-py3.6-linux-x86_64.egg" />
        <root url="file://$USER_HOME$/software/anaconda3/envs/py36/lib/python3.6/site-packages/certifi-2018.11.29-py3.6.egg" />
        <root url="jar://$USER_HOME$/software/anaconda3/envs/py36/lib/python3.6/site-packages/idna-2.8-py3.6.egg!/" />
        <root url="jar://$USER_HOME$/software/anaconda3/envs/py36/lib/python3.6/site-packages/chardet-3.0.4-py3.6.egg!/" />
        <root url="file://$APPLICATION_PLUGINS_DIR$/python-ce/helpers/python-skeletons" />
        <root url="file://$APPLICATION_PLUGINS_DIR$/python-ce/helpers/typeshed/stdlib/3" />
        <root url="file://$APPLICATION_PLUGINS_DIR$/python-ce/helpers/typeshed/stdlib/2and3" />
        <root url="file://$APPLICATION_PLUGINS_DIR$/python-ce/helpers/typeshed/third_party/3" />
        <root url="file://$APPLICATION_PLUGINS_DIR$/python-ce/helpers/typeshed/third_party/2and3" />
      </SOURCES>
    </library>
    <library name="scala-sdk-2.12.8" type="Scala">
      <properties>
        <compiler-classpath>
          <root url="file:///opt/lang-tools/scala/scala-2.12.8/lib/scala-compiler.jar" />
          <root url="file:///opt/lang-tools/scala/scala-2.12.8/lib/scala-library.jar" />
          <root url="file:///opt/lang-tools/scala/scala-2.12.8/lib/scala-reflect.jar" />
        </compiler-classpath>
      </properties>
      <CLASSES>
        <root url="jar:///opt/lang-tools/scala/scala-2.12.8/lib/scala-swing_2.12-2.0.3.jar!/" />
        <root url="jar:///opt/lang-tools/scala/scala-2.12.8/lib/scala-parser-combinators_2.12-1.0.7.jar!/" />
        <root url="jar:///opt/lang-tools/scala/scala-2.12.8/lib/scala-xml_2.12-1.0.6.jar!/" />
        <root url="jar:///opt/lang-tools/scala/scala-2.12.8/lib/scala-library.jar!/" />
        <root url="jar:///opt/lang-tools/scala/scala-2.12.8/lib/scala-reflect.jar!/" />
      </CLASSES>
      <JAVADOC>
        <root url="http://www.scala-lang.org/api/2.12.8/" />
      </JAVADOC>
      <SOURCES />
    </library>
  </component>
</application>