<application>
  <component name="libraryTable">
    <library name="lombok-1.18.10">
      <CLASSES>
        <root url="file:///opt/lang-tools/java/lombok/1.18.10" />
      </CLASSES>
      <JAVADOC>
        <root url="jar:///opt/lang-tools/java/lombok/1.18.10/lombok-1.18.10-javadoc.jar!/" />
      </JAVADOC>
      <SOURCES>
        <root url="jar:///opt/lang-tools/java/lombok/1.18.10/lombok-1.18.10-sources.jar!/" />
        <root url="jar:///opt/lang-tools/java/lombok/1.18.10/lombok-1.18.10-javadoc.jar!/" />
      </SOURCES>
      <jarDirectory url="file:///opt/lang-tools/java/lombok/1.18.10" recursive="false" />
      <jarDirectory url="jar:///opt/lang-tools/java/lombok/1.18.10/lombok-1.18.10-javadoc.jar!/" recursive="false" type="SOURCES" />
    </library>
    <library name="scala-sdk-2.12.8" type="Scala">
      <properties>
        <compiler-classpath>
          <root url="file:///opt/lang-tools/scala/scala-2.12.8/lib/scala-compiler.jar" />
          <root url="file:///opt/lang-tools/scala/scala-2.12.8/lib/scala-library.jar" />
          <root url="file:///opt/lang-tools/scala/scala-2.12.8/lib/scala-reflect.jar" />
        </compiler-classpath>
      </properties>
      <CLASSES>
        <root url="jar:///opt/lang-tools/scala/scala-2.12.8/lib/scala-swing_2.12-2.0.3.jar!/" />
        <root url="jar:///opt/lang-tools/scala/scala-2.12.8/lib/scala-parser-combinators_2.12-1.0.7.jar!/" />
        <root url="jar:///opt/lang-tools/scala/scala-2.12.8/lib/scala-xml_2.12-1.0.6.jar!/" />
        <root url="jar:///opt/lang-tools/scala/scala-2.12.8/lib/scala-library.jar!/" />
        <root url="jar:///opt/lang-tools/scala/scala-2.12.8/lib/scala-reflect.jar!/" />
      </CLASSES>
      <JAVADOC>
        <root url="http://www.scala-lang.org/api/2.12.8/" />
      </JAVADOC>
      <SOURCES />
    </library>
    <library name="scala-sdk-2.13.0" type="Scala">
      <properties>
        <language-level>Scala_2_13</language-level>
        <compiler-classpath>
          <root url="file:///opt/lang-tools/scala/scala/lib/scala-library.jar" />
          <root url="file:///opt/lang-tools/scala/scala/lib/scala-reflect.jar" />
          <root url="file:///opt/lang-tools/scala/scala/lib/scala-compiler.jar" />
        </compiler-classpath>
      </properties>
      <CLASSES>
        <root url="jar:///opt/lang-tools/scala/scala/lib/scala-library.jar!/" />
        <root url="jar:///opt/lang-tools/scala/scala/lib/scala-reflect.jar!/" />
      </CLASSES>
      <JAVADOC>
        <root url="https://www.scala-lang.org/api/2.13.0/" />
      </JAVADOC>
      <SOURCES />
    </library>
  </component>
</application>