<application>
  <component name="com.intellij.ide.ui.customization.CustomActionsSchema">
    <group seperator="true" action_type="-1" position="17">
      <path value="root" />
      <path value="String Manipulation - Switch Case popup" />
      <option name="myInitialPosition" value="-1" />
    </group>
    <group value="osmedile.intellij.stringmanip.ToUpperCaseAction" is_action="true" action_type="-1" position="15">
      <path value="root" />
      <path value="String Manipulation - Switch Case popup" />
      <option name="myInitialPosition" value="-1" />
    </group>
    <group value="osmedile.intellij.stringmanip.ToLowerCaseAction" is_action="true" action_type="-1" position="14">
      <path value="root" />
      <path value="String Manipulation - Switch Case popup" />
      <option name="myInitialPosition" value="-1" />
    </group>
    <group value="osmedile.intellij.stringmanip.WordsCapitalizeAction" is_action="true" action_type="-1" position="13">
      <path value="root" />
      <path value="String Manipulation - Switch Case popup" />
      <option name="myInitialPosition" value="-1" />
    </group>
    <group value="osmedile.intellij.stringmanip.styles.ToCamelCaseOrToWordLowercaseAction" is_action="true" action_type="-1" position="9">
      <path value="root" />
      <path value="String Manipulation - Switch Case popup" />
      <option name="myInitialPosition" value="-1" />
    </group>
    <group value="StringManipulation.ToDotStyleAction" is_action="true" action_type="-1" position="6">
      <path value="root" />
      <path value="String Manipulation - Switch Case popup" />
      <option name="myInitialPosition" value="-1" />
    </group>
    <group value="StringManipulation.ToHyphenCaseOrCamelCase" is_action="true" action_type="-1" position="5">
      <path value="root" />
      <path value="String Manipulation - Switch Case popup" />
      <option name="myInitialPosition" value="-1" />
    </group>
    <group value="StringManipulation.ToHyphenCaseAction" is_action="true" action_type="-1" position="4">
      <path value="root" />
      <path value="String Manipulation - Switch Case popup" />
      <option name="myInitialPosition" value="-1" />
    </group>
    <group value="StringManipulation.ToSnakeCaseOrCamelCase" is_action="true" action_type="-1" position="3">
      <path value="root" />
      <path value="String Manipulation - Switch Case popup" />
      <option name="myInitialPosition" value="-1" />
    </group>
    <group value="osmedile.intellij.stringmanip.WordsAndCamelToConstantStyleCaseAction" is_action="true" action_type="-1" position="2">
      <path value="root" />
      <path value="String Manipulation - Switch Case popup" />
      <option name="myInitialPosition" value="-1" />
    </group>
    <group value="StringManipulation.ToSnakeCaseOrCamelCase" is_action="true" action_type="1" position="3">
      <path value="root" />
      <path value="String Manipulation - Switch Case popup" />
      <option name="myInitialPosition" value="-1" />
    </group>
    <group value="osmedile.intellij.stringmanip.ToUpperCaseAction" is_action="true" action_type="1" position="5">
      <path value="root" />
      <path value="String Manipulation - Switch Case popup" />
      <option name="myInitialPosition" value="-1" />
    </group>
    <group value="osmedile.intellij.stringmanip.ToLowerCaseAction" is_action="true" action_type="1" position="6">
      <path value="root" />
      <path value="String Manipulation - Switch Case popup" />
      <option name="myInitialPosition" value="-1" />
    </group>
    <group value="osmedile.intellij.stringmanip.WordsCapitalizeAction" is_action="true" action_type="1" position="7">
      <path value="root" />
      <path value="String Manipulation - Switch Case popup" />
      <option name="myInitialPosition" value="-1" />
    </group>
    <group seperator="true" action_type="1" position="8">
      <path value="root" />
      <path value="String Manipulation - Switch Case popup" />
      <option name="myInitialPosition" value="-1" />
    </group>
    <group value="osmedile.intellij.stringmanip.WordsAndCamelToConstantStyleCaseAction" is_action="true" action_type="1" position="9">
      <path value="root" />
      <path value="String Manipulation - Switch Case popup" />
      <option name="myInitialPosition" value="-1" />
    </group>
    <group value="osmedile.intellij.stringmanip.styles.ToCamelCaseOrToWordLowercaseAction" is_action="true" action_type="1" position="12">
      <path value="root" />
      <path value="String Manipulation - Switch Case popup" />
      <option name="myInitialPosition" value="-1" />
    </group>
  </component>
</application>