<application>
  <component name="DefaultFont">
    <option name="FONT_SIZE" value="20" />
    <option name="FONT_FAMILY" value="Source Code Pro" />
    <option name="FONT_SCALE" value="1.25" />
    <option name="SECONDARY_FONT_FAMILY" value="DejaVu Sans Mono for Powerline" />
  </component>
  <component name="EditorSettings">
    <option name="languageBreadcrumbsMap">
      <map>
        <entry key="Markdown" value="true" />
      </map>
    </option>
    <option name="USE_SOFT_WRAPS" value="MAIN_EDITOR:CONSOLE" />
    <option name="SOFT_WRAP_FILE_MASKS" value="*" />
    <option name="STRIP_TRAILING_SPACES" value="Whole" />
    <option name="ARE_LINE_NUMBERS_SHOWN" value="false" />
    <option name="SHOW_BREADCRUMBS" value="false" />
    <option name="IS_BLOCK_CURSOR" value="true" />
    <option name="IS_WHITESPACES_SHOWN" value="true" />
    <option name="IS_CAMEL_WORDS" value="true" />
    <option name="ADDITIONAL_PAGE_AT_BOTTOM" value="true" />
    <option name="IS_WHEEL_FONTCHANGE_ENABLED" value="true" />
    <option name="KEEP_TRAILING_SPACE_ON_CARET_LINE" value="false" />
  </component>
  <component name="TodoConfiguration">
    <pattern pattern="\b(todo|fixme)\b.*" />
  </component>
</application>