<application>
  <component name="FileTypeManager" version="17">
    <ignoreFiles list="*$py.class;*.hprof;*.mp4;*.pyc;*.pyo;*.rbc;*.yarb;*~;.DS_Store;.classpath;.ensime*;.git;.hg;.idea;.ipynb*__pycache__;.mvn;.project;.settings;.svn;.vscode;CVS;_svn;ensime-langserver.log;ensime.sbt;pc.stdout.log;vssver.scc;vssver2.scc;" />
    <extensionMap>
      <mapping pattern="*.js.flow" type="Flow" />
      <mapping pattern="*.js.flow" type="Flow" />
      <mapping ext="gradle.kts" type="Kotlin" />
      <mapping pattern="3" type="Python" />
    </extensionMap>
  </component>
</application>