<application>
  <component name="ProjectJdkTable">
    <jdk version="2">
      <name value="1.8" />
      <type value="JavaSDK" />
      <version value="java version &quot;1.8.0_191&quot;" />
      <homePath value="$JAVA_HOME$" />
      <roots>
        <annotationsPath>
          <root type="composite">
            <root url="jar://$APPLICATION_HOME_DIR$/lib/jdkAnnotations.jar!/" type="simple" />
          </root>
        </annotationsPath>
        <classPath>
          <root type="composite">
            <root url="jar://$JAVA_HOME$/jre/lib/charsets.jar!/" type="simple" />
            <root url="jar://$JAVA_HOME$/jre/lib/deploy.jar!/" type="simple" />
            <root url="jar://$JAVA_HOME$/jre/lib/ext/cldrdata.jar!/" type="simple" />
            <root url="jar://$JAVA_HOME$/jre/lib/ext/dnsns.jar!/" type="simple" />
            <root url="jar://$JAVA_HOME$/jre/lib/ext/jaccess.jar!/" type="simple" />
            <root url="jar://$JAVA_HOME$/jre/lib/ext/jfxrt.jar!/" type="simple" />
            <root url="jar://$JAVA_HOME$/jre/lib/ext/localedata.jar!/" type="simple" />
            <root url="jar://$JAVA_HOME$/jre/lib/ext/nashorn.jar!/" type="simple" />
            <root url="jar://$JAVA_HOME$/jre/lib/ext/sunec.jar!/" type="simple" />
            <root url="jar://$JAVA_HOME$/jre/lib/ext/sunjce_provider.jar!/" type="simple" />
            <root url="jar://$JAVA_HOME$/jre/lib/ext/sunpkcs11.jar!/" type="simple" />
            <root url="jar://$JAVA_HOME$/jre/lib/ext/zipfs.jar!/" type="simple" />
            <root url="jar://$JAVA_HOME$/jre/lib/javaws.jar!/" type="simple" />
            <root url="jar://$JAVA_HOME$/jre/lib/jce.jar!/" type="simple" />
            <root url="jar://$JAVA_HOME$/jre/lib/jfr.jar!/" type="simple" />
            <root url="jar://$JAVA_HOME$/jre/lib/jfxswt.jar!/" type="simple" />
            <root url="jar://$JAVA_HOME$/jre/lib/jsse.jar!/" type="simple" />
            <root url="jar://$JAVA_HOME$/jre/lib/management-agent.jar!/" type="simple" />
            <root url="jar://$JAVA_HOME$/jre/lib/plugin.jar!/" type="simple" />
            <root url="jar://$JAVA_HOME$/jre/lib/resources.jar!/" type="simple" />
            <root url="jar://$JAVA_HOME$/jre/lib/rt.jar!/" type="simple" />
          </root>
        </classPath>
        <javadocPath>
          <root type="composite" />
        </javadocPath>
        <sourcePath>
          <root type="composite">
            <root url="jar://$JAVA_HOME$/src.zip!/" type="simple" />
            <root url="jar://$JAVA_HOME$/javafx-src.zip!/" type="simple" />
          </root>
        </sourcePath>
      </roots>
      <additional />
    </jdk>
    <jdk version="2">
      <name value="Python 3.7 (py37)" />
      <type value="Python SDK" />
      <version value="Python 3.7.3" />
      <homePath value="$USER_HOME$/software/anaconda3/envs/py37/bin/python3.7" />
      <roots>
        <annotationsPath>
          <root type="composite" />
        </annotationsPath>
        <classPath>
          <root type="composite" />
        </classPath>
        <javadocPath>
          <root type="composite" />
        </javadocPath>
        <sourcePath>
          <root type="composite" />
        </sourcePath>
      </roots>
      <additional />
    </jdk>
  </component>
</application>