<application>
  <component name="KeyPromoterXStatistic">
    <option name="statistics">
      <Statistic Action="Add">
        <Item>
          <IdeaActionID>Git.Add</IdeaActionID>
          <ShortCut>'Ctrl+Alt+A'</ShortCut>
          <Description>Add</Description>
          <Count>1</Count>
        </Item>
      </Statistic>
      <Statistic Action="Back">
        <Item>
          <IdeaActionID>Back</IdeaActionID>
          <ShortCut>'Ctrl+Alt+向左箭头' or 'Button4 Click'</ShortCut>
          <Description>Back</Description>
          <Count>4</Count>
        </Item>
      </Statistic>
      <Statistic Action="Basic">
        <Item>
          <IdeaActionID>CodeCompletion</IdeaActionID>
          <ShortCut>'Ctrl+空格'</ShortCut>
          <Description>Basic</Description>
          <Count>2</Count>
        </Item>
      </Statistic>
      <Statistic Action="Browse Type Hierarchy">
        <Item>
          <IdeaActionID>TypeHierarchy</IdeaActionID>
          <ShortCut>'Ctrl+S, T'</ShortCut>
          <Description>Browse Type Hierarchy</Description>
          <Count>1</Count>
        </Item>
      </Statistic>
      <Statistic Action="Build Project">
        <Item>
          <IdeaActionID>CompileDirty</IdeaActionID>
          <ShortCut>'Ctrl+F9'</ShortCut>
          <Description>Build Project</Description>
          <Count>12</Count>
        </Item>
      </Statistic>
      <Statistic Action="Call Hierarchy">
        <Item>
          <IdeaActionID>CallHierarchy</IdeaActionID>
          <ShortCut>'Ctrl+Alt+H'</ShortCut>
          <Description>Call Hierarchy</Description>
          <Count>8</Count>
        </Item>
      </Statistic>
      <Statistic Action="Change Signature...">
        <Item>
          <IdeaActionID>ChangeSignature</IdeaActionID>
          <ShortCut>'Ctrl+F6'</ShortCut>
          <Description>Change Signature...</Description>
          <Count>3</Count>
        </Item>
      </Statistic>
      <Statistic Action="Class...">
        <Item>
          <IdeaActionID>GotoClass</IdeaActionID>
          <ShortCut>'Ctrl+N'</ShortCut>
          <Description>Class...</Description>
          <Count>1</Count>
        </Item>
      </Statistic>
      <Statistic Action="Clear All">
        <Item>
          <IdeaActionID>ConsoleView.ClearAll</IdeaActionID>
          <ShortCut>'Alt+E, E'</ShortCut>
          <Description>Clear All</Description>
          <Count>1</Count>
        </Item>
      </Statistic>
      <Statistic Action="Close">
        <Item>
          <IdeaActionID>CloseContent</IdeaActionID>
          <ShortCut>'Ctrl+F4' or 'Alt+W, Q'</ShortCut>
          <Description>Close</Description>
          <Count>1</Count>
        </Item>
      </Statistic>
      <Statistic Action="Close Project">
        <Item>
          <IdeaActionID>CloseProject</IdeaActionID>
          <ShortCut>'Alt+W, A'</ShortCut>
          <Description>Close Project</Description>
          <Count>21</Count>
        </Item>
      </Statistic>
      <Statistic Action="Commit File...">
        <Item>
          <IdeaActionID>CheckinFiles</IdeaActionID>
          <ShortCut>'Ctrl+G, A' or 'Ctrl+G, C'</ShortCut>
          <Description>Commit File...</Description>
          <Count>1</Count>
        </Item>
      </Statistic>
      <Statistic Action="Commit...">
        <Item>
          <IdeaActionID>CheckinProject</IdeaActionID>
          <ShortCut>'Alt+K' or 'Alt+G, C'</ShortCut>
          <Description>Commit...</Description>
          <Count>1</Count>
        </Item>
      </Statistic>
      <Statistic Action="Configure Current File Analysis...">
        <Item>
          <IdeaActionID>PopupHector</IdeaActionID>
          <ShortCut>'Ctrl+Alt+Shift+H'</ShortCut>
          <Description>Configure Current File Analysis...</Description>
          <Count>1</Count>
        </Item>
      </Statistic>
      <Statistic Action="Context Info">
        <Item>
          <IdeaActionID>EditorContextInfo</IdeaActionID>
          <ShortCut>'Alt+Q'</ShortCut>
          <Description>Context Info</Description>
          <Count>7</Count>
        </Item>
      </Statistic>
      <Statistic Action="Copy Path">
        <Item>
          <IdeaActionID>CopyPaths</IdeaActionID>
          <ShortCut>'Ctrl+Shift+C'</ShortCut>
          <Description>Copy Path</Description>
          <Count>1</Count>
        </Item>
      </Statistic>
      <Statistic Action="Custom Folding...">
        <Item>
          <IdeaActionID>GotoCustomRegion</IdeaActionID>
          <ShortCut>'Ctrl+Alt+.'</ShortCut>
          <Description>Custom Folding...</Description>
          <Count>1</Count>
        </Item>
      </Statistic>
      <Statistic Action="Cut">
        <Item>
          <IdeaActionID>$Cut</IdeaActionID>
          <ShortCut>'Shift+Delete'</ShortCut>
          <Description>Cut</Description>
          <Count>1</Count>
        </Item>
      </Statistic>
      <Statistic Action="Debug...">
        <Item>
          <IdeaActionID>ChooseDebugConfiguration</IdeaActionID>
          <ShortCut>'Alt+Shift+F9' or 'Alt+D, E'</ShortCut>
          <Description>Debug...</Description>
          <Count>1</Count>
        </Item>
      </Statistic>
      <Statistic Action="Delete">
        <Item>
          <IdeaActionID>FileChooser.Delete</IdeaActionID>
          <ShortCut>'Delete' or 'Ctrl+D'</ShortCut>
          <Description>Delete</Description>
          <Count>1</Count>
        </Item>
      </Statistic>
      <Statistic Action="Delete...">
        <Item>
          <IdeaActionID>$Delete</IdeaActionID>
          <ShortCut>'Delete'</ShortCut>
          <Description>Delete...</Description>
          <Count>21</Count>
        </Item>
      </Statistic>
      <Statistic Action="Desugar Scala code...">
        <Item>
          <IdeaActionID>Scala.Desugar</IdeaActionID>
          <ShortCut>'Ctrl+Alt+D'</ShortCut>
          <Description>Desugar Scala code...</Description>
          <Count>3</Count>
        </Item>
      </Statistic>
      <Statistic Action="Error Description">
        <Item>
          <IdeaActionID>ShowErrorDescription</IdeaActionID>
          <ShortCut>'Ctrl+F1'</ShortCut>
          <Description>Error Description</Description>
          <Count>1</Count>
        </Item>
      </Statistic>
      <Statistic Action="Exit">
        <Item>
          <IdeaActionID>Exit</IdeaActionID>
          <ShortCut>'Ctrl+Q, H'</ShortCut>
          <Description>Exit</Description>
          <Count>1</Count>
        </Item>
      </Statistic>
      <Statistic Action="Expand Implicit Hints">
        <Item>
          <IdeaActionID>Scala.ExpandImplicits</IdeaActionID>
          <ShortCut>'Ctrl+Alt+Shift+=' or 'Ctrl+Alt+Shift+NumPad +'</ShortCut>
          <Description>Expand Implicit Hints</Description>
          <Count>6</Count>
        </Item>
      </Statistic>
      <Statistic Action="File Path">
        <Item>
          <IdeaActionID>ShowFilePath</IdeaActionID>
          <ShortCut>'Ctrl+Alt+F12'</ShortCut>
          <Description>File Path</Description>
          <Count>10</Count>
        </Item>
      </Statistic>
      <Statistic Action="File...">
        <Item>
          <IdeaActionID>GotoFile</IdeaActionID>
          <ShortCut>'Ctrl+Shift+N'</ShortCut>
          <Description>File...</Description>
          <Count>2</Count>
        </Item>
      </Statistic>
      <Statistic Action="Find Action...">
        <Item>
          <IdeaActionID>GotoAction</IdeaActionID>
          <ShortCut>'Ctrl+Shift+A'</ShortCut>
          <Description>Find Action...</Description>
          <Count>1</Count>
        </Item>
      </Statistic>
      <Statistic Action="Find Usages">
        <Item>
          <IdeaActionID>FindUsages</IdeaActionID>
          <ShortCut>'Alt+F7' or 'Alt+S, U'</ShortCut>
          <Description>Find Usages</Description>
          <Count>1</Count>
        </Item>
      </Statistic>
      <Statistic Action="Go to next type">
        <Item>
          <IdeaActionID>NextOccurence</IdeaActionID>
          <ShortCut>'Ctrl+Alt+向下箭头'</ShortCut>
          <Description>Go to next type</Description>
          <Count>1</Count>
        </Item>
      </Statistic>
      <Statistic Action="Go to previous type">
        <Item>
          <IdeaActionID>PreviousOccurence</IdeaActionID>
          <ShortCut>'Ctrl+Alt+向上箭头'</ShortCut>
          <Description>Go to previous type</Description>
          <Count>1</Count>
        </Item>
      </Statistic>
      <Statistic Action="GoTo">
        <Item>
          <IdeaActionID>GotoDeclaration</IdeaActionID>
          <ShortCut>'Ctrl+B' or 'Ctrl+Button1 Click'</ShortCut>
          <Description>GoTo</Description>
          <Count>5</Count>
        </Item>
      </Statistic>
      <Statistic Action="Hierarchy">
        <Item>
          <IdeaActionID>ActivateHierarchyToolWindow</IdeaActionID>
          <ShortCut>'Alt+8'</ShortCut>
          <Description>Hierarchy</Description>
          <Count>4</Count>
        </Item>
      </Statistic>
      <Statistic Action="Implementation(s)">
        <Item>
          <IdeaActionID>GotoImplementation</IdeaActionID>
          <ShortCut>'Ctrl+Alt+B' or 'Ctrl+Alt+Button1 Click' or 'Ctrl+S, I'</ShortCut>
          <Description>Implementation(s)</Description>
          <Count>2</Count>
        </Item>
      </Statistic>
      <Statistic Action="Import Settings...">
        <Item>
          <IdeaActionID>ImportSettings</IdeaActionID>
          <ShortCut>'Alt+]'</ShortCut>
          <Description>Import Settings...</Description>
          <Count>1</Count>
        </Item>
      </Statistic>
      <Statistic Action="Insert Live Template...">
        <Item>
          <IdeaActionID>InsertLiveTemplate</IdeaActionID>
          <ShortCut>'Ctrl+J'</ShortCut>
          <Description>Insert Live Template...</Description>
          <Count>1</Count>
        </Item>
      </Statistic>
      <Statistic Action="Jump to Navigation Bar">
        <Item>
          <IdeaActionID>ShowNavBar</IdeaActionID>
          <ShortCut>'Alt+Home'</ShortCut>
          <Description>Jump to Navigation Bar</Description>
          <Count>2</Count>
        </Item>
      </Statistic>
      <Statistic Action="Jump to Source">
        <Item>
          <IdeaActionID>EditSource</IdeaActionID>
          <ShortCut>'F4'</ShortCut>
          <Description>Jump to Source</Description>
          <Count>3</Count>
        </Item>
      </Statistic>
      <Statistic Action="Maximize Tool Window">
        <Item>
          <IdeaActionID>MaximizeToolWindow</IdeaActionID>
          <ShortCut>'Ctrl+Shift+引号'</ShortCut>
          <Description>Maximize Tool Window</Description>
          <Count>2</Count>
        </Item>
      </Statistic>
      <Statistic Action="Messages">
        <Item>
          <IdeaActionID>ActivateMessagesToolWindow</IdeaActionID>
          <ShortCut>'Alt+0'</ShortCut>
          <Description>Messages</Description>
          <Count>10</Count>
        </Item>
      </Statistic>
      <Statistic Action="Method Hierarchy">
        <Item>
          <IdeaActionID>MethodHierarchy</IdeaActionID>
          <ShortCut>'Ctrl+Shift+H' or 'Alt+S, H'</ShortCut>
          <Description>Method Hierarchy</Description>
          <Count>3</Count>
        </Item>
      </Statistic>
      <Statistic Action="Move Right">
        <Item>
          <IdeaActionID>MoveTabRight</IdeaActionID>
          <ShortCut>'Alt+W, R'</ShortCut>
          <Description>Move Right</Description>
          <Count>1</Count>
        </Item>
      </Statistic>
      <Statistic Action="New Folder...">
        <Item>
          <IdeaActionID>FileChooser.NewFolder</IdeaActionID>
          <ShortCut>'Alt+Insert' or 'Ctrl+N'</ShortCut>
          <Description>New Folder...</Description>
          <Count>3</Count>
        </Item>
      </Statistic>
      <Statistic Action="Open Library Settings">
        <Item>
          <IdeaActionID>EditSource</IdeaActionID>
          <ShortCut>'F4'</ShortCut>
          <Description>Open Library Settings</Description>
          <Count>1</Count>
        </Item>
      </Statistic>
      <Statistic Action="Open sbt config">
        <Item>
          <IdeaActionID>ExternalSystem.OpenConfig</IdeaActionID>
          <ShortCut>'F4'</ShortCut>
          <Description>Open sbt config</Description>
          <Count>1</Count>
        </Item>
      </Statistic>
      <Statistic Action="Optimize Imports">
        <Item>
          <IdeaActionID>OptimizeImports</IdeaActionID>
          <ShortCut>'Ctrl+Alt+O'</ShortCut>
          <Description>Optimize Imports</Description>
          <Count>2</Count>
        </Item>
      </Statistic>
      <Statistic Action="Override Methods...">
        <Item>
          <IdeaActionID>OverrideMethods</IdeaActionID>
          <ShortCut>'Ctrl+O'</ShortCut>
          <Description>Override Methods...</Description>
          <Count>1</Count>
        </Item>
      </Statistic>
      <Statistic Action="Package Object">
        <Item>
          <IdeaActionID>Scala.NewPackageObject</IdeaActionID>
          <ShortCut>'Alt+N, O'</ShortCut>
          <Description>Package Object</Description>
          <Count>1</Count>
        </Item>
      </Statistic>
      <Statistic Action="Paste">
        <Item>
          <IdeaActionID>$Paste</IdeaActionID>
          <ShortCut>'Ctrl+V' or 'Shift+Insert'</ShortCut>
          <Description>Paste</Description>
          <Count>12</Count>
        </Item>
      </Statistic>
      <Statistic Action="Paste from History...">
        <Item>
          <IdeaActionID>PasteMultiple</IdeaActionID>
          <ShortCut>'Ctrl+Shift+V' or 'Ctrl+Shift+Insert'</ShortCut>
          <Description>Paste from History...</Description>
          <Count>1</Count>
        </Item>
      </Statistic>
      <Statistic Action="Quick Definition">
        <Item>
          <IdeaActionID>QuickImplementations</IdeaActionID>
          <ShortCut>'Ctrl+Shift+I' or 'Alt+P, D'</ShortCut>
          <Description>Quick Definition</Description>
          <Count>5</Count>
        </Item>
      </Statistic>
      <Statistic Action="Quick Documentation">
        <Item>
          <IdeaActionID>QuickJavaDoc</IdeaActionID>
          <ShortCut>'Ctrl+Q' or 'Alt+Button2 Click' or 'Alt+P, H'</ShortCut>
          <Description>Quick Documentation</Description>
          <Count>2</Count>
        </Item>
      </Statistic>
      <Statistic Action="Rebuild Module 'wordcount'">
        <Item>
          <IdeaActionID>Compile</IdeaActionID>
          <ShortCut>'Ctrl+Shift+F9'</ShortCut>
          <Description>Rebuild Module 'wordcount'</Description>
          <Count>1</Count>
        </Item>
      </Statistic>
      <Statistic Action="Redo Backspace">
        <Item>
          <IdeaActionID>$Redo</IdeaActionID>
          <ShortCut>'Ctrl+Shift+Z' or 'Alt+Shift+Backspace'</ShortCut>
          <Description>Redo Backspace</Description>
          <Count>1</Count>
        </Item>
      </Statistic>
      <Statistic Action="Redo Typing">
        <Item>
          <IdeaActionID>$Redo</IdeaActionID>
          <ShortCut>'Ctrl+Shift+Z' or 'Alt+Shift+Backspace'</ShortCut>
          <Description>Redo Typing</Description>
          <Count>2</Count>
        </Item>
      </Statistic>
      <Statistic Action="Refactor This...">
        <Item>
          <IdeaActionID>Refactorings.QuickListPopupAction</IdeaActionID>
          <ShortCut>'Ctrl+Alt+Shift+T' or 'Alt+N, R'</ShortCut>
          <Description>Refactor This...</Description>
          <Count>3</Count>
        </Item>
      </Statistic>
      <Statistic Action="Refresh">
        <Item>
          <IdeaActionID>FileChooser.Refresh</IdeaActionID>
          <ShortCut>'Ctrl+Alt+Y'</ShortCut>
          <Description>Refresh</Description>
          <Count>2</Count>
        </Item>
      </Statistic>
      <Statistic Action="Related Symbol...">
        <Item>
          <IdeaActionID>GotoRelated</IdeaActionID>
          <ShortCut>'Ctrl+Alt+Home'</ShortCut>
          <Description>Related Symbol...</Description>
          <Count>6</Count>
        </Item>
      </Statistic>
      <Statistic Action="Rename...">
        <Item>
          <IdeaActionID>RenameElement</IdeaActionID>
          <ShortCut>'Shift+F6'</ShortCut>
          <Description>Rename...</Description>
          <Count>3</Count>
        </Item>
      </Statistic>
      <Statistic Action="Rerun 'wordCount'">
        <Item>
          <IdeaActionID>Rerun</IdeaActionID>
          <ShortCut>'Ctrl+F5' or 'Alt+R, R'</ShortCut>
          <Description>Rerun 'wordCount'</Description>
          <Count>1</Count>
        </Item>
      </Statistic>
      <Statistic Action="Rerun 'wordcount'">
        <Item>
          <IdeaActionID>Rerun</IdeaActionID>
          <ShortCut>'Ctrl+F5' or 'Alt+R, R'</ShortCut>
          <Description>Rerun 'wordcount'</Description>
          <Count>1</Count>
        </Item>
      </Statistic>
      <Statistic Action="Restore Default Layout">
        <Item>
          <IdeaActionID>RestoreDefaultLayout</IdeaActionID>
          <ShortCut>'Shift+F12'</ShortCut>
          <Description>Restore Default Layout</Description>
          <Count>1</Count>
        </Item>
      </Statistic>
      <Statistic Action="Run 'Scala Console'">
        <Item>
          <IdeaActionID>Run</IdeaActionID>
          <ShortCut>'Shift+F10'</ShortCut>
          <Description>Run 'Scala Console'</Description>
          <Count>1</Count>
        </Item>
      </Statistic>
      <Statistic Action="Run 'SimpleApp'">
        <Item>
          <IdeaActionID>Run</IdeaActionID>
          <ShortCut>'Shift+F10'</ShortCut>
          <Description>Run 'SimpleApp'</Description>
          <Count>1</Count>
        </Item>
      </Statistic>
      <Statistic Action="Run 'TestSpark'">
        <Item>
          <IdeaActionID>Run</IdeaActionID>
          <ShortCut>'Shift+F10'</ShortCut>
          <Description>Run 'TestSpark'</Description>
          <Count>4</Count>
        </Item>
      </Statistic>
      <Statistic Action="Run 'mytest'">
        <Item>
          <IdeaActionID>Run</IdeaActionID>
          <ShortCut>'Shift+F10'</ShortCut>
          <Description>Run 'mytest'</Description>
          <Count>4</Count>
        </Item>
      </Statistic>
      <Statistic Action="Run 'scalalearn'">
        <Item>
          <IdeaActionID>Run</IdeaActionID>
          <ShortCut>'F10'</ShortCut>
          <Description>Run 'scalalearn'</Description>
          <Count>1</Count>
        </Item>
      </Statistic>
      <Statistic Action="Run 'sys_restore'">
        <Item>
          <IdeaActionID>Run</IdeaActionID>
          <ShortCut>'Shift+F10'</ShortCut>
          <Description>Run 'sys_restore'</Description>
          <Count>1</Count>
        </Item>
      </Statistic>
      <Statistic Action="Run 'testspark'">
        <Item>
          <IdeaActionID>Run</IdeaActionID>
          <ShortCut>'Shift+F10'</ShortCut>
          <Description>Run 'testspark'</Description>
          <Count>2</Count>
        </Item>
      </Statistic>
      <Statistic Action="Run 'wordCount'">
        <Item>
          <IdeaActionID>Run</IdeaActionID>
          <ShortCut>'Shift+F10'</ShortCut>
          <Description>Run 'wordCount'</Description>
          <Count>3</Count>
        </Item>
      </Statistic>
      <Statistic Action="Run 'wordcount'">
        <Item>
          <IdeaActionID>Run</IdeaActionID>
          <ShortCut>'Shift+F10' or 'Alt+R, C'</ShortCut>
          <Description>Run 'wordcount'</Description>
          <Count>2</Count>
        </Item>
      </Statistic>
      <Statistic Action="Run Scala Console">
        <Item>
          <IdeaActionID>Scala.RunConsole</IdeaActionID>
          <ShortCut>'Ctrl+Shift+D' or 'Alt+S'</ShortCut>
          <Description>Run Scala Console</Description>
          <Count>1</Count>
        </Item>
      </Statistic>
      <Statistic Action="Run...">
        <Item>
          <IdeaActionID>ChooseRunConfiguration</IdeaActionID>
          <ShortCut>'Alt+Shift+F10' or 'Alt+R, E'</ShortCut>
          <Description>Run...</Description>
          <Count>2</Count>
        </Item>
      </Statistic>
      <Statistic Action="Save All">
        <Item>
          <IdeaActionID>SaveAll</IdeaActionID>
          <ShortCut>'Ctrl+S'</ShortCut>
          <Description>Save All</Description>
          <Count>5</Count>
        </Item>
      </Statistic>
      <Statistic Action="Scala Class">
        <Item>
          <IdeaActionID>Scala.NewClass</IdeaActionID>
          <ShortCut>'Alt+N, C'</ShortCut>
          <Description>Scala Class</Description>
          <Count>2</Count>
        </Item>
      </Statistic>
      <Statistic Action="Scratch File">
        <Item>
          <IdeaActionID>NewScratchFile</IdeaActionID>
          <ShortCut>'Ctrl+Alt+Shift+Insert'</ShortCut>
          <Description>Scratch File</Description>
          <Count>2</Count>
        </Item>
      </Statistic>
      <Statistic Action="Select All Occurrences">
        <Item>
          <IdeaActionID>SelectAllOccurrences</IdeaActionID>
          <ShortCut>'Ctrl+Alt+Shift+J'</ShortCut>
          <Description>Select All Occurrences</Description>
          <Count>1</Count>
        </Item>
      </Statistic>
      <Statistic Action="Select In...">
        <Item>
          <IdeaActionID>SelectIn</IdeaActionID>
          <ShortCut>'Alt+F1'</ShortCut>
          <Description>Select In...</Description>
          <Count>3</Count>
        </Item>
      </Statistic>
      <Statistic Action="Show Coverage Data...">
        <Item>
          <IdeaActionID>SwitchCoverage</IdeaActionID>
          <ShortCut>'Ctrl+Alt+F6'</ShortCut>
          <Description>Show Coverage Data...</Description>
          <Count>1</Count>
        </Item>
      </Statistic>
      <Statistic Action="Show Hidden Files and Directories">
        <Item>
          <IdeaActionID>FileChooser.ShowHiddens</IdeaActionID>
          <ShortCut>'Alt+S, .'</ShortCut>
          <Description>Show Hidden Files and Directories</Description>
          <Count>21</Count>
        </Item>
      </Statistic>
      <Statistic Action="Show Implicit Hints">
        <Item>
          <IdeaActionID>Scala.ShowImplicits</IdeaActionID>
          <ShortCut>'Ctrl+Alt+Shift+=' or 'Ctrl+Alt+Shift+NumPad +'</ShortCut>
          <Description>Show Implicit Hints</Description>
          <Count>6</Count>
        </Item>
      </Statistic>
      <Statistic Action="Show Translation Dialog...">
        <Item>
          <IdeaActionID>$ShowTranslationDialogAction</IdeaActionID>
          <ShortCut>'Ctrl+Shift+O'</ShortCut>
          <Description>Show Translation Dialog...</Description>
          <Count>3</Count>
        </Item>
      </Statistic>
      <Statistic Action="Show in Files">
        <Item>
          <IdeaActionID>RevealIn</IdeaActionID>
          <ShortCut>'Alt+O, F'</ShortCut>
          <Description>Show in Files</Description>
          <Count>2</Count>
        </Item>
      </Statistic>
      <Statistic Action="SmartType">
        <Item>
          <IdeaActionID>SmartTypeCompletion</IdeaActionID>
          <ShortCut>'Ctrl+Shift+空格'</ShortCut>
          <Description>SmartType</Description>
          <Count>1</Count>
        </Item>
      </Statistic>
      <Statistic Action="Split Vertically">
        <Item>
          <IdeaActionID>SplitVertically</IdeaActionID>
          <ShortCut>'Alt+W, V'</ShortCut>
          <Description>Split Vertically</Description>
          <Count>1</Count>
        </Item>
      </Statistic>
      <Statistic Action="Stop 'Scala Console'">
        <Item>
          <IdeaActionID>Stop</IdeaActionID>
          <ShortCut>'Ctrl+F2' or 'Alt+R, Q'</ShortCut>
          <Description>Stop 'Scala Console'</Description>
          <Count>1</Count>
        </Item>
      </Statistic>
      <Statistic Action="Stop 'scala-console'">
        <Item>
          <IdeaActionID>Stop</IdeaActionID>
          <ShortCut>'Ctrl+F2' or 'Alt+R, Q'</ShortCut>
          <Description>Stop 'scala-console'</Description>
          <Count>1</Count>
        </Item>
      </Statistic>
      <Statistic Action="Super Method">
        <Item>
          <IdeaActionID>GotoSuperMethod</IdeaActionID>
          <ShortCut>'Ctrl+U'</ShortCut>
          <Description>Super Method</Description>
          <Count>2</Count>
        </Item>
      </Statistic>
      <Statistic Action="Symbol...">
        <Item>
          <IdeaActionID>GotoSymbol</IdeaActionID>
          <ShortCut>'Ctrl+Alt+Shift+N'</ShortCut>
          <Description>Symbol...</Description>
          <Count>3</Count>
        </Item>
      </Statistic>
      <Statistic Action="Synchronize">
        <Item>
          <IdeaActionID>Synchronize</IdeaActionID>
          <ShortCut>'Ctrl+Alt+Y'</ShortCut>
          <Description>Synchronize</Description>
          <Count>2</Count>
        </Item>
      </Statistic>
      <Statistic Action="Test">
        <Item>
          <IdeaActionID>GotoTest</IdeaActionID>
          <ShortCut>'Ctrl+Shift+T'</ShortCut>
          <Description>Test</Description>
          <Count>2</Count>
        </Item>
      </Statistic>
      <Statistic Action="Toggle Bookmark">
        <Item>
          <IdeaActionID>ToggleBookmark</IdeaActionID>
          <ShortCut>'F11'</ShortCut>
          <Description>Toggle Bookmark</Description>
          <Count>3</Count>
        </Item>
      </Statistic>
      <Statistic Action="Toggle Bookmark with Mnemonic">
        <Item>
          <IdeaActionID>ToggleBookmarkWithMnemonic</IdeaActionID>
          <ShortCut>'Ctrl+F11'</ShortCut>
          <Description>Toggle Bookmark with Mnemonic</Description>
          <Count>1</Count>
        </Item>
      </Statistic>
      <Statistic Action="Toggle Case">
        <Item>
          <IdeaActionID>EditorToggleCase</IdeaActionID>
          <ShortCut>'Ctrl+Shift+U'</ShortCut>
          <Description>Toggle Case</Description>
          <Count>1</Count>
        </Item>
      </Statistic>
      <Statistic Action="Type Declaration">
        <Item>
          <IdeaActionID>GotoTypeDeclaration</IdeaActionID>
          <ShortCut>'Ctrl+Shift+B' or 'Ctrl+Shift+Button1 Click'</ShortCut>
          <Description>Type Declaration</Description>
          <Count>2</Count>
        </Item>
      </Statistic>
      <Statistic Action="Type Hierarchy">
        <Item>
          <IdeaActionID>TypeHierarchy</IdeaActionID>
          <ShortCut>'Ctrl+H'</ShortCut>
          <Description>Type Hierarchy</Description>
          <Count>9</Count>
        </Item>
      </Statistic>
      <Statistic Action="Type Info">
        <Item>
          <IdeaActionID>Scala.TypeInfo</IdeaActionID>
          <ShortCut>'Alt+='</ShortCut>
          <Description>Type Info</Description>
          <Count>5</Count>
        </Item>
      </Statistic>
      <Statistic Action="Undo Typing">
        <Item>
          <IdeaActionID>$Undo</IdeaActionID>
          <ShortCut>'Ctrl+Shift+减号' or 'Ctrl+/'</ShortCut>
          <Description>Undo Typing</Description>
          <Count>1</Count>
        </Item>
      </Statistic>
      <Statistic Action="Unwrap/Remove...">
        <Item>
          <IdeaActionID>Unwrap</IdeaActionID>
          <ShortCut>'Ctrl+Shift+Delete'</ShortCut>
          <Description>Unwrap/Remove...</Description>
          <Count>1</Count>
        </Item>
      </Statistic>
      <Statistic Action="VCS Operations Popup...">
        <Item>
          <IdeaActionID>Vcs.QuickListPopupAction</IdeaActionID>
          <ShortCut>'Alt+`'</ShortCut>
          <Description>VCS Operations Popup...</Description>
          <Count>2</Count>
        </Item>
      </Statistic>
      <Statistic Action="View Breakpoints...">
        <Item>
          <IdeaActionID>ViewBreakpoints</IdeaActionID>
          <ShortCut>'Ctrl+Shift+F8'</ShortCut>
          <Description>View Breakpoints...</Description>
          <Count>5</Count>
        </Item>
      </Statistic>
    </option>
    <option name="suppressed">
      <Statistic Action="Build">
        <Item>
          <IdeaActionID>ActivateBuildToolWindow</IdeaActionID>
          <ShortCut>'Alt+5'</ShortCut>
          <Description>Build</Description>
          <Count>10</Count>
        </Item>
      </Statistic>
      <Statistic Action="Close Pylint Window">
        <Item>
          <IdeaActionID>PylintCloseAction</IdeaActionID>
          <Description>Close Pylint Window</Description>
        </Item>
      </Statistic>
      <Statistic Action="Copy">
        <Item>
          <IdeaActionID>$Copy</IdeaActionID>
          <ShortCut>'Ctrl+C' or 'Ctrl+Insert'</ShortCut>
          <Description>Copy</Description>
          <Count>6</Count>
        </Item>
      </Statistic>
      <Statistic Action="Copy as Plain Text">
        <Item>
          <IdeaActionID>CopyAsPlainText</IdeaActionID>
          <Description>Copy as Plain Text</Description>
        </Item>
      </Statistic>
      <Statistic Action="Edit Configurations...">
        <Item>
          <IdeaActionID>editRunConfigurations</IdeaActionID>
          <ShortCut>'Alt+E, R'</ShortCut>
          <Description>Edit Configurations...</Description>
          <Count>5</Count>
        </Item>
      </Statistic>
      <Statistic Action="Event Log">
        <Item>
          <IdeaActionID>ActivateEventLogToolWindow</IdeaActionID>
          <Description>Event Log</Description>
        </Item>
      </Statistic>
      <Statistic Action="Export Settings...">
        <Item>
          <IdeaActionID>ExportSettings</IdeaActionID>
          <ShortCut>'Alt+['</ShortCut>
          <Description>Export Settings...</Description>
          <Count>7</Count>
        </Item>
      </Statistic>
      <Statistic Action="File Structure">
        <Item>
          <IdeaActionID>FileStructurePopup</IdeaActionID>
          <ShortCut>'Ctrl+F12' or 'Alt+S, M'</ShortCut>
          <Description>File Structure</Description>
          <Count>6</Count>
        </Item>
      </Statistic>
      <Statistic Action="Hide All Windows">
        <Item>
          <IdeaActionID>HideAllWindows</IdeaActionID>
          <ShortCut>'Ctrl+Shift+F12'</ShortCut>
          <Description>Hide All Windows</Description>
          <Count>15</Count>
        </Item>
      </Statistic>
      <Statistic Action="Java Enterprise">
        <Item>
          <IdeaActionID>ActivateJavaEnterpriseToolWindow</IdeaActionID>
          <Description>Java Enterprise</Description>
        </Item>
      </Statistic>
      <Statistic Action="Open...">
        <Item>
          <IdeaActionID>OpenFile</IdeaActionID>
          <ShortCut>'Alt+O, F'</ShortCut>
          <Description>Open...</Description>
          <Count>4</Count>
        </Item>
      </Statistic>
      <Statistic Action="Project">
        <Item>
          <IdeaActionID>ActivateProjectToolWindow</IdeaActionID>
          <ShortCut>'Alt+1'</ShortCut>
          <Description>Project</Description>
          <Count>20</Count>
        </Item>
      </Statistic>
      <Statistic Action="Project Structure...">
        <Item>
          <IdeaActionID>ShowProjectStructureSettings</IdeaActionID>
          <ShortCut>'Ctrl+Alt+Shift+S'</ShortCut>
          <Description>Project Structure...</Description>
          <Count>66</Count>
        </Item>
      </Statistic>
      <Statistic Action="Pylint">
        <Item>
          <IdeaActionID>ActivatePylintToolWindow</IdeaActionID>
          <ShortCut>'Ctrl+9'</ShortCut>
          <Description>Pylint</Description>
          <Count>1</Count>
        </Item>
      </Statistic>
      <Statistic Action="Rerun 'SimpleApp'">
        <Item>
          <IdeaActionID>Rerun</IdeaActionID>
          <ShortCut>'Ctrl+F5' or 'Alt+R, A'</ShortCut>
          <Description>Rerun 'SimpleApp'</Description>
          <Count>1</Count>
        </Item>
      </Statistic>
      <Statistic Action="Restore Windows">
        <Item>
          <IdeaActionID>HideAllWindows</IdeaActionID>
          <ShortCut>'Ctrl+Shift+F12'</ShortCut>
          <Description>Restore Windows</Description>
          <Count>6</Count>
        </Item>
      </Statistic>
      <Statistic Action="Run">
        <Item>
          <IdeaActionID>ActivateRunToolWindow</IdeaActionID>
          <ShortCut>'Alt+2'</ShortCut>
          <Description>Run</Description>
          <Count>6</Count>
        </Item>
      </Statistic>
      <Statistic Action="Settings...">
        <Item>
          <IdeaActionID>ShowSettings</IdeaActionID>
          <ShortCut>'Ctrl+Alt+S'</ShortCut>
          <Description>Settings...</Description>
          <Count>173</Count>
        </Item>
      </Statistic>
      <Statistic Action="Show Diagram...">
        <Item>
          <IdeaActionID>ShowUmlDiagram</IdeaActionID>
          <ShortCut>'Ctrl+Alt+Shift+U'</ShortCut>
          <Description>Show Diagram...</Description>
          <Count>1</Count>
        </Item>
      </Statistic>
      <Statistic Action="Split Mode">
        <Item>
          <IdeaActionID>ToggleSideMode</IdeaActionID>
          <Description>Split Mode</Description>
        </Item>
      </Statistic>
      <Statistic Action="Structure">
        <Item>
          <IdeaActionID>ActivateStructureToolWindow</IdeaActionID>
          <ShortCut>'Alt+7'</ShortCut>
          <Description>Structure</Description>
          <Count>11</Count>
        </Item>
      </Statistic>
      <Statistic Action="TODO">
        <Item>
          <IdeaActionID>ActivateTODOToolWindow</IdeaActionID>
          <ShortCut>'Alt+6'</ShortCut>
          <Description>TODO</Description>
          <Count>6</Count>
        </Item>
      </Statistic>
      <Statistic Action="Terminal">
        <Item>
          <IdeaActionID>ActivateTerminalToolWindow</IdeaActionID>
          <ShortCut>'Alt+F12'</ShortCut>
          <Description>Terminal</Description>
          <Count>46</Count>
        </Item>
      </Statistic>
      <Statistic Action="Toggle Line Breakpoint">
        <Item>
          <IdeaActionID>ToggleLineBreakpoint</IdeaActionID>
          <ShortCut>'Ctrl+F8'</ShortCut>
          <Description>Toggle Line Breakpoint</Description>
          <Count>15</Count>
        </Item>
      </Statistic>
      <Statistic Action="sbt">
        <Item>
          <IdeaActionID>ActivatesbtToolWindow</IdeaActionID>
          <ShortCut>'Alt+4'</ShortCut>
          <Description>sbt</Description>
          <Count>10</Count>
        </Item>
      </Statistic>
      <Statistic Action="sbt shell">
        <Item>
          <IdeaActionID>ActivatesbtshellToolWindow</IdeaActionID>
          <ShortCut>'Alt+4'</ShortCut>
          <Description>sbt shell</Description>
          <Count>3</Count>
        </Item>
      </Statistic>
    </option>
  </component>
</application>