<application>
  <component name="PluginSettings">
    <option name="searchEngines">
      <list>
        <SearchEngine>
          <option name="name" value="_Baidu" />
          <option name="url" value="https://www.baidu.com/s?wd=#" />
          <option name="queryPlaceholder" value="#" />
        </SearchEngine>
        <SearchEngine>
          <option name="name" value="_Google" />
          <option name="url" value="https://www.google.com/search?q=#" />
          <option name="queryPlaceholder" value="#" />
        </SearchEngine>
        <SearchEngine>
          <option name="name" value="_Github" />
          <option name="url" value="https://github.com/search?q=#" />
          <option name="queryPlaceholder" value="#" />
        </SearchEngine>
        <SearchEngine>
          <option name="name" value="_SearchCode" />
          <option name="url" value="https://searchcode.com/?q=#" />
          <option name="queryPlaceholder" value="#" />
        </SearchEngine>
        <SearchEngine>
          <option name="name" value="_G_repCode" />
          <option name="url" value="http://grepcode.com/search/?query=#" />
          <option name="queryPlaceholder" value="#" />
        </SearchEngine>
        <SearchEngine>
          <option name="name" value="_CMake" />
          <option name="url" value="https://cmake.org/cmake/help/latest/search.html?q=#" />
          <option name="queryPlaceholder" value="#" />
        </SearchEngine>
      </list>
    </option>
  </component>
</application>