<application>
  <component name="AppInspectionProfilesVisibleTreeState">
    <entry key="AlanDing prefer-Inspections">
      <profile-state>
        <expanded-state>
          <State />
          <State>
            <id>Bitwise operation issuesJava</id>
          </State>
          <State>
            <id>Code style issuesJava</id>
          </State>
          <State>
            <id>Control flow issuesJava</id>
          </State>
          <State>
            <id>Declaration redundancyJava</id>
          </State>
          <State>
            <id>EditorConfig</id>
          </State>
          <State>
            <id>Error handlingJava</id>
          </State>
          <State>
            <id>General</id>
          </State>
          <State>
            <id>GeneralScala</id>
          </State>
          <State>
            <id>ImportsJava</id>
          </State>
          <State>
            <id>Inheritance issuesJava</id>
          </State>
          <State>
            <id>JUnitJava</id>
          </State>
          <State>
            <id>JVM languages</id>
          </State>
          <State>
            <id>Java</id>
          </State>
          <State>
            <id>Java 7Java language level migration aidsJava</id>
          </State>
          <State>
            <id>Java 9Java language level migration aidsJava</id>
          </State>
          <State>
            <id>Java language level issuesJava</id>
          </State>
          <State>
            <id>Java language level migration aidsJava</id>
          </State>
          <State>
            <id>JavadocJava</id>
          </State>
          <State>
            <id>Markdown</id>
          </State>
          <State>
            <id>Numeric issuesJava</id>
          </State>
          <State>
            <id>PerformanceJava</id>
          </State>
          <State>
            <id>PortabilityJava</id>
          </State>
          <State>
            <id>Probable bugsJava</id>
          </State>
          <State>
            <id>Properties Files</id>
          </State>
          <State>
            <id>Python</id>
          </State>
          <State>
            <id>RegExp</id>
          </State>
          <State>
            <id>Resource managementJava</id>
          </State>
          <State>
            <id>Scala</id>
          </State>
          <State>
            <id>Syntactic SimplificationScala</id>
          </State>
          <State>
            <id>XML</id>
          </State>
          <State>
            <id>XPath</id>
          </State>
          <State>
            <id>sbt</id>
          </State>
        </expanded-state>
        <selected-state>
          <State>
            <id>FieldFromDelayedInit</id>
          </State>
        </selected-state>
      </profile-state>
    </entry>
    <entry key="Default">
      <profile-state>
        <expanded-state>
          <State />
        </expanded-state>
        <selected-state>
          <State>
            <id>Buildout</id>
          </State>
        </selected-state>
      </profile-state>
    </entry>
  </component>
  <component name="CodeStyleSchemesUIConfiguration">
    <option name="RECENT_IMPORT_FILE_LOCATION" value="file:E:/下载安装文档/应用安装包/办公软件/码农工具/Pycharm设置/AlanDing prefer-Code Style.xml" />
  </component>
  <component name="PyCodeInsightSettings">
    <option name="SHOW_IMPORT_POPUP" value="true" />
  </component>
  <component name="PyTestFrameworkService">
    <option name="SDK_TO_PYTEST">
      <map>
        <entry key="$USER_HOME$/software/anaconda3/envs/py36/bin/python3.6" value="false" />
        <entry key="/opt/anaconda3/envs/py36/bin/python3.6" value="false" />
        <entry key="C:\Anaconda3\envs\py36\python.exe" value="false" />
      </map>
    </option>
    <option name="SDK_TO_NOSETEST">
      <map>
        <entry key="$USER_HOME$/software/anaconda3/envs/py36/bin/python3.6" value="false" />
        <entry key="/opt/anaconda3/envs/py36/bin/python3.6" value="false" />
        <entry key="C:\Anaconda3\envs\py36\python.exe" value="false" />
      </map>
    </option>
    <option name="SDK_TO_TRIALTEST">
      <map>
        <entry key="$USER_HOME$/software/anaconda3/envs/py36/bin/python3.6" value="false" />
        <entry key="/opt/anaconda3/envs/py36/bin/python3.6" value="false" />
        <entry key="C:\Anaconda3\envs\py36\python.exe" value="false" />
      </map>
    </option>
  </component>
  <component name="SbtSettings">
    <option name="jdkHome" value="" />
    <option name="sbtLauncherVmParameters" value="-Dsbt.global.base=/home/alanding/.sbt -Dsbt.boot.directory=/home/alanding/.sbt/boot/ -Dsbt.repository.config=/home/alanding/.sbt/repositories -Dsbt.ivy.home=/home/alanding/.sbt/ivy2 -Dsbt.log.format=true -Dsbt.override.build.repos=true -Dfile.encoding=UTF8 -Xms128m -Xmx512M -Duser.language=zh -Xss2M -XX:+CMSClassUnloadingEnabled" />
  </component>
  <component name="com.a.a.i.a.a.J" enableSqlConsole="false" />
</application>