<application>
  <component name="ParameterNameHintsSettings">
    <blacklists>
      <blacklist language="TypeScript" />
      <blacklist language="Java" />
      <blacklist language="Scala">
        <added pattern="org.apache.spark.sql.SparkSession.Builder.appName(name)" />
        <added pattern="org.apache.spark.sql.DataFrameReader.textFile(path)" />
        <added pattern="org.apache.spark.sql.Dataset.map(func,evidence$6)" />
        <added pattern="java.lang.String.split(regex)" />
        <added pattern="org.apache.spark.rdd.PairRDDFunctions.reduceByKey(func)" />
        <added pattern="org.apache.spark.sql.SparkSession.Builder.master(master)" />
        <added pattern="finance.currencies.Converter.convert(money,to)" />
        <added pattern="finance.currencies.Charge.chargeInUSD(money)" />
        <added pattern="finance.currencies.Money.Money(amount,currency)" />
      </blacklist>
      <blacklist language="JavaScript" />
      <blacklist language="Groovy" />
      <blacklist language="Kotlin" />
    </blacklists>
    <option id="scala.apply.update.hint" value="true" />
    <option id="scala.references.names.hint" value="true" />
  </component>
</application>