<application>
  <component name="ParameterNameHintsSettings">
    <blacklists>
      <blacklist language="TypeScript" />
      <blacklist language="Java">
        <added pattern="java.util.concurrent.ThreadPoolExecutor.ThreadPoolExecutor(corePoolSize,maximumPoolSize,keepAliveTime,unit,workQueue)" />
        <added pattern="org.springframework.context.support.ClassPathXmlApplicationContext.ClassPathXmlApplicationContext(configLocation)" />
        <added pattern="com.baomidou.mybatisplus.core.conditions.interfaces.Func.inSql(column,inValue)" />
        <added pattern="com.baomidou.mybatisplus.core.conditions.interfaces.Join.apply(applySql,value)" />
        <added pattern="com.baomidou.mybatisplus.core.conditions.AbstractWrapper.like(condition,column,val)" />
        <added pattern="com.baomidou.mybatisplus.extension.plugins.pagination.Page.Page(current,size)" />
        <added pattern="com.baomidou.mybatisplus.extension.plugins.pagination.Page.Page(current,size,isSearchCount)" />
        <added pattern="com.baomidou.mybatisplus.core.handlers.MetaObjectHandler.setInsertFieldValByName(fieldName,fieldVal,metaObject)" />
        <added pattern="com.baomidou.mybatisplus.core.handlers.MetaObjectHandler.setUpdateFieldValByName(fieldName,fieldVal,metaObject)" />
      </blacklist>
      <blacklist language="Scala">
        <added pattern="org.apache.spark.sql.SparkSession.Builder.appName(name)" />
        <added pattern="org.apache.spark.sql.DataFrameReader.textFile(path)" />
        <added pattern="org.apache.spark.sql.Dataset.map(func,evidence$6)" />
        <added pattern="java.lang.String.split(regex)" />
        <added pattern="org.apache.spark.rdd.PairRDDFunctions.reduceByKey(func)" />
        <added pattern="org.apache.spark.sql.SparkSession.Builder.master(master)" />
        <added pattern="finance.currencies.Converter.convert(money,to)" />
        <added pattern="finance.currencies.Charge.chargeInUSD(money)" />
        <added pattern="finance.currencies.Money.Money(amount,currency)" />
      </blacklist>
      <blacklist language="JavaScript" />
      <blacklist language="Groovy" />
      <blacklist language="Kotlin" />
    </blacklists>
    <option id="scala.apply.update.hint" value="true" />
    <option id="scala.references.names.hint" value="true" />
  </component>
</application>