<application>
  <component name="PostfixTemplates">
    <template id="lambda" key=".lam" provider="builtin.java" builtin="lambda" language-level="8" topmost="false">
      <conditions />
      <template name="fakeKey" value="() -&gt; $EXPR$" toReformat="true" toShortenFQNames="true" />
    </template>
    <template id="com.intellij.codeInsight.template.postfix.templates.SwitchStatementPostfixTemplate#.switch" key=".swi" provider="builtin.java" builtin="com.intellij.codeInsight.template.postfix.templates.SwitchStatementPostfixTemplate#.switch" />
    <template id="format" key=".fmt" provider="builtin.java" builtin="format" language-level="1.3" topmost="false">
      <conditions>
        <condition id="fqn" fqn="java.lang.String" />
      </conditions>
      <template name="fakeKey" value="String.format($EXPR$, $END$)" toReformat="true" toShortenFQNames="true" />
    </template>
    <template id="com.intellij.codeInsight.template.postfix.templates.IsNullCheckPostfixTemplate#.null" key=".en" provider="builtin.java" builtin="com.intellij.codeInsight.template.postfix.templates.IsNullCheckPostfixTemplate#.null" />
    <template id="serr" key=".err" provider="builtin.java" builtin="serr" language-level="1.3" topmost="false">
      <conditions>
        <condition id="non void" />
      </conditions>
      <template name="fakeKey" value="System.err.println($EXPR$);$END$" toReformat="true" toShortenFQNames="true" />
    </template>
    <template id="synchronized" key=".syn" provider="builtin.java" builtin="synchronized" language-level="1.3" topmost="true">
      <conditions>
        <condition id="notPrimitive" />
      </conditions>
      <template name="fakeKey" value="synchronized ($EXPR$) {&#10;$END$&#10;}" toReformat="true" toShortenFQNames="true" />
    </template>
    <template id="soutv" key=".prv" provider="builtin.java" builtin="soutv" />
    <template id="com.intellij.codeInsight.template.postfix.templates.IntroduceFieldPostfixTemplate#.field" key=".f" provider="builtin.java" builtin="com.intellij.codeInsight.template.postfix.templates.IntroduceFieldPostfixTemplate#.field" />
    <template id="throw" key=".thr" provider="builtin.java" builtin="throw" language-level="1.3" topmost="true">
      <conditions>
        <condition id="fqn" fqn="java.lang.Throwable" />
      </conditions>
      <template name="fakeKey" value="throw $EXPR$;$END$" toReformat="true" toShortenFQNames="true" />
    </template>
    <template id="sout" key=".prl" provider="builtin.java" builtin="sout" language-level="1.3" topmost="true">
      <conditions>
        <condition id="non void" />
      </conditions>
      <template name="fakeKey" value="System.out.println($EXPR$);$END$" toReformat="true" toShortenFQNames="true" />
    </template>
    <template id="souf" key=".prf" provider="builtin.java" builtin="souf" language-level="1.3" topmost="true">
      <conditions>
        <condition id="non void" />
      </conditions>
      <template name="fakeKey" value="System.out.printf(&quot;$END$&quot;, $EXPR$);" toReformat="true" toShortenFQNames="true" />
    </template>
    <template id="for" key=".fori" provider="builtin.java" builtin="for" />
    <template id="fori" key=".rang" provider="builtin.java" builtin="fori" />
    <template id="reqnonnull" key=".reqnn" provider="builtin.java" builtin="reqnonnull" language-level="7" topmost="true">
      <conditions>
        <condition id="notPrimitive" />
      </conditions>
      <template name="fakeKey" value="java.util.Objects.requireNonNull($EXPR$)" toReformat="true" toShortenFQNames="true" />
    </template>
    <template id="com.intellij.codeInsight.template.postfix.templates.TryWithResourcesPostfixTemplate#.twr" key=".with" provider="builtin.java" builtin="com.intellij.codeInsight.template.postfix.templates.TryWithResourcesPostfixTemplate#.twr" />
    <template id="forr" key=".rev" provider="builtin.java" builtin="forr" />
  </component>
</application>