<application>
  <component name="GitRememberedInputs">
    <option name="visitedUrls">
      <list>
        <UrlAndUserName>
          <option name="url" value="git@github.com:Snailclimb/spring-security-jwt-guide.git" />
          <option name="userName" value="" />
        </UrlAndUserName>
        <UrlAndUserName>
          <option name="url" value="git@github.com:spring-projects/spring-framework.git" />
          <option name="userName" value="" />
        </UrlAndUserName>
      </list>
    </option>
    <option name="cloneParentDir" value="$USER_HOME$/0_Dev/projects/Java-projects" />
  </component>
</application>