<application>
  <component name="VimSettings">
    <state version="4" enabled="true" />
    <globalmarks />
    <filemarks>
      <file name="/start_script.py" timestamp="1556414007889">
        <mark key="[" line="0" column="0" />
      </file>
      <file name="/testspark" timestamp="1546884314891">
        <mark key="[" line="0" column="0" />
      </file>
      <file name="/JavaScript Implemented Method Body.txt.ft" timestamp="1561195972719">
        <mark key="[" line="0" column="0" />
      </file>
      <file name="/a.dummy" timestamp="1561297621765">
        <mark key="[" line="0" column="9" />
      </file>
      <file name="/Scala Script.txt.ft" timestamp="1561254223724">
        <mark key="[" line="0" column="0" />
        <mark key="]" line="7" column="3" />
        <mark key="." line="2" column="0" />
      </file>
      <file name="$USER_HOME$/0_Dev/Java-projects/container11/src/main/java/Container.java" timestamp="1561297616288">
        <mark key="[" line="9" column="24" />
        <mark key="]" line="10" column="1" />
        <mark key="^" line="10" column="1" />
        <mark key="." line="10" column="1" />
      </file>
      <file name="/wordcount.py" timestamp="1554903151667">
        <mark key="[" line="0" column="0" />
      </file>
      <file name="$USER_HOME$/0_Dev/Java-projects/container11/src/main/java/AppleAndOrangesWithoutGenerics.java" timestamp="1561443053561">
        <mark key="[" line="32" column="0" />
        <mark key="]" line="32" column="0" />
        <mark key="." line="32" column="0" />
        <mark key="^" line="32" column="0" />
      </file>
      <file name="$JAVA_HOME$/src.zip!/java/util/ArrayList.java" timestamp="1561349173992">
        <mark key="'" line="32" column="0" />
      </file>
      <file name="$USER_HOME$/.ivy2/cache/org.apache.spark/spark-core_2.12/srcs/spark-core_2.12-2.4.2-sources.jar!/org/apache/spark/SparkContext.scala" timestamp="1562291978164">
        <mark key="'" line="73" column="0" />
      </file>
      <file name="/Interface.txt.ft" timestamp="1561254021349">
        <mark key="[" line="0" column="0" />
      </file>
      <file name="$USER_HOME$/0_Dev/Scala-projects/spark/alan/.scalafmt.conf" timestamp="1561900074619">
        <mark key="'" line="48" column="0" />
      </file>
      <file name="/Dummy.scala" timestamp="1547126153867">
        <mark key="[" line="0" column="0" />
      </file>
      <file name="/sparktest.1.py" timestamp="1547874444894">
        <mark key="[" line="0" column="0" />
      </file>
      <file name="$USER_HOME$/.ivy2/cache/org.scala-lang/scala-library/srcs/scala-library-2.12.8-sources.jar!/scala/Array.scala" timestamp="1561901952556">
        <mark key="'" line="122" column="2" />
      </file>
      <file name="/sys_restore.py" timestamp="1546079776799">
        <mark key="[" line="0" column="0" />
      </file>
      <file name="/sparktest.py" timestamp="1547877291587">
        <mark key="[" line="0" column="0" />
      </file>
      <file name="$USER_HOME$/0_Dev/Java-projects/alanding/src/main/java/Shape/Shape.java" timestamp="1561263194026">
        <mark key="[" line="4" column="9" />
        <mark key="]" line="7" column="1" />
        <mark key="." line="7" column="1" />
        <mark key="^" line="7" column="1" />
      </file>
      <file name="/ActionScript File Header.txt.ft" timestamp="1561196050443">
        <mark key="[" line="0" column="0" />
      </file>
      <file name="$JAVA_HOME$/src.zip!/java/util/AbstractList.java" timestamp="1561302365820">
        <mark key="'" line="59" column="1" />
      </file>
      <file name="$USER_HOME$/0_Dev/Java-projects/alanding/src/main/java/Hello" timestamp="1561259772777">
        <mark key="'" line="2" column="0" />
      </file>
      <file name="$USER_HOME$/Exercise/Scala-projects/Spark/src/main/scala/cn/alanding/testspark.scala" timestamp="1545993378834">
        <mark key="[" line="0" column="0" />
      </file>
      <file name="/Scala Object.txt.ft" timestamp="1561254222483">
        <mark key="[" line="0" column="0" />
      </file>
      <file name="$JAVA_HOME$/src.zip!/java/lang/Object.java" timestamp="1561363456698">
        <mark key="'" line="555" column="0" />
        <mark key="[" line="148" column="29" />
        <mark key="]" line="148" column="27" />
        <mark key="^" line="148" column="27" />
        <mark key="." line="148" column="27" />
      </file>
      <file name="$USER_HOME$/0_Dev/Scala-projects/spark-official-examples/src/main/scala/org/apache/spark/examples/sql/SQLDataSourceExample.scala" timestamp="1562340933074">
        <mark key="[" line="37" column="32" />
        <mark key="]" line="38" column="3" />
        <mark key="." line="38" column="3" />
        <mark key="^" line="38" column="3" />
      </file>
      <file name="/Arquillian Deployment Method.txt.ft" timestamp="1561195969575">
        <mark key="[" line="0" column="0" />
      </file>
      <file name="$USER_HOME$/.SpaceVim.d/extools/conf/.scalafmt.conf" timestamp="1561900178335">
        <mark key="[" line="5" column="28" />
        <mark key="]" line="5" column="27" />
        <mark key="^" line="5" column="27" />
        <mark key="." line="5" column="27" />
      </file>
      <file name="/Python Script.txt.ft" timestamp="1561254256338">
        <mark key="[" line="0" column="0" />
      </file>
      <file name="$JAVA_HOME$/src.zip!/java/util/Collection.java" timestamp="1561347233316">
        <mark key="'" line="162" column="4" />
      </file>
      <file name="/JUnit3 SetUp Method.txt.ft" timestamp="1561195973479">
        <mark key="[" line="0" column="0" />
      </file>
      <file name="/Clipboard.txt" timestamp="1547558715762">
        <mark key="[" line="0" column="0" />
      </file>
      <file name="/sparktest" timestamp="1547879603152">
        <mark key="[" line="0" column="0" />
      </file>
      <file name="/Scala Worksheet.txt.ft" timestamp="1561254253702">
        <mark key="[" line="2" column="0" />
        <mark key="]" line="7" column="3" />
        <mark key="." line="2" column="0" />
      </file>
      <file name="$USER_HOME$/0_Dev/Java-projects/alanding/src/main/java/Shape/Square.java" timestamp="1561270543956">
        <mark key="[" line="12" column="0" />
        <mark key="]" line="12" column="0" />
        <mark key="." line="12" column="0" />
      </file>
      <file name="/Python Console" timestamp="1552215590397">
        <mark key="[" line="0" column="0" />
      </file>
      <file name="/fragment.py" timestamp="1552215656477">
        <mark key="[" line="0" column="0" />
      </file>
      <file name="/sys_restore" timestamp="1546433894281">
        <mark key="[" line="0" column="0" />
      </file>
      <file name="$USER_HOME$/0_Dev/Java-projects/alanding/src/main/java/Hello.java" timestamp="1561296707467">
        <mark key="'" line="47" column="0" />
        <mark key="[" line="43" column="1" />
        <mark key="]" line="43" column="1" />
        <mark key="." line="43" column="1" />
        <mark key="^" line="49" column="0" />
      </file>
      <file name="$USER_HOME$/0_Dev/Scala-projects/spark-official-examples/build.sbt" timestamp="1562341135978">
        <mark key="'" line="6" column="67" />
        <mark key="[" line="6" column="70" />
      </file>
      <file name="/XML Properties File.txt.ft" timestamp="1561254066764">
        <mark key="[" line="0" column="0" />
      </file>
      <file name="$JAVA_HOME$/src.zip!/java/util/Arrays.java" timestamp="1561349314368">
        <mark key="'" line="1913" column="0" />
      </file>
      <file name="$JAVA_HOME$/src.zip!/java/io/PrintStream.java" timestamp="1561213269543">
        <mark key="'" line="793" column="8" />
      </file>
      <file name="/Scala Class.txt.ft" timestamp="1561254102482">
        <mark key="[" line="0" column="0" />
        <mark key="]" line="0" column="0" />
        <mark key="." line="0" column="0" />
      </file>
      <file name="$USER_HOME$/0_Dev/Java-projects/alanding/src/main/java/Shape/RandomSpapeGenerator.java" timestamp="1561257887241">
        <mark key="[" line="16" column="0" />
        <mark key="]" line="16" column="0" />
        <mark key="." line="16" column="0" />
      </file>
      <file name="$USER_HOME$/0_Dev/Java-projects/alanding/src/main/java/Shapes.java" timestamp="1561260200802">
        <mark key="'" line="12" column="5" />
        <mark key="[" line="16" column="0" />
        <mark key="]" line="16" column="0" />
        <mark key="." line="16" column="0" />
      </file>
      <file name="/sbtShell" timestamp="1562341264013">
        <mark key="[" line="0" column="0" />
      </file>
      <file name="/HTML File.txt.ft" timestamp="1561297723411">
        <mark key="[" line="0" column="0" />
      </file>
      <file name="/testspark.py" timestamp="1546907862591">
        <mark key="[" line="0" column="0" />
      </file>
      <file name="/_pydev_execfile.py" timestamp="1552215594387">
        <mark key="[" line="0" column="0" />
      </file>
      <file name="/Dummy.txt" timestamp="1561900691960">
        <mark key="[" line="0" column="0" />
      </file>
      <file name="/Scala Console" timestamp="1547111546479">
        <mark key="[" line="0" column="0" />
      </file>
      <file name="/tarfile.py" timestamp="1549279116948">
        <mark key="[" line="0" column="0" />
      </file>
      <file name="/scratch.py" timestamp="1546019680278">
        <mark key="[" line="0" column="0" />
      </file>
      <file name="$USER_HOME$/0_Dev/Scala-projects/spark-official-examples/src/main/scala/org/apache/spark/examples/sql/SparkSQLExample.scala" timestamp="1562341977900">
        <mark key="'" line="17" column="0" />
        <mark key="[" line="44" column="0" />
        <mark key="]" line="44" column="0" />
        <mark key="." line="44" column="0" />
        <mark key="^" line="44" column="3" />
      </file>
      <file name="/package-info.txt.ft" timestamp="1561254063507">
        <mark key="[" line="0" column="0" />
      </file>
      <file name="$JAVA_HOME$/src.zip!/java/lang/Integer.java" timestamp="1561368434066">
        <mark key="'" line="25" column="0" />
      </file>
      <file name="/Enum.txt.ft" timestamp="1561254022209">
        <mark key="[" line="0" column="0" />
      </file>
      <file name="$USER_HOME$/0_Dev/Scala-projects/spark/alan/src/main/java/Learn.java" timestamp="1561906637342">
        <mark key="'" line="11" column="28" />
        <mark key="[" line="13" column="0" />
        <mark key="]" line="13" column="0" />
        <mark key="." line="13" column="0" />
      </file>
      <file name="$USER_HOME$/0_Dev/Scala-projects/spark/simpleapp/src/main/scala/SimpleApp.scala" timestamp="1562293618870">
        <mark key="'" line="21" column="8" />
        <mark key="[" line="25" column="35" />
        <mark key="]" line="25" column="35" />
        <mark key="." line="25" column="35" />
        <mark key="^" line="25" column="44" />
      </file>
      <file name="/builtins.py" timestamp="1552151779001">
        <mark key="[" line="0" column="0" />
      </file>
      <file name="/module-info.txt.ft" timestamp="1561254056196">
        <mark key="[" line="0" column="0" />
      </file>
      <file name="$USER_HOME$/0_Dev/Java-projects/alanding/src/main/java/shape/shape.java" timestamp="1561255233398">
        <mark key="[" line="3" column="13" />
        <mark key="]" line="3" column="14" />
        <mark key="." line="3" column="14" />
      </file>
      <file name="/AnnotationType.txt.ft" timestamp="1561254038465">
        <mark key="[" line="0" column="0" />
      </file>
      <file name="$USER_HOME$/0_Dev/Scala-projects/spark-official-examples/src/build.sbt" timestamp="1562339693740">
        <mark key="[" line="4" column="24" />
        <mark key="]" line="6" column="64" />
        <mark key="^" line="6" column="64" />
        <mark key="." line="6" column="64" />
      </file>
      <file name="$USER_HOME$/Exercise/Scala-projects/sbt_build/testspark/testspark.iml" timestamp="1547618383386">
        <mark key="[" line="8" column="9" />
      </file>
      <file name="/fragment.java" timestamp="1562340744692">
        <mark key="[" line="0" column="0" />
        <mark key="]" line="0" column="8" />
        <mark key="." line="0" column="8" />
      </file>
      <file name="$JAVA_HOME$/src.zip!/java/lang/Class.java" timestamp="1561363955700">
        <mark key="'" line="1232" column="4" />
        <mark key="[" line="2896" column="0" />
        <mark key="]" line="2896" column="0" />
        <mark key="^" line="2896" column="0" />
        <mark key="." line="2896" column="0" />
      </file>
      <file name="$USER_HOME$/0_Dev/Scala-projects/spark/alan/src/main/scala/entest.scala" timestamp="1561912830804">
        <mark key="[" line="9" column="0" />
        <mark key="]" line="9" column="0" />
        <mark key="^" line="2" column="0" />
        <mark key="." line="9" column="0" />
      </file>
    </filemarks>
    <jumps>
      <jump line="258" column="5" filename="$JAVA_HOME$/src.zip!/java/lang/Class.java" />
      <jump line="331" column="8" filename="$JAVA_HOME$/src.zip!/java/lang/Class.java" />
      <jump line="343" column="24" filename="$JAVA_HOME$/src.zip!/java/lang/Class.java" />
      <jump line="401" column="0" filename="$JAVA_HOME$/src.zip!/java/lang/Class.java" />
      <jump line="404" column="12" filename="$JAVA_HOME$/src.zip!/java/lang/Class.java" />
      <jump line="415" column="16" filename="$JAVA_HOME$/src.zip!/java/lang/Class.java" />
      <jump line="429" column="8" filename="$JAVA_HOME$/src.zip!/java/lang/Class.java" />
      <jump line="442" column="8" filename="$JAVA_HOME$/src.zip!/java/lang/Class.java" />
      <jump line="482" column="4" filename="$JAVA_HOME$/src.zip!/java/lang/Class.java" />
      <jump line="522" column="4" filename="$JAVA_HOME$/src.zip!/java/lang/Class.java" />
      <jump line="586" column="0" filename="$JAVA_HOME$/src.zip!/java/lang/Class.java" />
      <jump line="649" column="4" filename="$JAVA_HOME$/src.zip!/java/lang/Class.java" />
      <jump line="133" column="5" filename="$JAVA_HOME$/src.zip!/java/lang/Class.java" />
      <jump line="158" column="4" filename="$JAVA_HOME$/src.zip!/java/lang/Class.java" />
      <jump line="197" column="12" filename="$JAVA_HOME$/src.zip!/java/lang/Class.java" />
      <jump line="212" column="12" filename="$JAVA_HOME$/src.zip!/java/lang/Class.java" />
      <jump line="228" column="4" filename="$JAVA_HOME$/src.zip!/java/lang/Class.java" />
      <jump line="240" column="5" filename="$JAVA_HOME$/src.zip!/java/lang/Class.java" />
      <jump line="253" column="5" filename="$JAVA_HOME$/src.zip!/java/lang/Class.java" />
      <jump line="267" column="4" filename="$JAVA_HOME$/src.zip!/java/lang/Class.java" />
      <jump line="340" column="16" filename="$JAVA_HOME$/src.zip!/java/lang/Class.java" />
      <jump line="351" column="4" filename="$JAVA_HOME$/src.zip!/java/lang/Class.java" />
      <jump line="397" column="8" filename="$JAVA_HOME$/src.zip!/java/lang/Class.java" />
      <jump line="411" column="16" filename="$JAVA_HOME$/src.zip!/java/lang/Class.java" />
      <jump line="422" column="24" filename="$JAVA_HOME$/src.zip!/java/lang/Class.java" />
      <jump line="435" column="16" filename="$JAVA_HOME$/src.zip!/java/lang/Class.java" />
      <jump line="448" column="4" filename="$JAVA_HOME$/src.zip!/java/lang/Class.java" />
      <jump line="512" column="4" filename="$JAVA_HOME$/src.zip!/java/lang/Class.java" />
      <jump line="572" column="8" filename="$JAVA_HOME$/src.zip!/java/lang/Class.java" />
      <jump line="644" column="0" filename="$JAVA_HOME$/src.zip!/java/lang/Class.java" />
      <jump line="958" column="0" filename="$JAVA_HOME$/src.zip!/java/lang/Class.java" />
      <jump line="968" column="0" filename="$JAVA_HOME$/src.zip!/java/lang/Class.java" />
      <jump line="1021" column="0" filename="$JAVA_HOME$/src.zip!/java/lang/Class.java" />
      <jump line="1037" column="49" filename="$JAVA_HOME$/src.zip!/java/lang/Class.java" />
      <jump line="1053" column="28" filename="$JAVA_HOME$/src.zip!/java/lang/Class.java" />
      <jump line="1069" column="0" filename="$JAVA_HOME$/src.zip!/java/lang/Class.java" />
      <jump line="1085" column="12" filename="$JAVA_HOME$/src.zip!/java/lang/Class.java" />
      <jump line="1101" column="16" filename="$JAVA_HOME$/src.zip!/java/lang/Class.java" />
      <jump line="1119" column="8" filename="$JAVA_HOME$/src.zip!/java/lang/Class.java" />
      <jump line="1168" column="0" filename="$JAVA_HOME$/src.zip!/java/lang/Class.java" />
      <jump line="1184" column="16" filename="$JAVA_HOME$/src.zip!/java/lang/Class.java" />
      <jump line="1200" column="28" filename="$JAVA_HOME$/src.zip!/java/lang/Class.java" />
      <jump line="1232" column="4" filename="$JAVA_HOME$/src.zip!/java/lang/Class.java" />
      <jump line="315" column="0" filename="$JAVA_HOME$/src.zip!/java/lang/Integer.java" />
      <jump line="396" column="4" filename="$JAVA_HOME$/src.zip!/java/lang/Integer.java" />
      <jump line="795" column="16" filename="$JAVA_HOME$/src.zip!/java/lang/Integer.java" />
      <jump line="779" column="4" filename="$JAVA_HOME$/src.zip!/java/lang/Integer.java" />
      <jump line="709" column="4" filename="$JAVA_HOME$/src.zip!/java/lang/Integer.java" />
      <jump line="678" column="20" filename="$JAVA_HOME$/src.zip!/java/lang/Integer.java" />
      <jump line="662" column="8" filename="$JAVA_HOME$/src.zip!/java/lang/Integer.java" />
      <jump line="588" column="16" filename="$JAVA_HOME$/src.zip!/java/lang/Integer.java" />
      <jump line="572" column="16" filename="$JAVA_HOME$/src.zip!/java/lang/Integer.java" />
      <jump line="556" column="8" filename="$JAVA_HOME$/src.zip!/java/lang/Integer.java" />
      <jump line="540" column="8" filename="$JAVA_HOME$/src.zip!/java/lang/Integer.java" />
      <jump line="470" column="4" filename="$JAVA_HOME$/src.zip!/java/lang/Integer.java" />
      <jump line="454" column="8" filename="$JAVA_HOME$/src.zip!/java/lang/Integer.java" />
      <jump line="438" column="12" filename="$JAVA_HOME$/src.zip!/java/lang/Integer.java" />
      <jump line="399" column="8" filename="$JAVA_HOME$/src.zip!/java/lang/Integer.java" />
      <jump line="374" column="8" filename="$JAVA_HOME$/src.zip!/java/lang/Integer.java" />
      <jump line="358" column="8" filename="$JAVA_HOME$/src.zip!/java/lang/Integer.java" />
      <jump line="342" column="8" filename="$JAVA_HOME$/src.zip!/java/lang/Integer.java" />
      <jump line="318" column="4" filename="$JAVA_HOME$/src.zip!/java/lang/Integer.java" />
      <jump line="269" column="4" filename="$JAVA_HOME$/src.zip!/java/lang/Integer.java" />
      <jump line="152" column="8" filename="$JAVA_HOME$/src.zip!/java/lang/Integer.java" />
      <jump line="136" column="8" filename="$JAVA_HOME$/src.zip!/java/lang/Integer.java" />
      <jump line="77" column="8" filename="$JAVA_HOME$/src.zip!/java/lang/Integer.java" />
      <jump line="27" column="0" filename="$JAVA_HOME$/src.zip!/java/lang/Integer.java" />
      <jump line="25" column="0" filename="$JAVA_HOME$/src.zip!/java/lang/Integer.java" />
      <jump line="32" column="0" filename="$USER_HOME$/0_Dev/Scala-projects/spark/alan/.scalafmt.conf" />
      <jump line="48" column="0" filename="$USER_HOME$/0_Dev/Scala-projects/spark/alan/.scalafmt.conf" />
      <jump line="9" column="2" filename="$USER_HOME$/0_Dev/Scala-projects/spark/alan/src/main/scala/entest.scala" />
      <jump line="49" column="1" filename="$USER_HOME$/.ivy2/cache/org.scala-lang/scala-library/srcs/scala-library-2.12.8-sources.jar!/scala/Array.scala" />
      <jump line="72" column="2" filename="$USER_HOME$/.ivy2/cache/org.scala-lang/scala-library/srcs/scala-library-2.12.8-sources.jar!/scala/Array.scala" />
      <jump line="88" column="0" filename="$USER_HOME$/.ivy2/cache/org.scala-lang/scala-library/srcs/scala-library-2.12.8-sources.jar!/scala/Array.scala" />
      <jump line="122" column="2" filename="$USER_HOME$/.ivy2/cache/org.scala-lang/scala-library/srcs/scala-library-2.12.8-sources.jar!/scala/Array.scala" />
      <jump line="11" column="28" filename="$USER_HOME$/0_Dev/Scala-projects/spark/alan/src/main/java/Learn.java" />
      <jump line="11" column="34" filename="$USER_HOME$/0_Dev/Scala-projects/spark/simpleapp/src/main/scala/SimpleApp.scala" />
      <jump line="20" column="8" filename="$USER_HOME$/0_Dev/Scala-projects/spark/simpleapp/src/main/scala/SimpleApp.scala" />
      <jump line="73" column="0" filename="$USER_HOME$/.ivy2/cache/org.apache.spark/spark-core_2.12/srcs/spark-core_2.12-2.4.2-sources.jar!/org/apache/spark/SparkContext.scala" />
      <jump line="6" column="67" filename="$USER_HOME$/0_Dev/Scala-projects/spark-official-examples/build.sbt" />
      <jump line="208" column="4" filename="$USER_HOME$/0_Dev/Scala-projects/spark-official-examples/src/main/scala/org/apache/spark/examples/sql/SparkSQLExample.scala" />
      <jump line="259" column="0" filename="$USER_HOME$/0_Dev/Scala-projects/spark-official-examples/src/main/scala/org/apache/spark/examples/sql/SparkSQLExample.scala" />
      <jump line="272" column="0" filename="$USER_HOME$/0_Dev/Scala-projects/spark-official-examples/src/main/scala/org/apache/spark/examples/sql/SparkSQLExample.scala" />
      <jump line="256" column="0" filename="$USER_HOME$/0_Dev/Scala-projects/spark-official-examples/src/main/scala/org/apache/spark/examples/sql/SparkSQLExample.scala" />
      <jump line="243" column="6" filename="$USER_HOME$/0_Dev/Scala-projects/spark-official-examples/src/main/scala/org/apache/spark/examples/sql/SparkSQLExample.scala" />
      <jump line="227" column="4" filename="$USER_HOME$/0_Dev/Scala-projects/spark-official-examples/src/main/scala/org/apache/spark/examples/sql/SparkSQLExample.scala" />
      <jump line="211" column="4" filename="$USER_HOME$/0_Dev/Scala-projects/spark-official-examples/src/main/scala/org/apache/spark/examples/sql/SparkSQLExample.scala" />
      <jump line="195" column="6" filename="$USER_HOME$/0_Dev/Scala-projects/spark-official-examples/src/main/scala/org/apache/spark/examples/sql/SparkSQLExample.scala" />
      <jump line="179" column="4" filename="$USER_HOME$/0_Dev/Scala-projects/spark-official-examples/src/main/scala/org/apache/spark/examples/sql/SparkSQLExample.scala" />
      <jump line="163" column="4" filename="$USER_HOME$/0_Dev/Scala-projects/spark-official-examples/src/main/scala/org/apache/spark/examples/sql/SparkSQLExample.scala" />
      <jump line="147" column="4" filename="$USER_HOME$/0_Dev/Scala-projects/spark-official-examples/src/main/scala/org/apache/spark/examples/sql/SparkSQLExample.scala" />
      <jump line="131" column="0" filename="$USER_HOME$/0_Dev/Scala-projects/spark-official-examples/src/main/scala/org/apache/spark/examples/sql/SparkSQLExample.scala" />
      <jump line="115" column="4" filename="$USER_HOME$/0_Dev/Scala-projects/spark-official-examples/src/main/scala/org/apache/spark/examples/sql/SparkSQLExample.scala" />
      <jump line="99" column="4" filename="$USER_HOME$/0_Dev/Scala-projects/spark-official-examples/src/main/scala/org/apache/spark/examples/sql/SparkSQLExample.scala" />
      <jump line="83" column="4" filename="$USER_HOME$/0_Dev/Scala-projects/spark-official-examples/src/main/scala/org/apache/spark/examples/sql/SparkSQLExample.scala" />
      <jump line="67" column="4" filename="$USER_HOME$/0_Dev/Scala-projects/spark-official-examples/src/main/scala/org/apache/spark/examples/sql/SparkSQLExample.scala" />
      <jump line="51" column="4" filename="$USER_HOME$/0_Dev/Scala-projects/spark-official-examples/src/main/scala/org/apache/spark/examples/sql/SparkSQLExample.scala" />
      <jump line="35" column="4" filename="$USER_HOME$/0_Dev/Scala-projects/spark-official-examples/src/main/scala/org/apache/spark/examples/sql/SparkSQLExample.scala" />
      <jump line="19" column="0" filename="$USER_HOME$/0_Dev/Scala-projects/spark-official-examples/src/main/scala/org/apache/spark/examples/sql/SparkSQLExample.scala" />
      <jump line="17" column="0" filename="$USER_HOME$/0_Dev/Scala-projects/spark-official-examples/src/main/scala/org/apache/spark/examples/sql/SparkSQLExample.scala" />
    </jumps>
    <registers>
      <register name="a" type="4">
        <text>-k</text>
      </register>
      <register name="&quot;" type="4">
        <text encoding="base64">Cg==</text>
      </register>
      <register name="d" type="4">
        <keys>
          <key char="65535" code="27" mods="0" />
          <key char="65535" code="27" mods="0" />
        </keys>
      </register>
      <register name="*" type="4">
        <text>{}</text>
      </register>
      <register name="j" type="4">
        <keys>
          <key char="106" code="0" mods="0" />
          <key char="65535" code="27" mods="0" />
        </keys>
      </register>
      <register name="k" type="4">
        <keys>
          <key char="107" code="0" mods="0" />
          <key char="107" code="0" mods="0" />
          <key char="107" code="0" mods="0" />
          <key char="107" code="0" mods="0" />
          <key char="106" code="0" mods="0" />
          <key char="106" code="0" mods="0" />
          <key char="58" code="0" mods="0" />
          <key char="97" code="0" mods="0" />
          <key char="99" code="0" mods="0" />
          <key char="116" code="0" mods="0" />
          <key char="105" code="0" mods="0" />
          <key char="111" code="0" mods="0" />
          <key char="110" code="0" mods="0" />
          <key char="32" code="0" mods="0" />
          <key char="71" code="0" mods="0" />
          <key char="105" code="0" mods="0" />
          <key char="116" code="0" mods="0" />
          <key char="46" code="0" mods="0" />
          <key char="67" code="0" mods="0" />
          <key char="111" code="0" mods="0" />
          <key char="110" code="0" mods="0" />
          <key char="116" code="0" mods="0" />
          <key char="101" code="0" mods="0" />
          <key char="120" code="0" mods="0" />
          <key char="116" code="0" mods="0" />
          <key char="77" code="0" mods="0" />
          <key char="101" code="0" mods="0" />
          <key char="110" code="0" mods="0" />
          <key char="117" code="0" mods="0" />
          <key char="97" code="0" mods="0" />
          <key char="99" code="0" mods="0" />
          <key char="116" code="0" mods="0" />
          <key char="105" code="0" mods="0" />
          <key char="111" code="0" mods="0" />
          <key char="110" code="0" mods="0" />
          <key char="32" code="0" mods="0" />
          <key char="71" code="0" mods="0" />
          <key char="105" code="0" mods="0" />
          <key char="116" code="0" mods="0" />
          <key char="46" code="0" mods="0" />
          <key char="67" code="0" mods="0" />
          <key char="111" code="0" mods="0" />
          <key char="110" code="0" mods="0" />
          <key char="116" code="0" mods="0" />
          <key char="101" code="0" mods="0" />
          <key char="120" code="0" mods="0" />
          <key char="116" code="0" mods="0" />
          <key char="77" code="0" mods="0" />
          <key char="101" code="0" mods="0" />
          <key char="110" code="0" mods="0" />
          <key char="117" code="0" mods="0" />
          <key char="65535" code="10" mods="0" />
          <key char="58" code="0" mods="0" />
          <key char="97" code="0" mods="0" />
          <key char="99" code="0" mods="0" />
          <key char="116" code="0" mods="0" />
          <key char="105" code="0" mods="0" />
          <key char="111" code="0" mods="0" />
          <key char="110" code="0" mods="0" />
          <key char="32" code="0" mods="0" />
          <key char="71" code="0" mods="0" />
          <key char="105" code="0" mods="0" />
          <key char="116" code="0" mods="0" />
          <key char="46" code="0" mods="0" />
          <key char="108" code="0" mods="0" />
          <key char="111" code="0" mods="0" />
          <key char="103" code="0" mods="0" />
          <key char="97" code="0" mods="0" />
          <key char="99" code="0" mods="0" />
          <key char="116" code="0" mods="0" />
          <key char="105" code="0" mods="0" />
          <key char="111" code="0" mods="0" />
          <key char="110" code="0" mods="0" />
          <key char="32" code="0" mods="0" />
          <key char="71" code="0" mods="0" />
          <key char="105" code="0" mods="0" />
          <key char="116" code="0" mods="0" />
          <key char="46" code="0" mods="0" />
          <key char="108" code="0" mods="0" />
          <key char="111" code="0" mods="0" />
          <key char="103" code="0" mods="0" />
          <key char="65535" code="10" mods="0" />
          <key char="65535" code="27" mods="0" />
          <key char="58" code="0" mods="0" />
          <key char="97" code="0" mods="0" />
          <key char="99" code="0" mods="0" />
          <key char="116" code="0" mods="0" />
          <key char="105" code="0" mods="0" />
          <key char="111" code="0" mods="0" />
          <key char="110" code="0" mods="0" />
          <key char="32" code="0" mods="0" />
          <key char="71" code="0" mods="0" />
          <key char="105" code="0" mods="0" />
          <key char="116" code="0" mods="0" />
          <key char="46" code="0" mods="0" />
          <key char="77" code="0" mods="0" />
          <key char="101" code="0" mods="0" />
          <key char="110" code="0" mods="0" />
          <key char="117" code="0" mods="0" />
          <key char="97" code="0" mods="0" />
          <key char="99" code="0" mods="0" />
          <key char="116" code="0" mods="0" />
          <key char="105" code="0" mods="0" />
          <key char="111" code="0" mods="0" />
          <key char="110" code="0" mods="0" />
          <key char="32" code="0" mods="0" />
          <key char="71" code="0" mods="0" />
          <key char="105" code="0" mods="0" />
          <key char="116" code="0" mods="0" />
          <key char="46" code="0" mods="0" />
          <key char="77" code="0" mods="0" />
          <key char="101" code="0" mods="0" />
          <key char="110" code="0" mods="0" />
          <key char="117" code="0" mods="0" />
          <key char="65535" code="10" mods="0" />
          <key char="65535" code="27" mods="0" />
          <key char="58" code="0" mods="0" />
          <key char="97" code="0" mods="0" />
          <key char="99" code="0" mods="0" />
          <key char="116" code="0" mods="0" />
          <key char="105" code="0" mods="0" />
          <key char="111" code="0" mods="0" />
          <key char="110" code="0" mods="0" />
          <key char="32" code="0" mods="0" />
          <key char="71" code="0" mods="0" />
          <key char="105" code="0" mods="0" />
          <key char="116" code="0" mods="0" />
          <key char="46" code="0" mods="0" />
          <key char="108" code="0" mods="0" />
          <key char="111" code="0" mods="0" />
          <key char="103" code="0" mods="0" />
          <key char="97" code="0" mods="0" />
          <key char="99" code="0" mods="0" />
          <key char="116" code="0" mods="0" />
          <key char="105" code="0" mods="0" />
          <key char="111" code="0" mods="0" />
          <key char="110" code="0" mods="0" />
          <key char="32" code="0" mods="0" />
          <key char="71" code="0" mods="0" />
          <key char="105" code="0" mods="0" />
          <key char="116" code="0" mods="0" />
          <key char="46" code="0" mods="0" />
          <key char="108" code="0" mods="0" />
          <key char="111" code="0" mods="0" />
          <key char="103" code="0" mods="0" />
          <key char="65535" code="10" mods="0" />
          <key char="58" code="0" mods="0" />
          <key char="97" code="0" mods="0" />
          <key char="99" code="0" mods="0" />
          <key char="116" code="0" mods="0" />
          <key char="105" code="0" mods="0" />
          <key char="111" code="0" mods="0" />
          <key char="110" code="0" mods="0" />
          <key char="32" code="0" mods="0" />
          <key char="71" code="0" mods="0" />
          <key char="105" code="0" mods="0" />
          <key char="116" code="0" mods="0" />
          <key char="46" code="0" mods="0" />
          <key char="77" code="0" mods="0" />
          <key char="101" code="0" mods="0" />
          <key char="110" code="0" mods="0" />
          <key char="117" code="0" mods="0" />
          <key char="97" code="0" mods="0" />
          <key char="99" code="0" mods="0" />
          <key char="116" code="0" mods="0" />
          <key char="105" code="0" mods="0" />
          <key char="111" code="0" mods="0" />
          <key char="110" code="0" mods="0" />
          <key char="32" code="0" mods="0" />
          <key char="71" code="0" mods="0" />
          <key char="105" code="0" mods="0" />
          <key char="116" code="0" mods="0" />
          <key char="46" code="0" mods="0" />
          <key char="77" code="0" mods="0" />
          <key char="101" code="0" mods="0" />
          <key char="110" code="0" mods="0" />
          <key char="117" code="0" mods="0" />
          <key char="65535" code="10" mods="0" />
          <key char="103" code="0" mods="0" />
          <key char="65535" code="27" mods="0" />
        </keys>
      </register>
      <register name="-" type="4">
        <text encoding="base64">IA==</text>
      </register>
      <register name="n" type="4">
        <text />
      </register>
      <register name="/" type="4">
        <text>spark</text>
      </register>
      <register name="0" type="2">
        <text encoding="base64">ICAgIHNlc3Npb24uc3RvcCgpCg==</text>
      </register>
      <register name="1" type="4">
        <text>{}</text>
      </register>
      <register name="q" type="4">
        <keys>
          <key char="58" code="0" mods="0" />
          <key char="99" code="0" mods="0" />
          <key char="108" code="0" mods="0" />
          <key char="111" code="0" mods="0" />
          <key char="115" code="0" mods="0" />
          <key char="101" code="0" mods="0" />
          <key char="99" code="0" mods="0" />
          <key char="108" code="0" mods="0" />
          <key char="111" code="0" mods="0" />
          <key char="115" code="0" mods="0" />
          <key char="101" code="0" mods="0" />
          <key char="65535" code="10" mods="0" />
        </keys>
      </register>
      <register name="2" type="4">
        <text>&quot;org.apache.spark&quot; %% &quot;spark-sql&quot; % &quot;2.4.2&quot;</text>
      </register>
      <register name="3" type="2">
        <text encoding="base64">ICAgIHByaW50ZigiJXMiLCkK</text>
      </register>
      <register name="4" type="2">
        <text encoding="base64">ICAgIHByaW50ZigiJXMiLCApCg==</text>
      </register>
      <register name="5" type="2">
        <text encoding="base64">Cg==</text>
      </register>
      <register name="6" type="2">
        <text encoding="base64">ICAK</text>
      </register>
      <register name="7" type="2">
        <text encoding="base64">Cg==</text>
      </register>
      <register name="w" type="4">
        <keys>
          <key char="39" code="0" mods="0" />
          <key char="39" code="0" mods="0" />
          <key char="119" code="0" mods="0" />
          <key char="39" code="0" mods="0" />
          <key char="39" code="0" mods="0" />
          <key char="119" code="0" mods="0" />
          <key char="39" code="0" mods="0" />
          <key char="39" code="0" mods="0" />
          <key char="119" code="0" mods="0" />
          <key char="39" code="0" mods="0" />
          <key char="39" code="0" mods="0" />
          <key char="119" code="0" mods="0" />
          <key char="39" code="0" mods="0" />
          <key char="39" code="0" mods="0" />
          <key char="119" code="0" mods="0" />
          <key char="39" code="0" mods="0" />
          <key char="39" code="0" mods="0" />
          <key char="119" code="0" mods="0" />
          <key char="39" code="0" mods="0" />
          <key char="39" code="0" mods="0" />
          <key char="119" code="0" mods="0" />
          <key char="39" code="0" mods="0" />
          <key char="39" code="0" mods="0" />
          <key char="119" code="0" mods="0" />
          <key char="39" code="0" mods="0" />
          <key char="39" code="0" mods="0" />
          <key char="119" code="0" mods="0" />
          <key char="39" code="0" mods="0" />
          <key char="39" code="0" mods="0" />
          <key char="119" code="0" mods="0" />
          <key char="39" code="0" mods="0" />
          <key char="39" code="0" mods="0" />
          <key char="119" code="0" mods="0" />
          <key char="39" code="0" mods="0" />
          <key char="39" code="0" mods="0" />
          <key char="119" code="0" mods="0" />
          <key char="39" code="0" mods="0" />
          <key char="39" code="0" mods="0" />
          <key char="119" code="0" mods="0" />
          <key char="39" code="0" mods="0" />
          <key char="39" code="0" mods="0" />
          <key char="119" code="0" mods="0" />
          <key char="58" code="0" mods="0" />
          <key char="97" code="0" mods="0" />
          <key char="99" code="0" mods="0" />
          <key char="116" code="0" mods="0" />
          <key char="105" code="0" mods="0" />
          <key char="111" code="0" mods="0" />
          <key char="110" code="0" mods="0" />
          <key char="32" code="0" mods="0" />
          <key char="79" code="0" mods="0" />
          <key char="112" code="0" mods="0" />
          <key char="101" code="0" mods="0" />
          <key char="110" code="0" mods="0" />
          <key char="70" code="0" mods="0" />
          <key char="105" code="0" mods="0" />
          <key char="108" code="0" mods="0" />
          <key char="101" code="0" mods="0" />
          <key char="97" code="0" mods="0" />
          <key char="99" code="0" mods="0" />
          <key char="116" code="0" mods="0" />
          <key char="105" code="0" mods="0" />
          <key char="111" code="0" mods="0" />
          <key char="110" code="0" mods="0" />
          <key char="32" code="0" mods="0" />
          <key char="79" code="0" mods="0" />
          <key char="112" code="0" mods="0" />
          <key char="101" code="0" mods="0" />
          <key char="110" code="0" mods="0" />
          <key char="70" code="0" mods="0" />
          <key char="105" code="0" mods="0" />
          <key char="108" code="0" mods="0" />
          <key char="101" code="0" mods="0" />
          <key char="65535" code="10" mods="0" />
          <key char="111" code="0" mods="0" />
          <key char="117" code="0" mods="0" />
          <key char="65535" code="27" mods="0" />
          <key char="117" code="0" mods="0" />
          <key char="117" code="0" mods="0" />
          <key char="117" code="0" mods="0" />
          <key char="106" code="0" mods="0" />
          <key char="106" code="0" mods="0" />
          <key char="58" code="0" mods="0" />
          <key char="110" code="0" mods="0" />
          <key char="111" code="0" mods="0" />
          <key char="104" code="0" mods="0" />
          <key char="108" code="0" mods="0" />
          <key char="110" code="0" mods="0" />
          <key char="111" code="0" mods="0" />
          <key char="104" code="0" mods="0" />
          <key char="108" code="0" mods="0" />
          <key char="65535" code="10" mods="0" />
          <key char="108" code="0" mods="0" />
          <key char="107" code="0" mods="0" />
          <key char="58" code="0" mods="0" />
          <key char="97" code="0" mods="0" />
          <key char="99" code="0" mods="0" />
          <key char="116" code="0" mods="0" />
          <key char="105" code="0" mods="0" />
          <key char="111" code="0" mods="0" />
          <key char="110" code="0" mods="0" />
          <key char="32" code="0" mods="0" />
          <key char="79" code="0" mods="0" />
          <key char="112" code="0" mods="0" />
          <key char="101" code="0" mods="0" />
          <key char="110" code="0" mods="0" />
          <key char="70" code="0" mods="0" />
          <key char="105" code="0" mods="0" />
          <key char="108" code="0" mods="0" />
          <key char="101" code="0" mods="0" />
          <key char="97" code="0" mods="0" />
          <key char="99" code="0" mods="0" />
          <key char="116" code="0" mods="0" />
          <key char="105" code="0" mods="0" />
          <key char="111" code="0" mods="0" />
          <key char="110" code="0" mods="0" />
          <key char="32" code="0" mods="0" />
          <key char="79" code="0" mods="0" />
          <key char="112" code="0" mods="0" />
          <key char="101" code="0" mods="0" />
          <key char="110" code="0" mods="0" />
          <key char="70" code="0" mods="0" />
          <key char="105" code="0" mods="0" />
          <key char="108" code="0" mods="0" />
          <key char="101" code="0" mods="0" />
          <key char="65535" code="10" mods="0" />
          <key char="111" code="0" mods="0" />
          <key char="117" code="0" mods="0" />
          <key char="65535" code="27" mods="0" />
          <key char="117" code="0" mods="0" />
          <key char="117" code="0" mods="0" />
          <key char="117" code="0" mods="0" />
          <key char="111" code="0" mods="0" />
          <key char="65535" code="27" mods="0" />
          <key char="117" code="0" mods="0" />
          <key char="117" code="0" mods="0" />
          <key char="58" code="0" mods="0" />
          <key char="110" code="0" mods="0" />
          <key char="111" code="0" mods="0" />
          <key char="104" code="0" mods="0" />
          <key char="108" code="0" mods="0" />
          <key char="110" code="0" mods="0" />
          <key char="111" code="0" mods="0" />
          <key char="104" code="0" mods="0" />
          <key char="108" code="0" mods="0" />
          <key char="65535" code="10" mods="0" />
          <key char="108" code="0" mods="0" />
          <key char="115" code="0" mods="0" />
          <key char="65535" code="27" mods="0" />
          <key char="117" code="0" mods="0" />
          <key char="117" code="0" mods="0" />
          <key char="58" code="0" mods="0" />
          <key char="110" code="0" mods="0" />
          <key char="111" code="0" mods="0" />
          <key char="104" code="0" mods="0" />
          <key char="108" code="0" mods="0" />
          <key char="110" code="0" mods="0" />
          <key char="111" code="0" mods="0" />
          <key char="104" code="0" mods="0" />
          <key char="108" code="0" mods="0" />
          <key char="65535" code="10" mods="0" />
          <key char="108" code="0" mods="0" />
          <key char="65535" code="27" mods="0" />
          <key char="104" code="0" mods="0" />
          <key char="104" code="0" mods="0" />
          <key char="104" code="0" mods="0" />
          <key char="58" code="0" mods="0" />
          <key char="118" code="0" mods="0" />
          <key char="115" code="0" mods="0" />
          <key char="118" code="0" mods="0" />
          <key char="115" code="0" mods="0" />
          <key char="65535" code="10" mods="0" />
          <key char="118" code="0" mods="0" />
          <key char="76" code="0" mods="0" />
          <key char="65535" code="27" mods="0" />
          <key char="107" code="0" mods="0" />
          <key char="65535" code="87" mods="130" />
          <key char="65535" code="87" mods="130" />
          <key char="108" code="0" mods="0" />
          <key char="107" code="0" mods="0" />
          <key char="107" code="0" mods="0" />
          <key char="106" code="0" mods="0" />
          <key char="106" code="0" mods="0" />
        </keys>
      </register>
      <register name="8" type="2">
        <text encoding="base64">ICBkZWYgbWFpbihhcmdzOiBBcnJheVtTdHJpbmddKTogVW5pdCA9IHsKICAgIAogIH0K</text>
      </register>
      <register name="9" type="2">
        <text encoding="base64">ICAgIHByaW50bG4ocyJMaW5lcyB3aXRoIGE6ICRudW1BcywgTGluZXMgd2l0aCBiOiAkbnVtQnMiKQo=</text>
      </register>
      <register name=":" type="4">
        <text>close</text>
      </register>
    </registers>
    <search>
      <last-search>spark</last-search>
      <last-offset />
      <last-pattern>spark</last-pattern>
      <last-replace>a</last-replace>
      <last-substitute encoding="base64">XDxzYXZlQXNUZXh0RmlsZVw+</last-substitute>
      <last-dir>1</last-dir>
      <show-last>false</show-last>
    </search>
    <history>
      <history-search>
        <entry encoding="base64">XDxBdXRob3JcPg==</entry>
        <entry>author</entry>
        <entry encoding="base64">XDxweVw+</entry>
        <entry encoding="base64">XDxyeXNwYXJrXD4=</entry>
        <entry>python</entry>
        <entry encoding="base64">XDxmdWNrXD4=</entry>
        <entry encoding="base64">XDxweXRob25cPg==</entry>
        <entry encoding="base64">XDxmcm9tXD4=</entry>
        <entry encoding="base64">XDxsb2dEYXRhXD4=</entry>
        <entry encoding="base64">XDxpbnB1dFw+</entry>
        <entry encoding="base64">XDxsaW5lXD4=</entry>
        <entry encoding="base64">XDxzcGFya1w+</entry>
        <entry encoding="base64">XDxudW1Bc1w+</entry>
        <entry>numas</entry>
        <entry>ArrayList</entry>
        <entry>apples</entry>
        <entry>Cloneable</entry>
        <entry>cloneable</entry>
        <entry>asList</entry>
        <entry>spark</entry>
      </history-search>
      <history-cmd>
        <entry>action GotoSuperMethod</entry>
        <entry>action InsertLiveTemplate</entry>
        <entry>action TypeHierarchy</entry>
        <entry>action GotoImplementation</entry>
        <entry>action EditorJoinLines</entry>
        <entry>action Exit</entry>
        <entry>action RunConfiguration</entry>
        <entry encoding="base64">JzwsJz5hY3Rpb24gQ29tbWVudEJ5TGluZUNvbW1lbnQ=</entry>
        <entry>action CommentByLineComment</entry>
        <entry>action Run</entry>
        <entry>action RenameElement</entry>
        <entry>action PreviousTab</entry>
        <entry>action Back</entry>
        <entry>action CloseProject</entry>
        <entry>action EditorDeleteToLineStart</entry>
        <entry>action NextTab</entry>
        <entry>action SelectInProjectView</entry>
        <entry>action GotoDeclaration</entry>
        <entry>action ReformatCode</entry>
        <entry>nohl</entry>
        <entry>action GotoTypeDeclaration</entry>
        <entry>close</entry>
      </history-cmd>
      <history-expr />
      <history-input />
    </history>
    <shortcut-conflicts>
      <shortcut-conflict owner="vim">
        <text>ctrl pressed V</text>
      </shortcut-conflict>
      <shortcut-conflict owner="vim">
        <text>ctrl pressed A</text>
      </shortcut-conflict>
      <shortcut-conflict owner="ide">
        <text>ctrl pressed P</text>
      </shortcut-conflict>
      <shortcut-conflict owner="vim">
        <text>ctrl pressed Q</text>
      </shortcut-conflict>
      <shortcut-conflict owner="vim">
        <text>ctrl pressed R</text>
      </shortcut-conflict>
      <shortcut-conflict owner="ide">
        <text>ctrl pressed S</text>
      </shortcut-conflict>
      <shortcut-conflict owner="vim">
        <text>ctrl pressed U</text>
      </shortcut-conflict>
      <shortcut-conflict owner="vim">
        <text>ctrl pressed B</text>
      </shortcut-conflict>
      <shortcut-conflict owner="vim">
        <text>ctrl pressed W</text>
      </shortcut-conflict>
      <shortcut-conflict owner="vim">
        <text>ctrl pressed N</text>
      </shortcut-conflict>
      <shortcut-conflict owner="vim">
        <text>ctrl pressed D</text>
      </shortcut-conflict>
      <shortcut-conflict owner="vim">
        <text>ctrl pressed O</text>
      </shortcut-conflict>
      <shortcut-conflict owner="vim">
        <text>ctrl pressed F</text>
      </shortcut-conflict>
      <shortcut-conflict owner="ide">
        <text>ctrl pressed OPEN_BRACKET</text>
      </shortcut-conflict>
      <shortcut-conflict owner="ide">
        <text>ctrl pressed G</text>
      </shortcut-conflict>
      <shortcut-conflict owner="ide">
        <text>ctrl pressed H</text>
      </shortcut-conflict>
      <shortcut-conflict owner="vim">
        <text>ctrl pressed CLOSE_BRACKET</text>
      </shortcut-conflict>
      <shortcut-conflict owner="ide">
        <text>ctrl pressed T</text>
      </shortcut-conflict>
      <shortcut-conflict owner="vim">
        <text>ctrl pressed I</text>
      </shortcut-conflict>
      <shortcut-conflict owner="vim">
        <text>ctrl pressed M</text>
      </shortcut-conflict>
      <shortcut-conflict owner="vim">
        <text>ctrl pressed E</text>
      </shortcut-conflict>
      <shortcut-conflict owner="ide">
        <text>ctrl pressed BACK_SLASH</text>
      </shortcut-conflict>
      <shortcut-conflict owner="vim">
        <text>ctrl pressed X</text>
      </shortcut-conflict>
      <shortcut-conflict owner="ide">
        <text>ctrl pressed Y</text>
      </shortcut-conflict>
      <shortcut-conflict owner="ide">
        <text>shift ctrl pressed 2</text>
      </shortcut-conflict>
      <shortcut-conflict owner="ide">
        <text>ctrl pressed 2</text>
      </shortcut-conflict>
      <shortcut-conflict owner="ide">
        <text>shift ctrl pressed 6</text>
      </shortcut-conflict>
      <shortcut-conflict owner="ide">
        <text>ctrl pressed J</text>
      </shortcut-conflict>
      <shortcut-conflict owner="ide">
        <text>ctrl pressed K</text>
      </shortcut-conflict>
      <shortcut-conflict owner="ide">
        <text>ctrl pressed L</text>
      </shortcut-conflict>
      <shortcut-conflict owner="ide">
        <text>alt pressed X</text>
      </shortcut-conflict>
      <shortcut-conflict owner="vim">
        <text>shift pressed ENTER</text>
      </shortcut-conflict>
      <shortcut-conflict owner="ide">
        <text>ctrl pressed C</text>
      </shortcut-conflict>
      <shortcut-conflict owner="ide">
        <text>alt pressed 8</text>
      </shortcut-conflict>
      <shortcut-conflict owner="ide">
        <text>alt pressed 1</text>
      </shortcut-conflict>
      <shortcut-conflict owner="ide">
        <text>alt pressed N</text>
      </shortcut-conflict>
      <shortcut-conflict owner="ide">
        <text>alt pressed 5</text>
      </shortcut-conflict>
      <shortcut-conflict owner="ide">
        <text>alt pressed 2</text>
      </shortcut-conflict>
      <shortcut-conflict owner="ide">
        <text>alt pressed 9</text>
      </shortcut-conflict>
      <shortcut-conflict owner="ide">
        <text>alt pressed 6</text>
      </shortcut-conflict>
      <shortcut-conflict owner="ide">
        <text>alt pressed 3</text>
      </shortcut-conflict>
      <shortcut-conflict owner="ide">
        <text>alt pressed P</text>
      </shortcut-conflict>
      <shortcut-conflict owner="ide">
        <text>alt pressed 7</text>
      </shortcut-conflict>
      <shortcut-conflict owner="ide">
        <text>alt pressed 4</text>
      </shortcut-conflict>
    </shortcut-conflicts>
  </component>
</application>