<application>
  <component name="VimSettings">
    <state version="4" enabled="true" />
    <globalmarks />
    <filemarks>
      <file name="/start_script.py" timestamp="1556414007889">
        <mark key="[" line="0" column="0" />
      </file>
      <file name="/testspark" timestamp="1546884314891">
        <mark key="[" line="0" column="0" />
      </file>
      <file name="/JavaScript Implemented Method Body.txt.ft" timestamp="1561195972719">
        <mark key="[" line="0" column="0" />
      </file>
      <file name="$USER_HOME$/0_Dev/projects/Scala-projects/spark/SparkSqlExe/src/main/scala/org/apache/spark/examples/sql/SparkSQLExample.scala" timestamp="1562394484543">
        <mark key="[" line="24" column="60" />
        <mark key="]" line="25" column="29" />
        <mark key="." line="25" column="29" />
        <mark key="^" line="25" column="29" />
      </file>
      <file name="$USER_HOME$/.ivy2/cache/org.scala-lang/scala-library/srcs/scala-library-2.12.8-sources.jar!/scala/Serializable.scala" timestamp="1562420816748">
        <mark key="'" line="12" column="0" />
      </file>
      <file name="/a.dummy" timestamp="1561297621765">
        <mark key="[" line="0" column="9" />
      </file>
      <file name="/Scala Script.txt.ft" timestamp="1561254223724">
        <mark key="[" line="0" column="0" />
        <mark key="]" line="7" column="3" />
        <mark key="." line="2" column="0" />
      </file>
      <file name="/wordcount.py" timestamp="1554903151667">
        <mark key="[" line="0" column="0" />
      </file>
      <file name="$JAVA_HOME$/src.zip!/java/util/ArrayList.java" timestamp="1561349173992">
        <mark key="'" line="32" column="0" />
      </file>
      <file name="$USER_HOME$/.ivy2/cache/org.apache.spark/spark-core_2.12/srcs/spark-core_2.12-2.4.2-sources.jar!/org/apache/spark/SparkContext.scala" timestamp="1562427277539">
        <mark key="'" line="2515" column="4" />
      </file>
      <file name="/Interface.txt.ft" timestamp="1561254021349">
        <mark key="[" line="0" column="0" />
      </file>
      <file name="$USER_HOME$/0_Dev/Scala-projects/spark/alan/.scalafmt.conf" timestamp="1561900074619">
        <mark key="'" line="48" column="0" />
      </file>
      <file name="$USER_HOME$/0_Dev/projects/Scala-projects/spark-examples/src/main/scala/org/apache/spark/examples/sql/SparkSQLExample.scala" timestamp="1562428143195">
        <mark key="'" line="48" column="4" />
        <mark key="[" line="42" column="0" />
        <mark key="]" line="42" column="0" />
        <mark key="." line="42" column="0" />
      </file>
      <file name="/Dummy.scala" timestamp="1547126153867">
        <mark key="[" line="0" column="0" />
      </file>
      <file name="$USER_HOME$/.ivy2/cache/org.apache.spark/spark-sql_2.12/srcs/spark-sql_2.12-2.4.2-sources.jar!/org/apache/spark/sql/SparkSession.scala" timestamp="1562386893158">
        <mark key="'" line="654" column="8" />
      </file>
      <file name="$USER_HOME$/0_Dev/projects/Scala-projects/spark/SparkSqlExe/src/main/scala/org/apache/spark/examples/sql/streaming/SparkSQLExample.scala" timestamp="1562393727484">
        <mark key="[" line="1" column="37" />
        <mark key="]" line="1" column="37" />
        <mark key="." line="1" column="37" />
      </file>
      <file name="/sparktest.1.py" timestamp="1547874444894">
        <mark key="[" line="0" column="0" />
      </file>
      <file name="$USER_HOME$/.ivy2/cache/org.scala-lang/scala-library/srcs/scala-library-2.12.8-sources.jar!/scala/Array.scala" timestamp="1561901952556">
        <mark key="'" line="122" column="2" />
      </file>
      <file name="/sys_restore.py" timestamp="1546079776799">
        <mark key="[" line="0" column="0" />
      </file>
      <file name="/sparktest.py" timestamp="1547877291587">
        <mark key="[" line="0" column="0" />
      </file>
      <file name="/ActionScript File Header.txt.ft" timestamp="1561196050443">
        <mark key="[" line="0" column="0" />
      </file>
      <file name="$JAVA_HOME$/src.zip!/java/util/AbstractList.java" timestamp="1561302365820">
        <mark key="'" line="59" column="1" />
      </file>
      <file name="$USER_HOME$/0_Dev/projects/Scala-projects/spark/examples/src/main/scala/org/apache/spark/examples/sql/SparkSQLExample.scala" timestamp="1562418566912">
        <mark key="'" line="45" column="21" />
        <mark key="[" line="64" column="1" />
        <mark key="]" line="64" column="1" />
        <mark key="." line="64" column="1" />
        <mark key="^" line="67" column="30" />
      </file>
      <file name="$USER_HOME$/0_Dev/Java-projects/alanding/src/main/java/Hello" timestamp="1561259772777">
        <mark key="'" line="2" column="0" />
      </file>
      <file name="/__dummy.styl" timestamp="1562382152320">
        <mark key="[" line="0" column="0" />
      </file>
      <file name="$USER_HOME$/0_Dev/projects/Scala-projects/spark/examples/src/main/scala/org/apache/spark/examples/sql/WordCount.scala" timestamp="1562428243852">
        <mark key="[" line="11" column="0" />
        <mark key="]" line="11" column="3" />
        <mark key="^" line="11" column="3" />
        <mark key="." line="11" column="3" />
      </file>
      <file name="$USER_HOME$/Exercise/Scala-projects/Spark/src/main/scala/cn/alanding/testspark.scala" timestamp="1545993378834">
        <mark key="[" line="0" column="0" />
      </file>
      <file name="$USER_HOME$/.ivy2/cache/org.scala-lang/scala-library/srcs/scala-library-2.12.8-sources.jar!/scala/collection/mutable/StringBuilder.scala" timestamp="1562422602030">
        <mark key="'" line="267" column="2" />
      </file>
      <file name="/Scala Object.txt.ft" timestamp="1561254222483">
        <mark key="[" line="0" column="0" />
      </file>
      <file name="$USER_HOME$/0_Dev/projects/Scala-projects/spark/SparkSqlExe/build.sbt" timestamp="1562393082268">
        <mark key="[" line="7" column="71" />
        <mark key="]" line="7" column="71" />
        <mark key="." line="7" column="71" />
        <mark key="^" line="7" column="10" />
      </file>
      <file name="$JAVA_HOME$/src.zip!/java/lang/Object.java" timestamp="1561363456698">
        <mark key="'" line="555" column="0" />
        <mark key="[" line="148" column="29" />
        <mark key="]" line="148" column="27" />
        <mark key="^" line="148" column="27" />
        <mark key="." line="148" column="27" />
      </file>
      <file name="/Arquillian Deployment Method.txt.ft" timestamp="1561195969575">
        <mark key="[" line="0" column="0" />
      </file>
      <file name="/Python Script.txt.ft" timestamp="1561254256338">
        <mark key="[" line="0" column="0" />
      </file>
      <file name="$JAVA_HOME$/src.zip!/java/util/Collection.java" timestamp="1561347233316">
        <mark key="'" line="162" column="4" />
      </file>
      <file name="$USER_HOME$/0_Dev/projects/Scala-projects/spark/examples/src/main/resources/people.txt" timestamp="1562399149170">
        <mark key="[" line="2" column="0" />
        <mark key="]" line="2" column="10" />
        <mark key="." line="2" column="10" />
        <mark key="^" line="2" column="10" />
      </file>
      <file name="/JUnit3 SetUp Method.txt.ft" timestamp="1561195973479">
        <mark key="[" line="0" column="0" />
      </file>
      <file name="/Clipboard.txt" timestamp="1547558715762">
        <mark key="[" line="0" column="0" />
      </file>
      <file name="/sparktest" timestamp="1547879603152">
        <mark key="[" line="0" column="0" />
      </file>
      <file name="/Scala Worksheet.txt.ft" timestamp="1561254253702">
        <mark key="[" line="2" column="0" />
        <mark key="]" line="7" column="3" />
        <mark key="." line="2" column="0" />
      </file>
      <file name="$USER_HOME$/0_Dev/Java-projects/alanding/src/main/java/Shape/Square.java" timestamp="1561270543956">
        <mark key="[" line="12" column="0" />
        <mark key="]" line="12" column="0" />
        <mark key="." line="12" column="0" />
      </file>
      <file name="$USER_HOME$/.ivy2/cache/org.apache.spark/spark-sql_2.12/srcs/spark-sql_2.12-2.4.2-sources.jar!/org/apache/spark/sql/Dataset.scala" timestamp="1562391334696">
        <mark key="[" line="855" column="7" />
        <mark key="]" line="855" column="7" />
      </file>
      <file name="/__dummy.less" timestamp="1562382154874">
        <mark key="[" line="0" column="0" />
      </file>
      <file name="/Python Console" timestamp="1552215590397">
        <mark key="[" line="0" column="0" />
      </file>
      <file name="/fragment.py" timestamp="1552215656477">
        <mark key="[" line="0" column="0" />
      </file>
      <file name="/sys_restore" timestamp="1546433894281">
        <mark key="[" line="0" column="0" />
      </file>
      <file name="$USER_HOME$/0_Dev/Java-projects/alanding/src/main/java/Hello.java" timestamp="1561296707467">
        <mark key="'" line="47" column="0" />
        <mark key="[" line="43" column="1" />
        <mark key="]" line="43" column="1" />
        <mark key="." line="43" column="1" />
        <mark key="^" line="49" column="0" />
      </file>
      <file name="/XML Properties File.txt.ft" timestamp="1561254066764">
        <mark key="[" line="0" column="0" />
      </file>
      <file name="$JAVA_HOME$/src.zip!/java/util/Arrays.java" timestamp="1561349314368">
        <mark key="'" line="1913" column="0" />
      </file>
      <file name="$JAVA_HOME$/src.zip!/java/io/PrintStream.java" timestamp="1561213269543">
        <mark key="'" line="793" column="8" />
      </file>
      <file name="/Scala Class.txt.ft" timestamp="1561254102482">
        <mark key="[" line="0" column="0" />
        <mark key="]" line="0" column="0" />
        <mark key="." line="0" column="0" />
      </file>
      <file name="$USER_HOME$/0_Dev/Java-projects/alanding/src/main/java/Shape/RandomSpapeGenerator.java" timestamp="1561257887241">
        <mark key="[" line="16" column="0" />
        <mark key="]" line="16" column="0" />
        <mark key="." line="16" column="0" />
      </file>
      <file name="/sbtShell" timestamp="1562419293593">
        <mark key="[" line="0" column="0" />
      </file>
      <file name="$USER_HOME$/0_Dev/projects/Scala-projects/spark/examples/src/main/scala/WordCount.scala" timestamp="1562430730396">
        <mark key="'" line="15" column="28" />
        <mark key="[" line="15" column="0" />
        <mark key="]" line="15" column="76" />
        <mark key="." line="15" column="0" />
        <mark key="^" line="14" column="36" />
      </file>
      <file name="/HTML File.txt.ft" timestamp="1561297723411">
        <mark key="[" line="0" column="0" />
      </file>
      <file name="$USER_HOME$/.ivy2/cache/org.apache.spark/spark-catalyst_2.12/srcs/spark-catalyst_2.12-2.4.2-sources.jar!/org/apache/spark/sql/Row.scala" timestamp="1562422531157">
        <mark key="'" line="382" column="0" />
      </file>
      <file name="/testspark.py" timestamp="1546907862591">
        <mark key="[" line="0" column="0" />
      </file>
      <file name="/__dummy.ts" timestamp="1562382152835">
        <mark key="[" line="0" column="0" />
      </file>
      <file name="/_pydev_execfile.py" timestamp="1552215594387">
        <mark key="[" line="0" column="0" />
      </file>
      <file name="/Dummy.txt" timestamp="1562391982876">
        <mark key="[" line="0" column="0" />
      </file>
      <file name="/Scala Console" timestamp="1547111546479">
        <mark key="[" line="0" column="0" />
      </file>
      <file name="/tarfile.py" timestamp="1549279116948">
        <mark key="[" line="0" column="0" />
      </file>
      <file name="/scratch.py" timestamp="1546019680278">
        <mark key="[" line="0" column="0" />
      </file>
      <file name="$USER_HOME$/0_Dev/Scala-projects/spark-official-examples/src/main/scala/org/apache/spark/examples/sql/SparkSQLExample.scala" timestamp="1562380513212">
        <mark key="'" line="17" column="0" />
        <mark key="[" line="56" column="0" />
        <mark key="]" line="56" column="1" />
        <mark key="." line="56" column="0" />
        <mark key="^" line="44" column="3" />
      </file>
      <file name="/package-info.txt.ft" timestamp="1561254063507">
        <mark key="[" line="0" column="0" />
      </file>
      <file name="$USER_HOME$/.ivy2/cache/org.apache.spark/spark-catalyst_2.12/srcs/spark-catalyst_2.12-2.4.2-sources.jar!/org/apache/spark/sql/types/StructField.scala" timestamp="1562420449428">
        <mark key="'" line="28" column="10" />
      </file>
      <file name="$JAVA_HOME$/src.zip!/java/lang/Integer.java" timestamp="1561368434066">
        <mark key="'" line="25" column="0" />
      </file>
      <file name="$USER_HOME$/.ivy2/cache/org.scala-lang/scala-library/srcs/scala-library-2.12.8-sources.jar!/scala/StringContext.scala" timestamp="1562389711646">
        <mark key="'" line="100" column="39" />
      </file>
      <file name="/Enum.txt.ft" timestamp="1561254022209">
        <mark key="[" line="0" column="0" />
      </file>
      <file name="$USER_HOME$/0_Dev/Scala-projects/spark/simpleapp/src/main/scala/SimpleApp.scala" timestamp="1562383160158">
        <mark key="'" line="24" column="8" />
        <mark key="[" line="17" column="0" />
        <mark key="]" line="17" column="13" />
        <mark key="." line="17" column="0" />
      </file>
      <file name="/builtins.py" timestamp="1552151779001">
        <mark key="[" line="0" column="0" />
      </file>
      <file name="/module-info.txt.ft" timestamp="1561254056196">
        <mark key="[" line="0" column="0" />
      </file>
      <file name="$USER_HOME$/0_Dev/Java-projects/alanding/src/main/java/shape/shape.java" timestamp="1561255233398">
        <mark key="[" line="3" column="13" />
        <mark key="]" line="3" column="14" />
        <mark key="." line="3" column="14" />
      </file>
      <file name="/AnnotationType.txt.ft" timestamp="1561254038465">
        <mark key="[" line="0" column="0" />
      </file>
      <file name="$USER_HOME$/Exercise/Scala-projects/sbt_build/testspark/testspark.iml" timestamp="1547618383386">
        <mark key="[" line="8" column="9" />
      </file>
      <file name="/fragment.java" timestamp="1562428295176">
        <mark key="[" line="0" column="0" />
        <mark key="]" line="0" column="8" />
        <mark key="." line="0" column="8" />
      </file>
      <file name="$JAVA_HOME$/src.zip!/java/lang/Class.java" timestamp="1561363955700">
        <mark key="'" line="1232" column="4" />
        <mark key="[" line="2896" column="0" />
        <mark key="]" line="2896" column="0" />
        <mark key="^" line="2896" column="0" />
        <mark key="." line="2896" column="0" />
      </file>
    </filemarks>
    <jumps>
      <jump line="195" column="6" filename="$USER_HOME$/0_Dev/Scala-projects/spark-official-examples/src/main/scala/org/apache/spark/examples/sql/SparkSQLExample.scala" />
      <jump line="179" column="4" filename="$USER_HOME$/0_Dev/Scala-projects/spark-official-examples/src/main/scala/org/apache/spark/examples/sql/SparkSQLExample.scala" />
      <jump line="163" column="4" filename="$USER_HOME$/0_Dev/Scala-projects/spark-official-examples/src/main/scala/org/apache/spark/examples/sql/SparkSQLExample.scala" />
      <jump line="147" column="4" filename="$USER_HOME$/0_Dev/Scala-projects/spark-official-examples/src/main/scala/org/apache/spark/examples/sql/SparkSQLExample.scala" />
      <jump line="131" column="0" filename="$USER_HOME$/0_Dev/Scala-projects/spark-official-examples/src/main/scala/org/apache/spark/examples/sql/SparkSQLExample.scala" />
      <jump line="115" column="4" filename="$USER_HOME$/0_Dev/Scala-projects/spark-official-examples/src/main/scala/org/apache/spark/examples/sql/SparkSQLExample.scala" />
      <jump line="99" column="4" filename="$USER_HOME$/0_Dev/Scala-projects/spark-official-examples/src/main/scala/org/apache/spark/examples/sql/SparkSQLExample.scala" />
      <jump line="83" column="4" filename="$USER_HOME$/0_Dev/Scala-projects/spark-official-examples/src/main/scala/org/apache/spark/examples/sql/SparkSQLExample.scala" />
      <jump line="67" column="4" filename="$USER_HOME$/0_Dev/Scala-projects/spark-official-examples/src/main/scala/org/apache/spark/examples/sql/SparkSQLExample.scala" />
      <jump line="51" column="4" filename="$USER_HOME$/0_Dev/Scala-projects/spark-official-examples/src/main/scala/org/apache/spark/examples/sql/SparkSQLExample.scala" />
      <jump line="35" column="4" filename="$USER_HOME$/0_Dev/Scala-projects/spark-official-examples/src/main/scala/org/apache/spark/examples/sql/SparkSQLExample.scala" />
      <jump line="19" column="0" filename="$USER_HOME$/0_Dev/Scala-projects/spark-official-examples/src/main/scala/org/apache/spark/examples/sql/SparkSQLExample.scala" />
      <jump line="17" column="0" filename="$USER_HOME$/0_Dev/Scala-projects/spark-official-examples/src/main/scala/org/apache/spark/examples/sql/SparkSQLExample.scala" />
      <jump line="700" column="9" filename="$USER_HOME$/.ivy2/cache/org.apache.spark/spark-sql_2.12/srcs/spark-sql_2.12-2.4.2-sources.jar!/org/apache/spark/sql/SparkSession.scala" />
      <jump line="937" column="0" filename="$USER_HOME$/.ivy2/cache/org.apache.spark/spark-sql_2.12/srcs/spark-sql_2.12-2.4.2-sources.jar!/org/apache/spark/sql/SparkSession.scala" />
      <jump line="920" column="10" filename="$USER_HOME$/.ivy2/cache/org.apache.spark/spark-sql_2.12/srcs/spark-sql_2.12-2.4.2-sources.jar!/org/apache/spark/sql/SparkSession.scala" />
      <jump line="903" column="6" filename="$USER_HOME$/.ivy2/cache/org.apache.spark/spark-sql_2.12/srcs/spark-sql_2.12-2.4.2-sources.jar!/org/apache/spark/sql/SparkSession.scala" />
      <jump line="865" column="6" filename="$USER_HOME$/.ivy2/cache/org.apache.spark/spark-sql_2.12/srcs/spark-sql_2.12-2.4.2-sources.jar!/org/apache/spark/sql/SparkSession.scala" />
      <jump line="827" column="4" filename="$USER_HOME$/.ivy2/cache/org.apache.spark/spark-sql_2.12/srcs/spark-sql_2.12-2.4.2-sources.jar!/org/apache/spark/sql/SparkSession.scala" />
      <jump line="788" column="4" filename="$USER_HOME$/.ivy2/cache/org.apache.spark/spark-sql_2.12/srcs/spark-sql_2.12-2.4.2-sources.jar!/org/apache/spark/sql/SparkSession.scala" />
      <jump line="654" column="8" filename="$USER_HOME$/.ivy2/cache/org.apache.spark/spark-sql_2.12/srcs/spark-sql_2.12-2.4.2-sources.jar!/org/apache/spark/sql/SparkSession.scala" />
      <jump line="100" column="39" filename="$USER_HOME$/.ivy2/cache/org.scala-lang/scala-library/srcs/scala-library-2.12.8-sources.jar!/scala/StringContext.scala" />
      <jump line="35" column="4" filename="$USER_HOME$/0_Dev/projects/Scala-projects/spark-examples/src/main/scala/org/apache/spark/examples/sql/SparkSQLExample.scala" />
      <jump line="47" column="4" filename="$USER_HOME$/0_Dev/projects/Scala-projects/spark-examples/src/main/scala/org/apache/spark/examples/sql/SparkSQLExample.scala" />
      <jump line="69" column="4" filename="$USER_HOME$/0_Dev/projects/Scala-projects/spark-examples/src/main/scala/org/apache/spark/examples/sql/SparkSQLExample.scala" />
      <jump line="94" column="4" filename="$USER_HOME$/0_Dev/projects/Scala-projects/spark-examples/src/main/scala/org/apache/spark/examples/sql/SparkSQLExample.scala" />
      <jump line="101" column="4" filename="$USER_HOME$/0_Dev/projects/Scala-projects/spark-examples/src/main/scala/org/apache/spark/examples/sql/SparkSQLExample.scala" />
      <jump line="117" column="4" filename="$USER_HOME$/0_Dev/projects/Scala-projects/spark-examples/src/main/scala/org/apache/spark/examples/sql/SparkSQLExample.scala" />
      <jump line="133" column="4" filename="$USER_HOME$/0_Dev/projects/Scala-projects/spark-examples/src/main/scala/org/apache/spark/examples/sql/SparkSQLExample.scala" />
      <jump line="149" column="4" filename="$USER_HOME$/0_Dev/projects/Scala-projects/spark-examples/src/main/scala/org/apache/spark/examples/sql/SparkSQLExample.scala" />
      <jump line="81" column="15" filename="$USER_HOME$/0_Dev/projects/Scala-projects/spark-examples/src/main/scala/org/apache/spark/examples/sql/SparkSQLExample.scala" />
      <jump line="29" column="0" filename="$USER_HOME$/0_Dev/projects/Scala-projects/spark/examples/src/main/scala/org/apache/spark/examples/sql/SparkSQLExample.scala" />
      <jump line="21" column="11" filename="$USER_HOME$/0_Dev/projects/Scala-projects/spark/examples/src/main/scala/org/apache/spark/examples/sql/SparkSQLExample.scala" />
      <jump line="43" column="21" filename="$USER_HOME$/0_Dev/projects/Scala-projects/spark/examples/src/main/scala/org/apache/spark/examples/sql/SparkSQLExample.scala" />
      <jump line="199" column="4" filename="$USER_HOME$/0_Dev/projects/Scala-projects/spark-examples/src/main/scala/org/apache/spark/examples/sql/SparkSQLExample.scala" />
      <jump line="38" column="14" filename="$USER_HOME$/.ivy2/cache/org.apache.spark/spark-catalyst_2.12/srcs/spark-catalyst_2.12-2.4.2-sources.jar!/org/apache/spark/sql/types/StructField.scala" />
      <jump line="46" column="40" filename="$USER_HOME$/.ivy2/cache/org.apache.spark/spark-catalyst_2.12/srcs/spark-catalyst_2.12-2.4.2-sources.jar!/org/apache/spark/sql/types/StructField.scala" />
      <jump line="47" column="34" filename="$USER_HOME$/.ivy2/cache/org.apache.spark/spark-catalyst_2.12/srcs/spark-catalyst_2.12-2.4.2-sources.jar!/org/apache/spark/sql/types/StructField.scala" />
      <jump line="51" column="55" filename="$USER_HOME$/.ivy2/cache/org.apache.spark/spark-catalyst_2.12/srcs/spark-catalyst_2.12-2.4.2-sources.jar!/org/apache/spark/sql/types/StructField.scala" />
      <jump line="55" column="17" filename="$USER_HOME$/.ivy2/cache/org.apache.spark/spark-catalyst_2.12/srcs/spark-catalyst_2.12-2.4.2-sources.jar!/org/apache/spark/sql/types/StructField.scala" />
      <jump line="89" column="33" filename="$USER_HOME$/.ivy2/cache/org.apache.spark/spark-catalyst_2.12/srcs/spark-catalyst_2.12-2.4.2-sources.jar!/org/apache/spark/sql/types/StructField.scala" />
      <jump line="28" column="10" filename="$USER_HOME$/.ivy2/cache/org.apache.spark/spark-catalyst_2.12/srcs/spark-catalyst_2.12-2.4.2-sources.jar!/org/apache/spark/sql/types/StructField.scala" />
      <jump line="0" column="0" filename="$USER_HOME$/.ivy2/cache/org.scala-lang/scala-library/srcs/scala-library-2.12.8-sources.jar!/scala/Serializable.scala" />
      <jump line="12" column="0" filename="$USER_HOME$/.ivy2/cache/org.scala-lang/scala-library/srcs/scala-library-2.12.8-sources.jar!/scala/Serializable.scala" />
      <jump line="238" column="4" filename="$USER_HOME$/0_Dev/projects/Scala-projects/spark-examples/src/main/scala/org/apache/spark/examples/sql/SparkSQLExample.scala" />
      <jump line="220" column="4" filename="$USER_HOME$/0_Dev/projects/Scala-projects/spark-examples/src/main/scala/org/apache/spark/examples/sql/SparkSQLExample.scala" />
      <jump line="200" column="0" filename="$USER_HOME$/0_Dev/projects/Scala-projects/spark-examples/src/main/scala/org/apache/spark/examples/sql/SparkSQLExample.scala" />
      <jump line="184" column="4" filename="$USER_HOME$/0_Dev/projects/Scala-projects/spark-examples/src/main/scala/org/apache/spark/examples/sql/SparkSQLExample.scala" />
      <jump line="168" column="0" filename="$USER_HOME$/0_Dev/projects/Scala-projects/spark-examples/src/main/scala/org/apache/spark/examples/sql/SparkSQLExample.scala" />
      <jump line="152" column="4" filename="$USER_HOME$/0_Dev/projects/Scala-projects/spark-examples/src/main/scala/org/apache/spark/examples/sql/SparkSQLExample.scala" />
      <jump line="136" column="4" filename="$USER_HOME$/0_Dev/projects/Scala-projects/spark-examples/src/main/scala/org/apache/spark/examples/sql/SparkSQLExample.scala" />
      <jump line="120" column="4" filename="$USER_HOME$/0_Dev/projects/Scala-projects/spark-examples/src/main/scala/org/apache/spark/examples/sql/SparkSQLExample.scala" />
      <jump line="104" column="0" filename="$USER_HOME$/0_Dev/projects/Scala-projects/spark-examples/src/main/scala/org/apache/spark/examples/sql/SparkSQLExample.scala" />
      <jump line="88" column="4" filename="$USER_HOME$/0_Dev/projects/Scala-projects/spark-examples/src/main/scala/org/apache/spark/examples/sql/SparkSQLExample.scala" />
      <jump line="72" column="4" filename="$USER_HOME$/0_Dev/projects/Scala-projects/spark-examples/src/main/scala/org/apache/spark/examples/sql/SparkSQLExample.scala" />
      <jump line="56" column="0" filename="$USER_HOME$/0_Dev/projects/Scala-projects/spark-examples/src/main/scala/org/apache/spark/examples/sql/SparkSQLExample.scala" />
      <jump line="36" column="4" filename="$USER_HOME$/0_Dev/projects/Scala-projects/spark-examples/src/main/scala/org/apache/spark/examples/sql/SparkSQLExample.scala" />
      <jump line="95" column="4" filename="$USER_HOME$/0_Dev/projects/Scala-projects/spark-examples/src/main/scala/org/apache/spark/examples/sql/SparkSQLExample.scala" />
      <jump line="111" column="4" filename="$USER_HOME$/0_Dev/projects/Scala-projects/spark-examples/src/main/scala/org/apache/spark/examples/sql/SparkSQLExample.scala" />
      <jump line="240" column="0" filename="$USER_HOME$/.ivy2/cache/org.apache.spark/spark-catalyst_2.12/srcs/spark-catalyst_2.12-2.4.2-sources.jar!/org/apache/spark/sql/Row.scala" />
      <jump line="261" column="2" filename="$USER_HOME$/.ivy2/cache/org.apache.spark/spark-catalyst_2.12/srcs/spark-catalyst_2.12-2.4.2-sources.jar!/org/apache/spark/sql/Row.scala" />
      <jump line="297" column="2" filename="$USER_HOME$/.ivy2/cache/org.apache.spark/spark-catalyst_2.12/srcs/spark-catalyst_2.12-2.4.2-sources.jar!/org/apache/spark/sql/Row.scala" />
      <jump line="340" column="2" filename="$USER_HOME$/.ivy2/cache/org.apache.spark/spark-catalyst_2.12/srcs/spark-catalyst_2.12-2.4.2-sources.jar!/org/apache/spark/sql/Row.scala" />
      <jump line="366" column="2" filename="$USER_HOME$/.ivy2/cache/org.apache.spark/spark-catalyst_2.12/srcs/spark-catalyst_2.12-2.4.2-sources.jar!/org/apache/spark/sql/Row.scala" />
      <jump line="382" column="0" filename="$USER_HOME$/.ivy2/cache/org.apache.spark/spark-catalyst_2.12/srcs/spark-catalyst_2.12-2.4.2-sources.jar!/org/apache/spark/sql/Row.scala" />
      <jump line="413" column="0" filename="$USER_HOME$/.ivy2/cache/org.scala-lang/scala-library/srcs/scala-library-2.12.8-sources.jar!/scala/collection/mutable/StringBuilder.scala" />
      <jump line="373" column="2" filename="$USER_HOME$/.ivy2/cache/org.scala-lang/scala-library/srcs/scala-library-2.12.8-sources.jar!/scala/collection/mutable/StringBuilder.scala" />
      <jump line="345" column="2" filename="$USER_HOME$/.ivy2/cache/org.scala-lang/scala-library/srcs/scala-library-2.12.8-sources.jar!/scala/collection/mutable/StringBuilder.scala" />
      <jump line="299" column="2" filename="$USER_HOME$/.ivy2/cache/org.scala-lang/scala-library/srcs/scala-library-2.12.8-sources.jar!/scala/collection/mutable/StringBuilder.scala" />
      <jump line="267" column="2" filename="$USER_HOME$/.ivy2/cache/org.scala-lang/scala-library/srcs/scala-library-2.12.8-sources.jar!/scala/collection/mutable/StringBuilder.scala" />
      <jump line="71" column="4" filename="$USER_HOME$/0_Dev/projects/Scala-projects/spark-examples/src/main/scala/org/apache/spark/examples/sql/SparkSQLExample.scala" />
      <jump line="92" column="4" filename="$USER_HOME$/0_Dev/projects/Scala-projects/spark-examples/src/main/scala/org/apache/spark/examples/sql/SparkSQLExample.scala" />
      <jump line="108" column="4" filename="$USER_HOME$/0_Dev/projects/Scala-projects/spark-examples/src/main/scala/org/apache/spark/examples/sql/SparkSQLExample.scala" />
      <jump line="124" column="4" filename="$USER_HOME$/0_Dev/projects/Scala-projects/spark-examples/src/main/scala/org/apache/spark/examples/sql/SparkSQLExample.scala" />
      <jump line="156" column="0" filename="$USER_HOME$/0_Dev/projects/Scala-projects/spark-examples/src/main/scala/org/apache/spark/examples/sql/SparkSQLExample.scala" />
      <jump line="140" column="4" filename="$USER_HOME$/0_Dev/projects/Scala-projects/spark-examples/src/main/scala/org/apache/spark/examples/sql/SparkSQLExample.scala" />
      <jump line="116" column="8" filename="$USER_HOME$/0_Dev/projects/Scala-projects/spark-examples/src/main/scala/org/apache/spark/examples/sql/SparkSQLExample.scala" />
      <jump line="56" column="0" filename="$USER_HOME$/.ivy2/cache/org.apache.spark/spark-core_2.12/srcs/spark-core_2.12-2.4.2-sources.jar!/org/apache/spark/SparkContext.scala" />
      <jump line="54" column="0" filename="$USER_HOME$/.ivy2/cache/org.apache.spark/spark-core_2.12/srcs/spark-core_2.12-2.4.2-sources.jar!/org/apache/spark/SparkContext.scala" />
      <jump line="2488" column="8" filename="$USER_HOME$/.ivy2/cache/org.apache.spark/spark-core_2.12/srcs/spark-core_2.12-2.4.2-sources.jar!/org/apache/spark/SparkContext.scala" />
      <jump line="2458" column="2" filename="$USER_HOME$/.ivy2/cache/org.apache.spark/spark-core_2.12/srcs/spark-core_2.12-2.4.2-sources.jar!/org/apache/spark/SparkContext.scala" />
      <jump line="2786" column="10" filename="$USER_HOME$/.ivy2/cache/org.apache.spark/spark-core_2.12/srcs/spark-core_2.12-2.4.2-sources.jar!/org/apache/spark/SparkContext.scala" />
      <jump line="2789" column="10" filename="$USER_HOME$/.ivy2/cache/org.apache.spark/spark-core_2.12/srcs/spark-core_2.12-2.4.2-sources.jar!/org/apache/spark/SparkContext.scala" />
      <jump line="2503" column="0" filename="$USER_HOME$/.ivy2/cache/org.apache.spark/spark-core_2.12/srcs/spark-core_2.12-2.4.2-sources.jar!/org/apache/spark/SparkContext.scala" />
      <jump line="2515" column="4" filename="$USER_HOME$/.ivy2/cache/org.apache.spark/spark-core_2.12/srcs/spark-core_2.12-2.4.2-sources.jar!/org/apache/spark/SparkContext.scala" />
      <jump line="139" column="4" filename="$USER_HOME$/0_Dev/projects/Scala-projects/spark-examples/src/main/scala/org/apache/spark/examples/sql/SparkSQLExample.scala" />
      <jump line="144" column="4" filename="$USER_HOME$/0_Dev/projects/Scala-projects/spark-examples/src/main/scala/org/apache/spark/examples/sql/SparkSQLExample.scala" />
      <jump line="158" column="2" filename="$USER_HOME$/0_Dev/projects/Scala-projects/spark-examples/src/main/scala/org/apache/spark/examples/sql/SparkSQLExample.scala" />
      <jump line="180" column="4" filename="$USER_HOME$/0_Dev/projects/Scala-projects/spark-examples/src/main/scala/org/apache/spark/examples/sql/SparkSQLExample.scala" />
      <jump line="190" column="2" filename="$USER_HOME$/0_Dev/projects/Scala-projects/spark-examples/src/main/scala/org/apache/spark/examples/sql/SparkSQLExample.scala" />
      <jump line="181" column="4" filename="$USER_HOME$/0_Dev/projects/Scala-projects/spark-examples/src/main/scala/org/apache/spark/examples/sql/SparkSQLExample.scala" />
      <jump line="162" column="4" filename="$USER_HOME$/0_Dev/projects/Scala-projects/spark-examples/src/main/scala/org/apache/spark/examples/sql/SparkSQLExample.scala" />
      <jump line="146" column="4" filename="$USER_HOME$/0_Dev/projects/Scala-projects/spark-examples/src/main/scala/org/apache/spark/examples/sql/SparkSQLExample.scala" />
      <jump line="130" column="4" filename="$USER_HOME$/0_Dev/projects/Scala-projects/spark-examples/src/main/scala/org/apache/spark/examples/sql/SparkSQLExample.scala" />
      <jump line="114" column="4" filename="$USER_HOME$/0_Dev/projects/Scala-projects/spark-examples/src/main/scala/org/apache/spark/examples/sql/SparkSQLExample.scala" />
      <jump line="98" column="4" filename="$USER_HOME$/0_Dev/projects/Scala-projects/spark-examples/src/main/scala/org/apache/spark/examples/sql/SparkSQLExample.scala" />
      <jump line="82" column="4" filename="$USER_HOME$/0_Dev/projects/Scala-projects/spark-examples/src/main/scala/org/apache/spark/examples/sql/SparkSQLExample.scala" />
      <jump line="66" column="4" filename="$USER_HOME$/0_Dev/projects/Scala-projects/spark-examples/src/main/scala/org/apache/spark/examples/sql/SparkSQLExample.scala" />
      <jump line="50" column="4" filename="$USER_HOME$/0_Dev/projects/Scala-projects/spark-examples/src/main/scala/org/apache/spark/examples/sql/SparkSQLExample.scala" />
      <jump line="17" column="28" filename="$USER_HOME$/0_Dev/projects/Scala-projects/spark/examples/src/main/scala/WordCount.scala" />
    </jumps>
    <registers>
      <register name="a" type="4">
        <text>-k</text>
      </register>
      <register name="&quot;" type="4">
        <text encoding="base64">Cg==</text>
      </register>
      <register name="d" type="4">
        <keys>
          <key char="65535" code="27" mods="0" />
          <key char="65535" code="27" mods="0" />
        </keys>
      </register>
      <register name="*" type="4">
        <text>{}</text>
      </register>
      <register name="j" type="4">
        <keys>
          <key char="106" code="0" mods="0" />
          <key char="65535" code="27" mods="0" />
        </keys>
      </register>
      <register name="k" type="4">
        <keys>
          <key char="107" code="0" mods="0" />
          <key char="107" code="0" mods="0" />
          <key char="107" code="0" mods="0" />
          <key char="107" code="0" mods="0" />
          <key char="106" code="0" mods="0" />
          <key char="106" code="0" mods="0" />
          <key char="58" code="0" mods="0" />
          <key char="97" code="0" mods="0" />
          <key char="99" code="0" mods="0" />
          <key char="116" code="0" mods="0" />
          <key char="105" code="0" mods="0" />
          <key char="111" code="0" mods="0" />
          <key char="110" code="0" mods="0" />
          <key char="32" code="0" mods="0" />
          <key char="71" code="0" mods="0" />
          <key char="105" code="0" mods="0" />
          <key char="116" code="0" mods="0" />
          <key char="46" code="0" mods="0" />
          <key char="67" code="0" mods="0" />
          <key char="111" code="0" mods="0" />
          <key char="110" code="0" mods="0" />
          <key char="116" code="0" mods="0" />
          <key char="101" code="0" mods="0" />
          <key char="120" code="0" mods="0" />
          <key char="116" code="0" mods="0" />
          <key char="77" code="0" mods="0" />
          <key char="101" code="0" mods="0" />
          <key char="110" code="0" mods="0" />
          <key char="117" code="0" mods="0" />
          <key char="97" code="0" mods="0" />
          <key char="99" code="0" mods="0" />
          <key char="116" code="0" mods="0" />
          <key char="105" code="0" mods="0" />
          <key char="111" code="0" mods="0" />
          <key char="110" code="0" mods="0" />
          <key char="32" code="0" mods="0" />
          <key char="71" code="0" mods="0" />
          <key char="105" code="0" mods="0" />
          <key char="116" code="0" mods="0" />
          <key char="46" code="0" mods="0" />
          <key char="67" code="0" mods="0" />
          <key char="111" code="0" mods="0" />
          <key char="110" code="0" mods="0" />
          <key char="116" code="0" mods="0" />
          <key char="101" code="0" mods="0" />
          <key char="120" code="0" mods="0" />
          <key char="116" code="0" mods="0" />
          <key char="77" code="0" mods="0" />
          <key char="101" code="0" mods="0" />
          <key char="110" code="0" mods="0" />
          <key char="117" code="0" mods="0" />
          <key char="65535" code="10" mods="0" />
          <key char="58" code="0" mods="0" />
          <key char="97" code="0" mods="0" />
          <key char="99" code="0" mods="0" />
          <key char="116" code="0" mods="0" />
          <key char="105" code="0" mods="0" />
          <key char="111" code="0" mods="0" />
          <key char="110" code="0" mods="0" />
          <key char="32" code="0" mods="0" />
          <key char="71" code="0" mods="0" />
          <key char="105" code="0" mods="0" />
          <key char="116" code="0" mods="0" />
          <key char="46" code="0" mods="0" />
          <key char="108" code="0" mods="0" />
          <key char="111" code="0" mods="0" />
          <key char="103" code="0" mods="0" />
          <key char="97" code="0" mods="0" />
          <key char="99" code="0" mods="0" />
          <key char="116" code="0" mods="0" />
          <key char="105" code="0" mods="0" />
          <key char="111" code="0" mods="0" />
          <key char="110" code="0" mods="0" />
          <key char="32" code="0" mods="0" />
          <key char="71" code="0" mods="0" />
          <key char="105" code="0" mods="0" />
          <key char="116" code="0" mods="0" />
          <key char="46" code="0" mods="0" />
          <key char="108" code="0" mods="0" />
          <key char="111" code="0" mods="0" />
          <key char="103" code="0" mods="0" />
          <key char="65535" code="10" mods="0" />
          <key char="65535" code="27" mods="0" />
          <key char="58" code="0" mods="0" />
          <key char="97" code="0" mods="0" />
          <key char="99" code="0" mods="0" />
          <key char="116" code="0" mods="0" />
          <key char="105" code="0" mods="0" />
          <key char="111" code="0" mods="0" />
          <key char="110" code="0" mods="0" />
          <key char="32" code="0" mods="0" />
          <key char="71" code="0" mods="0" />
          <key char="105" code="0" mods="0" />
          <key char="116" code="0" mods="0" />
          <key char="46" code="0" mods="0" />
          <key char="77" code="0" mods="0" />
          <key char="101" code="0" mods="0" />
          <key char="110" code="0" mods="0" />
          <key char="117" code="0" mods="0" />
          <key char="97" code="0" mods="0" />
          <key char="99" code="0" mods="0" />
          <key char="116" code="0" mods="0" />
          <key char="105" code="0" mods="0" />
          <key char="111" code="0" mods="0" />
          <key char="110" code="0" mods="0" />
          <key char="32" code="0" mods="0" />
          <key char="71" code="0" mods="0" />
          <key char="105" code="0" mods="0" />
          <key char="116" code="0" mods="0" />
          <key char="46" code="0" mods="0" />
          <key char="77" code="0" mods="0" />
          <key char="101" code="0" mods="0" />
          <key char="110" code="0" mods="0" />
          <key char="117" code="0" mods="0" />
          <key char="65535" code="10" mods="0" />
          <key char="65535" code="27" mods="0" />
          <key char="58" code="0" mods="0" />
          <key char="97" code="0" mods="0" />
          <key char="99" code="0" mods="0" />
          <key char="116" code="0" mods="0" />
          <key char="105" code="0" mods="0" />
          <key char="111" code="0" mods="0" />
          <key char="110" code="0" mods="0" />
          <key char="32" code="0" mods="0" />
          <key char="71" code="0" mods="0" />
          <key char="105" code="0" mods="0" />
          <key char="116" code="0" mods="0" />
          <key char="46" code="0" mods="0" />
          <key char="108" code="0" mods="0" />
          <key char="111" code="0" mods="0" />
          <key char="103" code="0" mods="0" />
          <key char="97" code="0" mods="0" />
          <key char="99" code="0" mods="0" />
          <key char="116" code="0" mods="0" />
          <key char="105" code="0" mods="0" />
          <key char="111" code="0" mods="0" />
          <key char="110" code="0" mods="0" />
          <key char="32" code="0" mods="0" />
          <key char="71" code="0" mods="0" />
          <key char="105" code="0" mods="0" />
          <key char="116" code="0" mods="0" />
          <key char="46" code="0" mods="0" />
          <key char="108" code="0" mods="0" />
          <key char="111" code="0" mods="0" />
          <key char="103" code="0" mods="0" />
          <key char="65535" code="10" mods="0" />
          <key char="58" code="0" mods="0" />
          <key char="97" code="0" mods="0" />
          <key char="99" code="0" mods="0" />
          <key char="116" code="0" mods="0" />
          <key char="105" code="0" mods="0" />
          <key char="111" code="0" mods="0" />
          <key char="110" code="0" mods="0" />
          <key char="32" code="0" mods="0" />
          <key char="71" code="0" mods="0" />
          <key char="105" code="0" mods="0" />
          <key char="116" code="0" mods="0" />
          <key char="46" code="0" mods="0" />
          <key char="77" code="0" mods="0" />
          <key char="101" code="0" mods="0" />
          <key char="110" code="0" mods="0" />
          <key char="117" code="0" mods="0" />
          <key char="97" code="0" mods="0" />
          <key char="99" code="0" mods="0" />
          <key char="116" code="0" mods="0" />
          <key char="105" code="0" mods="0" />
          <key char="111" code="0" mods="0" />
          <key char="110" code="0" mods="0" />
          <key char="32" code="0" mods="0" />
          <key char="71" code="0" mods="0" />
          <key char="105" code="0" mods="0" />
          <key char="116" code="0" mods="0" />
          <key char="46" code="0" mods="0" />
          <key char="77" code="0" mods="0" />
          <key char="101" code="0" mods="0" />
          <key char="110" code="0" mods="0" />
          <key char="117" code="0" mods="0" />
          <key char="65535" code="10" mods="0" />
          <key char="103" code="0" mods="0" />
          <key char="65535" code="27" mods="0" />
        </keys>
      </register>
      <register name="-" type="4">
        <text>)</text>
      </register>
      <register name="n" type="4">
        <text />
      </register>
      <register name="/" type="4">
        <text>dataType</text>
      </register>
      <register name="0" type="2">
        <text encoding="base64">ICAgIHdvcmRjLmNvbGxlY3QoKS5mb3JlYWNoKHByaW50bG4pCg==</text>
      </register>
      <register name="1" type="2">
        <text encoding="base64">Ly8gICAgdmFsIHdvcmRtID0gbGluZXMuZmxhdE1hcChfLnNwbGl0KCIgIikpLm1hcCgoXywgMSkpLmNvdW50QnlLZXkoKQo=</text>
      </register>
      <register name="q" type="4">
        <keys>
          <key char="58" code="0" mods="0" />
          <key char="99" code="0" mods="0" />
          <key char="108" code="0" mods="0" />
          <key char="111" code="0" mods="0" />
          <key char="115" code="0" mods="0" />
          <key char="101" code="0" mods="0" />
          <key char="99" code="0" mods="0" />
          <key char="108" code="0" mods="0" />
          <key char="111" code="0" mods="0" />
          <key char="115" code="0" mods="0" />
          <key char="101" code="0" mods="0" />
          <key char="65535" code="10" mods="0" />
        </keys>
      </register>
      <register name="2" type="2">
        <text encoding="base64">ICAgIHByaW50bG4od29yZGMuY29sbGVjdCgpLnRvU3RyaW5nKQo=</text>
      </register>
      <register name="3" type="2">
        <text encoding="base64">Ly8gICAgcHJpbnRsbih3b3JkbS5tYXAoXy50b1N0cmluZygpKSkK</text>
      </register>
      <register name="4" type="2">
        <text encoding="base64">ICAgICAgcHJpbnRsbihwcikK</text>
      </register>
      <register name="5" type="2">
        <text encoding="base64">ICAgICAgICBjYXNlICh4LCB5KSA9PiB4ICsgeQo=</text>
      </register>
      <register name="6" type="2">
        <text encoding="base64">ICAgICAgfQo=</text>
      </register>
      <register name="7" type="2">
        <text encoding="base64">ICAgIG92ZXJyaWRlIGRlZiBtYWluKGFyZ3M6IEFycmF5W1N0cmluZ10pOiBVbml0ID0gewoKICAgIH0KCg==</text>
      </register>
      <register name="w" type="4">
        <keys>
          <key char="39" code="0" mods="0" />
          <key char="39" code="0" mods="0" />
          <key char="119" code="0" mods="0" />
          <key char="39" code="0" mods="0" />
          <key char="39" code="0" mods="0" />
          <key char="119" code="0" mods="0" />
          <key char="39" code="0" mods="0" />
          <key char="39" code="0" mods="0" />
          <key char="119" code="0" mods="0" />
          <key char="39" code="0" mods="0" />
          <key char="39" code="0" mods="0" />
          <key char="119" code="0" mods="0" />
          <key char="39" code="0" mods="0" />
          <key char="39" code="0" mods="0" />
          <key char="119" code="0" mods="0" />
          <key char="39" code="0" mods="0" />
          <key char="39" code="0" mods="0" />
          <key char="119" code="0" mods="0" />
          <key char="39" code="0" mods="0" />
          <key char="39" code="0" mods="0" />
          <key char="119" code="0" mods="0" />
          <key char="39" code="0" mods="0" />
          <key char="39" code="0" mods="0" />
          <key char="119" code="0" mods="0" />
          <key char="39" code="0" mods="0" />
          <key char="39" code="0" mods="0" />
          <key char="119" code="0" mods="0" />
          <key char="39" code="0" mods="0" />
          <key char="39" code="0" mods="0" />
          <key char="119" code="0" mods="0" />
          <key char="39" code="0" mods="0" />
          <key char="39" code="0" mods="0" />
          <key char="119" code="0" mods="0" />
          <key char="39" code="0" mods="0" />
          <key char="39" code="0" mods="0" />
          <key char="119" code="0" mods="0" />
          <key char="39" code="0" mods="0" />
          <key char="39" code="0" mods="0" />
          <key char="119" code="0" mods="0" />
          <key char="39" code="0" mods="0" />
          <key char="39" code="0" mods="0" />
          <key char="119" code="0" mods="0" />
          <key char="58" code="0" mods="0" />
          <key char="97" code="0" mods="0" />
          <key char="99" code="0" mods="0" />
          <key char="116" code="0" mods="0" />
          <key char="105" code="0" mods="0" />
          <key char="111" code="0" mods="0" />
          <key char="110" code="0" mods="0" />
          <key char="32" code="0" mods="0" />
          <key char="79" code="0" mods="0" />
          <key char="112" code="0" mods="0" />
          <key char="101" code="0" mods="0" />
          <key char="110" code="0" mods="0" />
          <key char="70" code="0" mods="0" />
          <key char="105" code="0" mods="0" />
          <key char="108" code="0" mods="0" />
          <key char="101" code="0" mods="0" />
          <key char="97" code="0" mods="0" />
          <key char="99" code="0" mods="0" />
          <key char="116" code="0" mods="0" />
          <key char="105" code="0" mods="0" />
          <key char="111" code="0" mods="0" />
          <key char="110" code="0" mods="0" />
          <key char="32" code="0" mods="0" />
          <key char="79" code="0" mods="0" />
          <key char="112" code="0" mods="0" />
          <key char="101" code="0" mods="0" />
          <key char="110" code="0" mods="0" />
          <key char="70" code="0" mods="0" />
          <key char="105" code="0" mods="0" />
          <key char="108" code="0" mods="0" />
          <key char="101" code="0" mods="0" />
          <key char="65535" code="10" mods="0" />
          <key char="111" code="0" mods="0" />
          <key char="117" code="0" mods="0" />
          <key char="65535" code="27" mods="0" />
          <key char="117" code="0" mods="0" />
          <key char="117" code="0" mods="0" />
          <key char="117" code="0" mods="0" />
          <key char="106" code="0" mods="0" />
          <key char="106" code="0" mods="0" />
          <key char="58" code="0" mods="0" />
          <key char="110" code="0" mods="0" />
          <key char="111" code="0" mods="0" />
          <key char="104" code="0" mods="0" />
          <key char="108" code="0" mods="0" />
          <key char="110" code="0" mods="0" />
          <key char="111" code="0" mods="0" />
          <key char="104" code="0" mods="0" />
          <key char="108" code="0" mods="0" />
          <key char="65535" code="10" mods="0" />
          <key char="108" code="0" mods="0" />
          <key char="107" code="0" mods="0" />
          <key char="58" code="0" mods="0" />
          <key char="97" code="0" mods="0" />
          <key char="99" code="0" mods="0" />
          <key char="116" code="0" mods="0" />
          <key char="105" code="0" mods="0" />
          <key char="111" code="0" mods="0" />
          <key char="110" code="0" mods="0" />
          <key char="32" code="0" mods="0" />
          <key char="79" code="0" mods="0" />
          <key char="112" code="0" mods="0" />
          <key char="101" code="0" mods="0" />
          <key char="110" code="0" mods="0" />
          <key char="70" code="0" mods="0" />
          <key char="105" code="0" mods="0" />
          <key char="108" code="0" mods="0" />
          <key char="101" code="0" mods="0" />
          <key char="97" code="0" mods="0" />
          <key char="99" code="0" mods="0" />
          <key char="116" code="0" mods="0" />
          <key char="105" code="0" mods="0" />
          <key char="111" code="0" mods="0" />
          <key char="110" code="0" mods="0" />
          <key char="32" code="0" mods="0" />
          <key char="79" code="0" mods="0" />
          <key char="112" code="0" mods="0" />
          <key char="101" code="0" mods="0" />
          <key char="110" code="0" mods="0" />
          <key char="70" code="0" mods="0" />
          <key char="105" code="0" mods="0" />
          <key char="108" code="0" mods="0" />
          <key char="101" code="0" mods="0" />
          <key char="65535" code="10" mods="0" />
          <key char="111" code="0" mods="0" />
          <key char="117" code="0" mods="0" />
          <key char="65535" code="27" mods="0" />
          <key char="117" code="0" mods="0" />
          <key char="117" code="0" mods="0" />
          <key char="117" code="0" mods="0" />
          <key char="111" code="0" mods="0" />
          <key char="65535" code="27" mods="0" />
          <key char="117" code="0" mods="0" />
          <key char="117" code="0" mods="0" />
          <key char="58" code="0" mods="0" />
          <key char="110" code="0" mods="0" />
          <key char="111" code="0" mods="0" />
          <key char="104" code="0" mods="0" />
          <key char="108" code="0" mods="0" />
          <key char="110" code="0" mods="0" />
          <key char="111" code="0" mods="0" />
          <key char="104" code="0" mods="0" />
          <key char="108" code="0" mods="0" />
          <key char="65535" code="10" mods="0" />
          <key char="108" code="0" mods="0" />
          <key char="115" code="0" mods="0" />
          <key char="65535" code="27" mods="0" />
          <key char="117" code="0" mods="0" />
          <key char="117" code="0" mods="0" />
          <key char="58" code="0" mods="0" />
          <key char="110" code="0" mods="0" />
          <key char="111" code="0" mods="0" />
          <key char="104" code="0" mods="0" />
          <key char="108" code="0" mods="0" />
          <key char="110" code="0" mods="0" />
          <key char="111" code="0" mods="0" />
          <key char="104" code="0" mods="0" />
          <key char="108" code="0" mods="0" />
          <key char="65535" code="10" mods="0" />
          <key char="108" code="0" mods="0" />
          <key char="65535" code="27" mods="0" />
          <key char="104" code="0" mods="0" />
          <key char="104" code="0" mods="0" />
          <key char="104" code="0" mods="0" />
          <key char="58" code="0" mods="0" />
          <key char="118" code="0" mods="0" />
          <key char="115" code="0" mods="0" />
          <key char="118" code="0" mods="0" />
          <key char="115" code="0" mods="0" />
          <key char="65535" code="10" mods="0" />
          <key char="118" code="0" mods="0" />
          <key char="76" code="0" mods="0" />
          <key char="65535" code="27" mods="0" />
          <key char="107" code="0" mods="0" />
          <key char="65535" code="87" mods="130" />
          <key char="65535" code="87" mods="130" />
          <key char="108" code="0" mods="0" />
          <key char="107" code="0" mods="0" />
          <key char="107" code="0" mods="0" />
          <key char="106" code="0" mods="0" />
          <key char="106" code="0" mods="0" />
        </keys>
      </register>
      <register name="8" type="2">
        <text encoding="base64">ICAgIHZhbCBzcGFya3MgPSAgCg==</text>
      </register>
      <register name="9" type="2">
        <text encoding="base64">ICAgIHByaW50bG4oImFsYW4iKQo=</text>
      </register>
      <register name=":" type="4">
        <text>action Run</text>
      </register>
    </registers>
    <search>
      <last-search>dataType</last-search>
      <last-offset />
      <last-pattern>dataType</last-pattern>
      <last-replace>a</last-replace>
      <last-substitute encoding="base64">XDxzYXZlQXNUZXh0RmlsZVw+</last-substitute>
      <last-dir>1</last-dir>
      <show-last>false</show-last>
    </search>
    <history>
      <history-search>
        <entry encoding="base64">XDxweVw+</entry>
        <entry encoding="base64">XDxyeXNwYXJrXD4=</entry>
        <entry>python</entry>
        <entry encoding="base64">XDxmdWNrXD4=</entry>
        <entry encoding="base64">XDxweXRob25cPg==</entry>
        <entry encoding="base64">XDxmcm9tXD4=</entry>
        <entry encoding="base64">XDxsb2dEYXRhXD4=</entry>
        <entry encoding="base64">XDxpbnB1dFw+</entry>
        <entry encoding="base64">XDxsaW5lXD4=</entry>
        <entry encoding="base64">XDxzcGFya1w+</entry>
        <entry encoding="base64">XDxudW1Bc1w+</entry>
        <entry>numas</entry>
        <entry>ArrayList</entry>
        <entry>apples</entry>
        <entry>Cloneable</entry>
        <entry>cloneable</entry>
        <entry>asList</entry>
        <entry>spark</entry>
        <entry>join</entry>
        <entry>dataType</entry>
      </history-search>
      <history-cmd>
        <entry>action PreviousTab</entry>
        <entry>action OpenFile</entry>
        <entry>vs</entry>
        <entry>winc w</entry>
        <entry>sp</entry>
        <entry>action RunConfiguration</entry>
        <entry>nohl</entry>
        <entry>action TypeHierarchy</entry>
        <entry>action Back</entry>
        <entry>action NextTab</entry>
        <entry>action CloseProject</entry>
        <entry>action GotoDeclaration</entry>
        <entry>action EditorDeleteToLineStart</entry>
        <entry>action SelectInProjectView</entry>
        <entry>close</entry>
        <entry>action PreviousTemplateVariable</entry>
        <entry>action EditorJoinLines</entry>
        <entry>action CommentByLineComment</entry>
        <entry>action ReformatCode</entry>
        <entry encoding="base64">JzwsJz5hY3Rpb24gQ29tbWVudEJ5TGluZUNvbW1lbnQ=</entry>
        <entry>action Run</entry>
      </history-cmd>
      <history-expr />
      <history-input />
    </history>
    <shortcut-conflicts>
      <shortcut-conflict owner="vim">
        <text>ctrl pressed V</text>
      </shortcut-conflict>
      <shortcut-conflict owner="vim">
        <text>ctrl pressed A</text>
      </shortcut-conflict>
      <shortcut-conflict owner="ide">
        <text>ctrl pressed P</text>
      </shortcut-conflict>
      <shortcut-conflict owner="vim">
        <text>ctrl pressed Q</text>
      </shortcut-conflict>
      <shortcut-conflict owner="vim">
        <text>ctrl pressed R</text>
      </shortcut-conflict>
      <shortcut-conflict owner="ide">
        <text>ctrl pressed S</text>
      </shortcut-conflict>
      <shortcut-conflict owner="vim">
        <text>ctrl pressed U</text>
      </shortcut-conflict>
      <shortcut-conflict owner="vim">
        <text>ctrl pressed B</text>
      </shortcut-conflict>
      <shortcut-conflict owner="vim">
        <text>ctrl pressed W</text>
      </shortcut-conflict>
      <shortcut-conflict owner="vim">
        <text>ctrl pressed N</text>
      </shortcut-conflict>
      <shortcut-conflict owner="vim">
        <text>ctrl pressed D</text>
      </shortcut-conflict>
      <shortcut-conflict owner="vim">
        <text>ctrl pressed O</text>
      </shortcut-conflict>
      <shortcut-conflict owner="vim">
        <text>ctrl pressed F</text>
      </shortcut-conflict>
      <shortcut-conflict owner="ide">
        <text>ctrl pressed OPEN_BRACKET</text>
      </shortcut-conflict>
      <shortcut-conflict owner="ide">
        <text>ctrl pressed G</text>
      </shortcut-conflict>
      <shortcut-conflict owner="ide">
        <text>ctrl pressed H</text>
      </shortcut-conflict>
      <shortcut-conflict owner="vim">
        <text>ctrl pressed CLOSE_BRACKET</text>
      </shortcut-conflict>
      <shortcut-conflict owner="ide">
        <text>ctrl pressed T</text>
      </shortcut-conflict>
      <shortcut-conflict owner="vim">
        <text>ctrl pressed I</text>
      </shortcut-conflict>
      <shortcut-conflict owner="vim">
        <text>ctrl pressed M</text>
      </shortcut-conflict>
      <shortcut-conflict owner="vim">
        <text>ctrl pressed E</text>
      </shortcut-conflict>
      <shortcut-conflict owner="ide">
        <text>ctrl pressed BACK_SLASH</text>
      </shortcut-conflict>
      <shortcut-conflict owner="vim">
        <text>ctrl pressed X</text>
      </shortcut-conflict>
      <shortcut-conflict owner="ide">
        <text>ctrl pressed Y</text>
      </shortcut-conflict>
      <shortcut-conflict owner="ide">
        <text>shift ctrl pressed 2</text>
      </shortcut-conflict>
      <shortcut-conflict owner="ide">
        <text>ctrl pressed 2</text>
      </shortcut-conflict>
      <shortcut-conflict owner="ide">
        <text>shift ctrl pressed 6</text>
      </shortcut-conflict>
      <shortcut-conflict owner="ide">
        <text>ctrl pressed J</text>
      </shortcut-conflict>
      <shortcut-conflict owner="ide">
        <text>ctrl pressed K</text>
      </shortcut-conflict>
      <shortcut-conflict owner="ide">
        <text>ctrl pressed L</text>
      </shortcut-conflict>
      <shortcut-conflict owner="ide">
        <text>alt pressed X</text>
      </shortcut-conflict>
      <shortcut-conflict owner="vim">
        <text>shift pressed ENTER</text>
      </shortcut-conflict>
      <shortcut-conflict owner="ide">
        <text>ctrl pressed C</text>
      </shortcut-conflict>
      <shortcut-conflict owner="ide">
        <text>alt pressed 8</text>
      </shortcut-conflict>
      <shortcut-conflict owner="ide">
        <text>alt pressed 1</text>
      </shortcut-conflict>
      <shortcut-conflict owner="ide">
        <text>alt pressed N</text>
      </shortcut-conflict>
      <shortcut-conflict owner="ide">
        <text>alt pressed 5</text>
      </shortcut-conflict>
      <shortcut-conflict owner="ide">
        <text>alt pressed 2</text>
      </shortcut-conflict>
      <shortcut-conflict owner="ide">
        <text>alt pressed 9</text>
      </shortcut-conflict>
      <shortcut-conflict owner="ide">
        <text>alt pressed 6</text>
      </shortcut-conflict>
      <shortcut-conflict owner="ide">
        <text>alt pressed 3</text>
      </shortcut-conflict>
      <shortcut-conflict owner="ide">
        <text>alt pressed P</text>
      </shortcut-conflict>
      <shortcut-conflict owner="ide">
        <text>alt pressed 7</text>
      </shortcut-conflict>
      <shortcut-conflict owner="ide">
        <text>alt pressed 4</text>
      </shortcut-conflict>
    </shortcut-conflicts>
  </component>
</application>