<application>
  <component name="AppStorage">
    <histories>
      <item value="strip Margin" />
      <item value="explode" />
      <item value="* Running take requires moving data into the application's driver process, and doing so with * a very large `n` can crash the driver process with OutOfMemoryError." />
      <item value="underlying" />
      <item value="polymorphism" />
      <item value="Columnar Row" />
      <item value="@inline def implicitly[T](implicit e: T) = e // for summoning implicit values from the nether world -- TODO: when dependent method types are on by default, give this result type `e.type`, so that inliner has better chance of knowing which method to inline in calls like `implicitly[MatchingStrategy[Option]].zero`" />
      <item value="Ternary Expression" />
      <item value="is Canonicalized Plan" />
      <item value="* The base class for physical operators. * * The naming convention is that physical operators end with &quot;Exec&quot; suffix, e.g. [[ProjectExec]]." />
      <item value="* The naming convention is that physical operators end with &quot;Exec&quot; suffix, e.g. [[ProjectExec]]." />
      <item value="Query Execution" />
      <item value="* A non-concrete data type, reserved for internal uses." />
      <item value="expr Enc" />
      <item value="verify Column Name Of Corrupt Record" />
      <item value="schema" />
      <item value="* Clean the given closure in place. * * More specifically, this renders the given closure serializable as long as it does not * explicitly reference unserializable objects." />
      <item value="/** Prepends a single element to this buffer and returns * the identity of the buffer. It takes time linear in * the buffer size." />
      <item value="coalesce" />
      <item value="topology Info_" />
      <item value="Zoo Keeper Leader Election Agent" />
      <item value="Leader Latch" />
      <item value="Curator Framework" />
      <item value="revoked Leadership" />
      <item value="elected Leader" />
      <item value="resilient" />
      <item value="output Commit Coordinator" />
      <item value="* Returns the signum function of the specified {@code int} value. (The * return value is -1 if the specified value is negative; 0 if the * specified value is zero; and 1 if the specified value is positive.)" />
      <item value="Spark Firehose Listener" />
      <item value="task Attempts" />
      <item value="speculative" />
      <item value="dequeue Task" />
      <item value="task Locality" />
      <item value="resource Offers" />
      <item value="inclusive" />
      <item value="tabulate" />
      <item value="equiv" />
      <item value="* Contextual information about a task which can be read or mutated during * execution. To access the TaskContext for a running task, use:" />
      <item value="portion" />
      <item value="buffer" />
      <item value="* Pluggable interface for shuffle systems. A ShuffleManager is created in SparkEnv on the driver * and on each executor, based on the spark.shuffle.manager setting. The driver registers shuffles * with it, and executors (or tasks running locally in the driver) can ask to read and write data. * * NOTE: this will be instantiated by SparkEnv so its constructor can take a SparkConf and * boolean isDriver as parameters." />
      <item value="is Checkpointed And Materialized" />
      <item value="// Avoid handling doCheckpoint multiple times to prevent excessive recursion" />
      <item value="Block Eviction Handler" />
      <item value="Initially" />
      <item value="Unified Memory Manager" />
      <item value="consumed" />
      <item value="/** Base trait for all products, which in the standard library include at * least [[scala.Product1]] through [[scala.Product22]] and therefore also * their subclasses [[scala.Tuple1]] through [[scala.Tuple22]]. In addition, * all case classes implement `Product` with synthetically generated methods." />
      <item value="dictates" />
      <item value="a disjoint union" />
    </histories>
    <option name="languageScores">
      <map>
        <entry key="CHINESE" value="386" />
        <entry key="ENGLISH" value="387" />
        <entry key="DANISH" value="3" />
        <entry key="FINNISH" value="1" />
        <entry key="SWEDISH" value="2" />
        <entry key="HUNGARIAN" value="4" />
        <entry key="ITALIAN" value="4" />
      </map>
    </option>
  </component>
  <component name="Settings">
    <option name="baiduTranslateSettings">
      <app-key>
        <option name="appId" value="20190608000305805" />
        <option name="appKeyConfigured" value="true" />
        <option name="primaryLanguage" value="CHINESE" />
      </app-key>
    </option>
    <option name="ignoreRegExp" value="" />
    <option name="overrideFont" value="true" />
    <option name="primaryFontFamily" value="SauceCodePro Nerd Font Mono" />
    <option name="translator" value="fanyi.baidu" />
    <option name="youdaoTranslateSettings">
      <youdao-translate>
        <option name="appKeyConfigured" value="true" />
      </youdao-translate>
    </option>
  </component>
</application>