<application>
  <component name="AppStorage">
    <histories>
      <item value="task Sink" />
      <item value="sink" />
      <item value="* Takes a {@code Sink} that accepts elements of the output type of the * {@code PipelineHelper}, and wrap it with a {@code Sink} that accepts * elements of the input type and implements all the intermediate operations * described by this {@code PipelineHelper}, delivering the result into the * provided {@code Sink}." />
      <item value="* An extension of {@link Consumer} used to conduct values through the stages of * a stream pipeline, with additional methods to manage size information, * control flow, etc. Before calling the {@code accept()} method on a * {@code Sink} for the first time, you must first call the {@code begin()} * method to inform it that data is coming (optionally informing the sink how * much data is coming), and after all data has been sent, you must call the * {@code end()} method. After calling {@code end()}, you should not call * {@code accept()} without again calling {@code begin()}. {@code Sink} also * offers a mechanism by which the sink can cooperatively signal that it does * not wish to receive any more data (the {@code cancellationRequested()} * method), which a source can poll before sending more data to the * {@code Sink}. * * &lt;p&gt;A sink may be in one of two states: an initial state and an active state. * It starts out in the initial state; the {@code begin()} method transitions * it to the active state, and the {@code end()} method transitions it back into * the initial state, where it can be re-used. Data-accepting methods (such as * {@code accept()} are only valid in the active state. * * @apiNote * A stream pipeline consists of a source, zero or more intermediate stages * (such as filtering or mapping), and a terminal stage, such as reduction or * for-each. For concreteness, consider the pipeline:" />
      <item value="Alliance" />
      <item value="* Sub-interface implemented by bean factories that can be part * of a hierarchy. * * &lt;p&gt;The corresponding {@code setParentBeanFactory} method for bean * factories that allow setting the parent in a configurable * fashion can be found in the ConfigurableBeanFactory interface." />
      <item value="* Sub-interface implemented by bean factories that can be part * of a hierarchy." />
      <item value="means" />
      <item value="portion" />
      <item value="Sink" />
      <item value="retrieved" />
      <item value="* A {@link Sink} which accumulates state as elements are accepted, and allows * a result to be retrieved after the computation is finished." />
      <item value="* Flags corresponding to characteristics of streams and operations. Flags are * utilized by the stream framework to control, specialize or optimize * computation. * * &lt;p&gt; * Stream flags may be used to describe characteristics of several different * entities associated with streams: stream sources, intermediate operations, * and terminal operations. Not all stream flags are meaningful for all * entities; the following table summarizes which flags are meaningful in what * contexts:" />
      <item value="* An operation in a stream pipeline that takes a stream as input and produces * a result or side-effect. A {@code TerminalOp} has an input type and stream * shape, and a result type. A {@code TerminalOp} also has a set of * &lt;em&gt;operation flags&lt;/em&gt; that describes how the operation processes elements * of the stream (such as short-circuiting or respecting encounter order; see * {@link StreamOpFlag})." />
      <item value="* Evaluate the pipeline with a terminal operation to produce a result." />
      <item value="* Factory for instances of a short-circuiting {@code TerminalOp} that searches * for an element in a stream pipeline, and terminates when it finds one. * Supported variants include find-first (find the first element in the * encounter order) and find-any (find any element, may not be the first in * encounter order.)" />
      <item value="is Synthetic" />
      <item value="// Explicit parse events" />
      <item value="* Fire an component-registered event." />
      <item value="fire Component Registered" />
      <item value="Ambiguous constructor-arg entries for index" />
      <item value="parse Property Value" />
      <item value="populate Defaults" />
      <item value="shallow copy" />
      <item value="String Tokenizer" />
      <item value="tokens" />
      <item value="Defaults Definition" />
      <item value="Component Definition" />
      <item value="Import Definition" />
      <item value="Alias Definition" />
      <item value="* Weak reference objects, which do not prevent their referents from being * made finalizable, finalized, and then reclaimed. Weak references are most * often used to implement canonicalizing mappings. * * &lt;p&gt; Suppose that the garbage collector determines at a certain point in time * that an object is &lt;a href=&quot;package-summary.html#reachability&quot;&gt;weakly * reachable&lt;/a&gt;. At that time it will atomically clear all weak references to * that object and all weak references to any other weakly-reachable objects * from which that object is reachable through a chain of strong and soft * references. At the same time it will declare all of the formerly * weakly-reachable objects to be finalizable. At the same time or at some * later time it will enqueue those newly-cleared weak references that are * registered with reference queues." />
      <item value="load Bean Definitions" />
      <item value="canonicalize" />
      <item value="get Canonical Path" />
      <item value="drain" />
      <item value="excessive" />
      <item value="* An optionally-bounded {@linkplain BlockingQueue blocking queue} based on * linked nodes. * This queue orders elements FIFO (first-in-first-out). * The &lt;em&gt;head&lt;/em&gt; of the queue is that element that has been on the * queue the longest time. * The &lt;em&gt;tail&lt;/em&gt; of the queue is that element that has been on the * queue the shortest time. New elements * are inserted at the tail of the queue, and the queue retrieval * operations obtain elements at the head of the queue. * Linked queues typically have higher throughput than array-based queues but * less predictable performance in most concurrent applications. * * &lt;p&gt;The optional capacity bound constructor argument serves as a * way to prevent excessive queue expansion. The capacity, if unspecified, * is equal to {@link Integer#MAX_VALUE}. Linked nodes are * dynamically created upon each insertion unless this would bring the * queue above capacity." />
      <item value="Linked Blocking Queue" />
      <item value="* added in traversal order of the collection's iterator." />
      <item value="traversal" />
      <item value="decoupling" />
      <item value="Lock only for visibility, not mutual exclusion" />
      <item value="not mutual exclusion" />
      <item value="polling" />
      <item value="/** * Inserts the specified element into this queue if it is possible to do * so immediately without violating capacity restrictions, returning * {@code true} upon success and throwing an * {@code IllegalStateException} if no space is currently available. * When using a capacity-restricted queue, it is generally preferable to * use {@link #offer(Object) offer}." />
      <item value="hardwiring" />
      <item value="NANOSECONDS" />
      <item value="* @param keepAliveTime when the number of threads is greater than * the core, this is the maximum time that excess idle threads * will wait for new tasks before terminating." />
      <item value="excess" />
      <item value="* Returns the approximate total number of tasks that have ever been * scheduled for execution. Because the states of tasks and * threads may change dynamically during computation, the returned * value is only an approximation." />
    </histories>
    <option name="languageScores">
      <map>
        <entry key="CHINESE" value="167" />
        <entry key="ENGLISH" value="168" />
        <entry key="DANISH" value="1" />
      </map>
    </option>
  </component>
  <component name="Settings">
    <option name="baiduTranslateSettings">
      <app-key>
        <option name="appId" value="20190608000305805" />
        <option name="appKeyConfigured" value="true" />
        <option name="primaryLanguage" value="CHINESE" />
      </app-key>
    </option>
    <option name="ignoreRegExp" value="" />
    <option name="overrideFont" value="true" />
    <option name="primaryFontFamily" value="SauceCodePro Nerd Font Mono" />
    <option name="translator" value="fanyi.baidu" />
    <option name="youdaoTranslateSettings">
      <youdao-translate>
        <option name="appKeyConfigured" value="true" />
      </youdao-translate>
    </option>
  </component>
</application>