<application>
  <component name="AppStorage">
    <histories>
      <item value="transient" />
      <item value="Unicast Server Ref" />
      <item value="Locate Registry" />
      <item value="stub" />
      <item value="Unicast Remote Object" />
      <item value="Privileged Callable" />
      <item value="nexus" />
      <item value="exercise" />
      <item value="excecise" />
      <item value="excesice" />
      <item value="overlapping" />
      <item value="validate" />
      <item value="Hikari Config" />
      <item value="set Transaction Isolation" />
      <item value="transaction" />
      <item value="prohibits" />
      <item value="repeatable" />
      <item value="phantom" />
      <item value="The constant indicating that the current &lt;code&gt;ResultSet&lt;/code&gt; object * should be closed when calling &lt;code&gt;getMoreResults" />
      <item value="batch" />
      <item value="indicating" />
      <item value="retrieval" />
      <item value="name" />
      <item value="FOREIGN" />
      <item value="predicate" />
      <item value="traversing" />
      <item value="semantics" />
      <item value="serialization" />
      <item value="serializable" />
      <item value="metadata" />
      <item value="parquet" />
      <item value="Encoder" />
      <item value="interpolator" />
      <item value="standard Interpolator" />
      <item value="schema" />
      <item value="Evolving" />
      <item value="propagated" />
      <item value="Serializable" />
      <item value="Cloneable" />
      <item value="anonymous" />
      <item value="is Primitive" />
      <item value="objects" />
      <item value="code" />
      <item value="represented" />
      <item value="primitive" />
      <item value="annotation" />
      <item value="Iterator" />
      <item value="Iterable" />
      <item value="hex" />
      <item value="unascribed" />
    </histories>
    <option name="languageScores">
      <map>
        <entry key="CHINESE" value="53" />
        <entry key="ENGLISH" value="54" />
        <entry key="DANISH" value="1" />
      </map>
    </option>
  </component>
  <component name="Settings">
    <option name="baiduTranslateSettings">
      <app-key>
        <option name="appId" value="20190608000305805" />
        <option name="appKeyConfigured" value="true" />
        <option name="primaryLanguage" value="CHINESE" />
      </app-key>
    </option>
    <option name="ignoreRegExp" value="" />
    <option name="overrideFont" value="true" />
    <option name="primaryFontFamily" value="SauceCodePro Nerd Font Mono" />
    <option name="translator" value="fanyi.baidu" />
    <option name="youdaoTranslateSettings">
      <youdao-translate>
        <option name="appKeyConfigured" value="true" />
      </youdao-translate>
    </option>
  </component>
</application>