<application>
  <component name="AppStorage">
    <histories>
      <item value="type" />
      <item value="2019" />
      <item value="8001" />
      <item value="Dept Mapper" />
      <item value="enhance" />
      <item value="/** * Determines the interfaces implemented by the class or interface * represented by this object. * * &lt;p&gt; If this object represents a class, the return value is an array * containing objects representing all interfaces implemented by the * class. The order of the interface objects in the array corresponds to * the order of the interface names in the {@code implements} clause * of the declaration of the class represented by this object. For * example, given the declaration: * &lt;blockquote&gt; * {@code class Shimmer implements FloorWax, DessertTopping { ... }} * &lt;/blockquote&gt; * suppose the value of {@code s} is an instance of * {@code Shimmer}; the value of the expression: * &lt;blockquote&gt; * {@code s.getClass().getInterfaces()[0]} * &lt;/blockquote&gt; * is the {@code Class} object that represents interface * {@code FloorWax}; and the value of: * &lt;blockquote&gt; * {@code s.getClass().getInterfaces()[1]} * &lt;/blockquote&gt; * is the {@code Class} object that represents interface * {@code DessertTopping}. * * &lt;p&gt; If this object represents an interface, the array contains objects * representing all interfaces extended by the interface. The order of the * interface objects in the array corresponds to the order of the interface * names in the {@code extends} clause of the declaration of the * interface represented by this object. * * &lt;p&gt; If this object represents a class or interface that implements no * interfaces, the method returns an array of length 0. * * &lt;p&gt; If this object represents a primitive type or void, the method * returns an array of length 0. * * &lt;p&gt; If this {@code Class} object represents an array type, the * interfaces {@code Cloneable} and {@code java.io.Serializable} are * returned in that order. * * @return an array of interfaces implemented by this class. */" />
      <item value="* Interface to be implemented by objects used within a {@link BeanFactory} which * are themselves factories for individual objects. If a bean implements this * interface, it is used as a factory for an object to expose, not directly as a * bean instance that will be exposed itself." />
      <item value="* Spring's default implementation of the {@link ConfigurableListableBeanFactory} * and {@link BeanDefinitionRegistry} interfaces: a full-fledged bean factory * based on bean definition metadata, extensible through post-processors. * * &lt;p&gt;Typical usage is registering all bean definitions first (possibly read * from a bean definition file), before accessing beans. Bean lookup by name * is therefore an inexpensive operation in a local bean definition table, * operating on pre-resolved bean definition metadata objects. * * &lt;p&gt;Note that readers for specific bean definition formats are typically * implemented separately rather than as bean factory subclasses: * see for example {@link PropertiesBeanDefinitionReader} and * {@link org.springframework.beans.factory.xml.XmlBeanDefinitionReader}. * * &lt;p&gt;For an alternative implementation of the * {@link org.springframework.beans.factory.ListableBeanFactory} interface, * have a look at {@link StaticListableBeanFactory}, which manages existing * bean instances rather than creating new ones based on bean definitions. *" />
      <item value="* @return the type of object that this FactoryBean creates," />
      <item value="* Return the type of object that this FactoryBean creates, * or {@code null} if not known in advance. * &lt;p&gt;This allows one to check for specific types of beans without * instantiating objects, for example on autowiring. * &lt;p&gt;In the case of implementations that are creating a singleton object, * this method should try to avoid singleton creation as far as possible; * it should rather estimate the type in advance. * For prototypes, returning a meaningful type here is advisable too. * &lt;p&gt;This method can be called &lt;i&gt;before&lt;/i&gt; this FactoryBean has * been fully initialized. It must not rely on state created during * initialization; of course, it can still use such state if available. * &lt;p&gt;&lt;b&gt;NOTE:&lt;/b&gt; Autowiring will simply ignore FactoryBeans that return * {@code null} here. Therefore it is highly recommended to implement * this method properly, using the current state of the FactoryBean." />
      <item value="* Publish the given event to all listeners. * @param event the event to publish (may be an {@link ApplicationEvent} * or a payload object to be turned into a {@link PayloadApplicationEvent}) * @param eventType the resolved event type, if known * @since 4.2" />
      <item value="multicast Event" />
      <item value="* &lt;p&gt;If the superclass is a parameterized type, the {@code Type} * object returned must accurately reflect the actual type * parameters used in the source code. The parameterized type * representing the superclass is created if it had not been * created before. See the declaration of {@link" />
      <item value="* Returns the {@code Type} representing the direct superclass of * the entity (class, interface, primitive type or void) represented by * this {@code Class}." />
      <item value="LINENUMBER" />
      <item value="* Returns a power of two size for the given target capacity." />
      <item value="Spring Boot Test Context Bootstrapper" />
      <item value="public" />
      <item value="Import Bean Definition Registrar" />
      <item value="method handles" />
      <item value="* A &lt;em&gt;lookup object&lt;/em&gt; is a factory for creating method handles, * when the creation requires access checking. * Method handles do not perform * access checks when they are called, but rather when they are created. * Therefore, method handle access * restrictions must be enforced when a method handle is created. * The caller class against which those restrictions are enforced * is known as the {@linkplain #lookupClass lookup class}. * &lt;p&gt; * A lookup class which needs to create method handles will call * {@link MethodHandles#lookup MethodHandles.lookup} to create a factory for itself. * When the {@code Lookup} factory object is created, the identity of the lookup class is * determined, and securely stored in the {@code Lookup} object. * The lookup class (or its delegates) may then use factory methods * on the {@code Lookup} object to create method handles for access-checked members. * This includes all methods, constructors, and fields which are allowed to the lookup class, * even private ones." />
      <item value="* Returns the {@code Class} object representing the class or interface * that declares the executable represented by this object." />
      <item value="* This class consists exclusively of static methods that operate on or return * method handles. They fall into several categories: * &lt;ul&gt; * &lt;li&gt;Lookup methods which help create method handles for methods and fields. * &lt;li&gt;Combinator methods, which combine or transform pre-existing method handles into new ones. * &lt;li&gt;Other factory methods to create method handles that emulate other common JVM operations or control flow patterns." />
      <item value="* A {@code Method} provides information about, and access to, a single method * on a class or interface. The reflected method may be a class method * or an instance method (including an abstract method). * * &lt;p&gt;A {@code Method} permits widening conversions to occur when matching the * actual parameters to invoke with the underlying method's formal * parameters, but it throws an {@code IllegalArgumentException} if a * narrowing conversion would occur." />
      <item value="* A {@code Method} provides information about, and access to, a single method * on a class or interface. The reflected method may be a class method * or an instance method (including an abstract method)." />
      <item value="Type Variable" />
      <item value="* Returns the Java language modifiers for the member or * constructor represented by this Member, as an integer. The * Modifier class should be used to decode the modifiers in * the integer." />
      <item value="is Synthetic" />
      <item value="* Member is an interface that reflects identifying information about * a single member (a field or a method) or a constructor." />
      <item value="* This class consists exclusively of static methods that operate on or return * method handles. They fall into several categories: * &lt;ul&gt; * &lt;li&gt;Lookup methods which help create method handles for methods and fields. * &lt;li&gt;Combinator methods, which combine or transform pre-existing method handles into new ones. * &lt;li&gt;Other factory methods to create method handles that emulate other common JVM operations or control flow patterns. * &lt;/ul&gt; * &lt;p&gt;" />
      <item value="* Instantiate and register all BeanPostProcessor beans, * respecting explicit order if given. * &lt;p&gt;Must be called before any instantiation of application beans." />
      <item value="// Register bean processors that intercept bean creation." />
      <item value="// Invoke factory processors registered as beans in the context." />
      <item value="// Allows post-processing of the bean factory in context subclasses." />
      <item value="post" />
      <item value="Invoke factory processors registered as beans in the context" />
      <item value="introspected Class" />
      <item value="* Retrieve the attributes of the annotation of the given type, if any (i.e. if * defined on the underlying element, as direct annotation or meta-annotation), * also taking attribute overrides on composed annotations into account." />
      <item value="get Annotation Attributes" />
      <item value="* Register, escalate, and configure the standard auto proxy creator (APC) against the * given registry. Works by finding the nearest annotation declared on the importing * {@code @Configuration} class that has both {@code mode} and {@code proxyTargetClass} * attributes. If {@code mode} is set to {@code PROXY}, the APC is registered; if * {@code proxyTargetClass} is set to {@code true}, then the APC is forced to use * subclass (CGLIB) proxying. * &lt;p&gt;Several {@code @Enable*} annotations expose both {@code mode} and * {@code proxyTargetClass} attributes. It is important to note that most of these * capabilities end up sharing a {@linkplain AopConfigUtils#AUTO_PROXY_CREATOR_BEAN_NAME * single APC}. For this reason, this implementation doesn't &quot;care&quot; exactly which * annotation it finds -- as long as it exposes the right {@code mode} and * {@code proxyTargetClass} attributes, the APC can be registered and configured all * the same." />
      <item value="escalate" />
      <item value="Registrar" />
      <item value="ignore throttled]" />
      <item value="throttled" />
      <item value="broadcast Msg" />
      <item value="// Initialize event multicaster for this context." />
      <item value="multicaster" />
      <item value="event" />
      <item value="autowire Candidate Patterns" />
      <item value="* Returns the system class loader for delegation. This is the default * delegation parent for new &lt;tt&gt;ClassLoader&lt;/tt&gt; instances, and is * typically the class loader used to start the application. * * &lt;p&gt; This method is first invoked early in the runtime's startup * sequence, at which point it creates the system class loader and sets it * as the context class loader of the invoking &lt;tt&gt;Thread&lt;/tt&gt;. * * &lt;p&gt; The default system class loader is an implementation-dependent * instance of this class. * * &lt;p&gt; If the system property &quot;&lt;tt&gt;java.system.class.loader&lt;/tt&gt;&quot; is defined * when this method is first invoked then the value of that property is * taken to be the name of a class that will be returned as the system * class loader. The class is loaded using the default system class loader * and must define a public constructor that takes a single parameter of * type &lt;tt&gt;ClassLoader&lt;/tt&gt; which is used as the delegation parent. An * instance is then created using this constructor with the default system * class loader as the parameter. The resulting class loader is defined * to be the system class loader. * * &lt;p&gt; If a security manager is present, and the invoker's class loader is * not &lt;tt&gt;null&lt;/tt&gt; and the invoker's class loader is not the same as or * an ancestor of the system class loader, then this method invokes the * security manager's {@link" />
    </histories>
    <option name="languageScores">
      <map>
        <entry key="CHINESE" value="246" />
        <entry key="ENGLISH" value="245" />
        <entry key="DANISH" value="2" />
        <entry key="SWEDISH" value="2" />
        <entry key="ITALIAN" value="1" />
      </map>
    </option>
  </component>
  <component name="Settings">
    <option name="baiduTranslateSettings">
      <app-key>
        <option name="appId" value="20190608000305805" />
        <option name="appKeyConfigured" value="true" />
        <option name="primaryLanguage" value="CHINESE" />
      </app-key>
    </option>
    <option name="ignoreRegExp" value="" />
    <option name="overrideFont" value="true" />
    <option name="primaryFontFamily" value="SauceCodePro Nerd Font Mono" />
    <option name="translator" value="fanyi.baidu" />
    <option name="youdaoTranslateSettings">
      <youdao-translate>
        <option name="appKeyConfigured" value="true" />
      </youdao-translate>
    </option>
  </component>
</application>