<application>
  <component name="AppStorage">
    <histories>
      <item value="Import Bean Definition Registrar" />
      <item value="* Interface to be implemented by objects used within a {@link BeanFactory} which * are themselves factories for individual objects. If a bean implements this * interface, it is used as a factory for an object to expose, not directly as a * bean instance that will be exposed itself." />
      <item value="method handles" />
      <item value="* A &lt;em&gt;lookup object&lt;/em&gt; is a factory for creating method handles, * when the creation requires access checking. * Method handles do not perform * access checks when they are called, but rather when they are created. * Therefore, method handle access * restrictions must be enforced when a method handle is created. * The caller class against which those restrictions are enforced * is known as the {@linkplain #lookupClass lookup class}. * &lt;p&gt; * A lookup class which needs to create method handles will call * {@link MethodHandles#lookup MethodHandles.lookup} to create a factory for itself. * When the {@code Lookup} factory object is created, the identity of the lookup class is * determined, and securely stored in the {@code Lookup} object. * The lookup class (or its delegates) may then use factory methods * on the {@code Lookup} object to create method handles for access-checked members. * This includes all methods, constructors, and fields which are allowed to the lookup class, * even private ones." />
      <item value="* Returns the {@code Class} object representing the class or interface * that declares the executable represented by this object." />
      <item value="* This class consists exclusively of static methods that operate on or return * method handles. They fall into several categories: * &lt;ul&gt; * &lt;li&gt;Lookup methods which help create method handles for methods and fields. * &lt;li&gt;Combinator methods, which combine or transform pre-existing method handles into new ones. * &lt;li&gt;Other factory methods to create method handles that emulate other common JVM operations or control flow patterns." />
      <item value="* A {@code Method} provides information about, and access to, a single method * on a class or interface. The reflected method may be a class method * or an instance method (including an abstract method). * * &lt;p&gt;A {@code Method} permits widening conversions to occur when matching the * actual parameters to invoke with the underlying method's formal * parameters, but it throws an {@code IllegalArgumentException} if a * narrowing conversion would occur." />
      <item value="* A {@code Method} provides information about, and access to, a single method * on a class or interface. The reflected method may be a class method * or an instance method (including an abstract method)." />
      <item value="Type Variable" />
      <item value="* Returns the Java language modifiers for the member or * constructor represented by this Member, as an integer. The * Modifier class should be used to decode the modifiers in * the integer." />
      <item value="is Synthetic" />
      <item value="* Member is an interface that reflects identifying information about * a single member (a field or a method) or a constructor." />
      <item value="* This class consists exclusively of static methods that operate on or return * method handles. They fall into several categories: * &lt;ul&gt; * &lt;li&gt;Lookup methods which help create method handles for methods and fields. * &lt;li&gt;Combinator methods, which combine or transform pre-existing method handles into new ones. * &lt;li&gt;Other factory methods to create method handles that emulate other common JVM operations or control flow patterns. * &lt;/ul&gt; * &lt;p&gt;" />
      <item value="* Instantiate and register all BeanPostProcessor beans, * respecting explicit order if given. * &lt;p&gt;Must be called before any instantiation of application beans." />
      <item value="// Register bean processors that intercept bean creation." />
      <item value="// Invoke factory processors registered as beans in the context." />
      <item value="// Allows post-processing of the bean factory in context subclasses." />
      <item value="post" />
      <item value="Invoke factory processors registered as beans in the context" />
      <item value="introspected Class" />
      <item value="* Retrieve the attributes of the annotation of the given type, if any (i.e. if * defined on the underlying element, as direct annotation or meta-annotation), * also taking attribute overrides on composed annotations into account." />
      <item value="get Annotation Attributes" />
      <item value="* Register, escalate, and configure the standard auto proxy creator (APC) against the * given registry. Works by finding the nearest annotation declared on the importing * {@code @Configuration} class that has both {@code mode} and {@code proxyTargetClass} * attributes. If {@code mode} is set to {@code PROXY}, the APC is registered; if * {@code proxyTargetClass} is set to {@code true}, then the APC is forced to use * subclass (CGLIB) proxying. * &lt;p&gt;Several {@code @Enable*} annotations expose both {@code mode} and * {@code proxyTargetClass} attributes. It is important to note that most of these * capabilities end up sharing a {@linkplain AopConfigUtils#AUTO_PROXY_CREATOR_BEAN_NAME * single APC}. For this reason, this implementation doesn't &quot;care&quot; exactly which * annotation it finds -- as long as it exposes the right {@code mode} and * {@code proxyTargetClass} attributes, the APC can be registered and configured all * the same." />
      <item value="escalate" />
      <item value="Registrar" />
      <item value="ignore throttled]" />
      <item value="throttled" />
      <item value="broadcast Msg" />
      <item value="// Initialize event multicaster for this context." />
      <item value="multicaster" />
      <item value="event" />
      <item value="autowire Candidate Patterns" />
      <item value="* Returns the system class loader for delegation. This is the default * delegation parent for new &lt;tt&gt;ClassLoader&lt;/tt&gt; instances, and is * typically the class loader used to start the application. * * &lt;p&gt; This method is first invoked early in the runtime's startup * sequence, at which point it creates the system class loader and sets it * as the context class loader of the invoking &lt;tt&gt;Thread&lt;/tt&gt;. * * &lt;p&gt; The default system class loader is an implementation-dependent * instance of this class. * * &lt;p&gt; If the system property &quot;&lt;tt&gt;java.system.class.loader&lt;/tt&gt;&quot; is defined * when this method is first invoked then the value of that property is * taken to be the name of a class that will be returned as the system * class loader. The class is loaded using the default system class loader * and must define a public constructor that takes a single parameter of * type &lt;tt&gt;ClassLoader&lt;/tt&gt; which is used as the delegation parent. An * instance is then created using this constructor with the default system * class loader as the parameter. The resulting class loader is defined * to be the system class loader. * * &lt;p&gt; If a security manager is present, and the invoker's class loader is * not &lt;tt&gt;null&lt;/tt&gt; and the invoker's class loader is not the same as or * an ancestor of the system class loader, then this method invokes the * security manager's {@link" />
      <item value="* An object that implements the Enumeration interface generates a * series of elements, one at a time. Successive calls to the * &lt;code&gt;nextElement&lt;/code&gt; method return successive elements of the * series. * &lt;p&gt; * For example, to print all elements of a &lt;tt&gt;Vector&amp;lt;E&amp;gt;&lt;/tt&gt; &lt;i&gt;v&lt;/i&gt;: * &lt;pre&gt; * for (Enumeration&amp;lt;E&amp;gt; e = v.elements(); e.hasMoreElements();) * System.out.println(e.nextElement());&lt;/pre&gt; * &lt;p&gt; * Methods are provided to enumerate through the elements of a * vector, the keys of a hashtable, and the values in a hashtable. * Enumerations are also used to specify the input streams to a * &lt;code&gt;SequenceInputStream&lt;/code&gt;. * &lt;p&gt; * NOTE: The functionality of this interface is duplicated by the Iterator * interface. In addition, Iterator adds an optional remove operation, and * has shorter method names. New implementations should consider using * Iterator in preference to Enumeration." />
      <item value="* An object that implements the Enumeration interface generates a * series of elements, one at a time. Successive calls to the * &lt;code&gt;nextElement&lt;/code&gt; method return successive elements of the * series. * &lt;p&gt; * For example, to print all elements of a &lt;tt&gt;Vector&amp;lt;E&amp;gt;&lt;/tt&gt; &lt;i&gt;v&lt;/i&gt;:" />
      <item value="Enumeration" />
      <item value="encapsulated" />
      <item value="* &lt;p&gt;Interface that must be implemented for each handler type to handle a request. * This interface is used to allow the {@link DispatcherServlet} to be indefinitely * extensible. The {@code DispatcherServlet} accesses all installed handlers through * this interface, meaning that it does not contain code specific to any handler type. * * &lt;p&gt;Note that a handler can be of type {@code Object}. This is to enable * handlers from other frameworks to be integrated with this framework without * custom coding, as well as to allow for annotation-driven handler objects that * do not obey any specific Java interface. * * &lt;p&gt;This interface is not intended for application developers. It is available * to handlers who want to develop their own web workflow." />
      <item value="* MVC framework SPI, allowing parameterization of the core MVC workflow. * * &lt;p&gt;Interface that must be implemented for each handler type to handle a request. * This interface is used to allow the {@link DispatcherServlet} to be indefinitely * extensible. The {@code DispatcherServlet} accesses all installed handlers through * this interface, meaning that it does not contain code specific to any handler type. * * &lt;p&gt;Note that a handler can be of type {@code Object}. This is to enable * handlers from other frameworks to be integrated with this framework without * custom coding, as well as to allow for annotation-driven handler objects that * do not obey any specific Java interface. * * &lt;p&gt;This interface is not intended for application developers. It is available * to handlers who want to develop their own web workflow." />
      <item value="parameterization" />
      <item value="opinionated" />
      <item value="Handler Adapter" />
      <item value="Handler Mapping" />
      <item value="In an async processing scenario, the handler may be executed in a separate thread while the main thread exits without rendering or invoking the postHandle and afterCompletion callbacks. When concurrent handler execution completes, the request is dispatched back in order to proceed with rendering the model and all methods of this contract are invoked again. For further options and details see org.springframework.web.servlet.AsyncHandlerInterceptor Typically an interceptor chain is defined per HandlerMapping bean, sharing its granularity. To be able to apply a certain interceptor chain to a group of handlers, one needs to map the desired handlers via one HandlerMapping bean. The interceptors themselves are defined as beans in the application context, referenced by the mapping bean definition via its &quot;interceptors&quot; property (in XML: a &lt;list&gt; of &lt;ref&gt;). HandlerInterceptor is basically similar to a Servlet Filter, but in contrast to the latter it just allows custom pre-processing with the option of prohibiting the execution of the handler itself, and custom post-processing. Filters are more powerful, for example they allow for exchanging the request and response objects that are handed down the chain. Note that a filter gets configured in web.xml, a HandlerInterceptor in the application context. As a basic guideline, fine-grained handler-related preprocessing tasks are candidates for HandlerInterceptor implementations, especially factored-out common handler code and authorization checks. On the other hand, a Filter is well-suited for request content and view content handling, like multipart forms and GZIP compression. This typically shows when one needs to map the filter to certain content types (e.g. images), or to all requests." />
      <item value="handler" />
      <item value="repetitive" />
      <item value="authorization" />
      <item value="DISTINCT" />
      <item value="* &lt;p&gt; Returns the target object. This will always be * the same object as that matched by the &lt;code&gt;target&lt;/code&gt; pointcut * designator. Unless you specifically need this reflective access, * you should use the &lt;code&gt;target&lt;/code&gt; pointcut designator to * get at this object for better static typing and performance.&lt;/p&gt; *" />
      <item value="aggressive Lazy Loading" />
    </histories>
    <option name="languageScores">
      <map>
        <entry key="CHINESE" value="227" />
        <entry key="ENGLISH" value="227" />
        <entry key="DANISH" value="2" />
        <entry key="SWEDISH" value="2" />
        <entry key="ITALIAN" value="1" />
      </map>
    </option>
  </component>
  <component name="Settings">
    <option name="baiduTranslateSettings">
      <app-key>
        <option name="appId" value="20190608000305805" />
        <option name="appKeyConfigured" value="true" />
        <option name="primaryLanguage" value="CHINESE" />
      </app-key>
    </option>
    <option name="ignoreRegExp" value="" />
    <option name="overrideFont" value="true" />
    <option name="primaryFontFamily" value="SauceCodePro Nerd Font Mono" />
    <option name="translator" value="fanyi.baidu" />
    <option name="youdaoTranslateSettings">
      <youdao-translate>
        <option name="appKeyConfigured" value="true" />
      </youdao-translate>
    </option>
  </component>
</application>