<application>
  <component name="AppStorage">
    <histories>
      <item value="ignore throttled]" />
      <item value="throttled" />
      <item value="broadcast Msg" />
      <item value="// Initialize event multicaster for this context." />
      <item value="multicaster" />
      <item value="event" />
      <item value="autowire Candidate Patterns" />
      <item value="* Returns the system class loader for delegation. This is the default * delegation parent for new &lt;tt&gt;ClassLoader&lt;/tt&gt; instances, and is * typically the class loader used to start the application. * * &lt;p&gt; This method is first invoked early in the runtime's startup * sequence, at which point it creates the system class loader and sets it * as the context class loader of the invoking &lt;tt&gt;Thread&lt;/tt&gt;. * * &lt;p&gt; The default system class loader is an implementation-dependent * instance of this class. * * &lt;p&gt; If the system property &quot;&lt;tt&gt;java.system.class.loader&lt;/tt&gt;&quot; is defined * when this method is first invoked then the value of that property is * taken to be the name of a class that will be returned as the system * class loader. The class is loaded using the default system class loader * and must define a public constructor that takes a single parameter of * type &lt;tt&gt;ClassLoader&lt;/tt&gt; which is used as the delegation parent. An * instance is then created using this constructor with the default system * class loader as the parameter. The resulting class loader is defined * to be the system class loader. * * &lt;p&gt; If a security manager is present, and the invoker's class loader is * not &lt;tt&gt;null&lt;/tt&gt; and the invoker's class loader is not the same as or * an ancestor of the system class loader, then this method invokes the * security manager's {@link" />
      <item value="* An object that implements the Enumeration interface generates a * series of elements, one at a time. Successive calls to the * &lt;code&gt;nextElement&lt;/code&gt; method return successive elements of the * series. * &lt;p&gt; * For example, to print all elements of a &lt;tt&gt;Vector&amp;lt;E&amp;gt;&lt;/tt&gt; &lt;i&gt;v&lt;/i&gt;: * &lt;pre&gt; * for (Enumeration&amp;lt;E&amp;gt; e = v.elements(); e.hasMoreElements();) * System.out.println(e.nextElement());&lt;/pre&gt; * &lt;p&gt; * Methods are provided to enumerate through the elements of a * vector, the keys of a hashtable, and the values in a hashtable. * Enumerations are also used to specify the input streams to a * &lt;code&gt;SequenceInputStream&lt;/code&gt;. * &lt;p&gt; * NOTE: The functionality of this interface is duplicated by the Iterator * interface. In addition, Iterator adds an optional remove operation, and * has shorter method names. New implementations should consider using * Iterator in preference to Enumeration." />
      <item value="* An object that implements the Enumeration interface generates a * series of elements, one at a time. Successive calls to the * &lt;code&gt;nextElement&lt;/code&gt; method return successive elements of the * series. * &lt;p&gt; * For example, to print all elements of a &lt;tt&gt;Vector&amp;lt;E&amp;gt;&lt;/tt&gt; &lt;i&gt;v&lt;/i&gt;:" />
      <item value="Enumeration" />
      <item value="encapsulated" />
      <item value="* &lt;p&gt;Interface that must be implemented for each handler type to handle a request. * This interface is used to allow the {@link DispatcherServlet} to be indefinitely * extensible. The {@code DispatcherServlet} accesses all installed handlers through * this interface, meaning that it does not contain code specific to any handler type. * * &lt;p&gt;Note that a handler can be of type {@code Object}. This is to enable * handlers from other frameworks to be integrated with this framework without * custom coding, as well as to allow for annotation-driven handler objects that * do not obey any specific Java interface. * * &lt;p&gt;This interface is not intended for application developers. It is available * to handlers who want to develop their own web workflow." />
      <item value="* MVC framework SPI, allowing parameterization of the core MVC workflow. * * &lt;p&gt;Interface that must be implemented for each handler type to handle a request. * This interface is used to allow the {@link DispatcherServlet} to be indefinitely * extensible. The {@code DispatcherServlet} accesses all installed handlers through * this interface, meaning that it does not contain code specific to any handler type. * * &lt;p&gt;Note that a handler can be of type {@code Object}. This is to enable * handlers from other frameworks to be integrated with this framework without * custom coding, as well as to allow for annotation-driven handler objects that * do not obey any specific Java interface. * * &lt;p&gt;This interface is not intended for application developers. It is available * to handlers who want to develop their own web workflow." />
      <item value="parameterization" />
      <item value="opinionated" />
      <item value="Handler Adapter" />
      <item value="Handler Mapping" />
      <item value="In an async processing scenario, the handler may be executed in a separate thread while the main thread exits without rendering or invoking the postHandle and afterCompletion callbacks. When concurrent handler execution completes, the request is dispatched back in order to proceed with rendering the model and all methods of this contract are invoked again. For further options and details see org.springframework.web.servlet.AsyncHandlerInterceptor Typically an interceptor chain is defined per HandlerMapping bean, sharing its granularity. To be able to apply a certain interceptor chain to a group of handlers, one needs to map the desired handlers via one HandlerMapping bean. The interceptors themselves are defined as beans in the application context, referenced by the mapping bean definition via its &quot;interceptors&quot; property (in XML: a &lt;list&gt; of &lt;ref&gt;). HandlerInterceptor is basically similar to a Servlet Filter, but in contrast to the latter it just allows custom pre-processing with the option of prohibiting the execution of the handler itself, and custom post-processing. Filters are more powerful, for example they allow for exchanging the request and response objects that are handed down the chain. Note that a filter gets configured in web.xml, a HandlerInterceptor in the application context. As a basic guideline, fine-grained handler-related preprocessing tasks are candidates for HandlerInterceptor implementations, especially factored-out common handler code and authorization checks. On the other hand, a Filter is well-suited for request content and view content handling, like multipart forms and GZIP compression. This typically shows when one needs to map the filter to certain content types (e.g. images), or to all requests." />
      <item value="handler" />
      <item value="repetitive" />
      <item value="authorization" />
      <item value="DISTINCT" />
      <item value="* &lt;p&gt; Returns the target object. This will always be * the same object as that matched by the &lt;code&gt;target&lt;/code&gt; pointcut * designator. Unless you specifically need this reflective access, * you should use the &lt;code&gt;target&lt;/code&gt; pointcut designator to * get at this object for better static typing and performance.&lt;/p&gt; *" />
      <item value="aggressive Lazy Loading" />
      <item value="* Encapsulates information about a handler method consisting of a * {@linkplain #getMethod() method} and a {@linkplain #getBean() bean}. * Provides convenient access to method parameters, the method return value, * method annotations, etc. * * &lt;p&gt;The class may be created with a bean instance or with a bean name (e.g. lazy-init bean, * prototype bean). Use {@link #createWithResolvedBean()} to obtain a {@code HandlerMethod} * instance with a bean instance resolved through the associated {@link BeanFactory}." />
      <item value="propagation" />
      <item value="设置所有读操作的事务为SUPPORRS" />
      <item value="COLLATE" />
      <item value="Aop Infrastructure Bean" />
      <item value="Interceptor And Dynamic Method Matcher" />
      <item value="interceptor Or Interception Advice" />
      <item value="is Eligible" />
      <item value="Async Listenable Task Executor" />
      <item value="* Returns true if an annotation for the specified type * is &lt;em&gt;present&lt;/em&gt; on this element, else false. This method * is designed primarily for convenient access to marker annotations. * * &lt;p&gt;The truth value returned by this method is equivalent to: * {@code getAnnotation(annotationClass) != null} * * &lt;p&gt;The body of the default method is specified to be the code * above." />
      <item value="retrieval" />
      <item value="* Return the target class behind the implementing object * (typically a proxy configuration or an actual proxy)." />
      <item value="* Minimal interface for exposing the target class behind a proxy. * * &lt;p&gt;Implemented by AOP proxy objects and proxy factories * (via {@link org.springframework.aop.framework.Advised}) * as well as by {@link TargetSource TargetSources}." />
      <item value="* Return the object that holds the current joinpoint's static part. * &lt;p&gt;For instance, the target object for an invocation. * @return the object (can be null if the accessible object is static)" />
      <item value="* Add the specified user attribute with the given value to this invocation. * &lt;p&gt;Such attributes are not used within the AOP framework itself. They are * just kept as part of the invocation object, for use in special interceptors." />
      <item value="* @param proxy the proxy object that the invocation was made on" />
      <item value="Cglib Method Invocation" />
      <item value="* Superinterface for all Advisors that are driven by a pointcut. * This covers nearly all advisors except introduction advisors, * for which method-level matching doesn't apply." />
      <item value="Bean Post Processor" />
      <item value="Bean Factory Aware" />
      <item value="* {@link org.springframework.beans.factory.config.BeanPostProcessor} * implementation that passes the ServletContext to beans that implement * the {@link ServletContextAware} interface. * * &lt;p&gt;Web application contexts will automatically register this with their * underlying bean factory. Applications do not use this directly." />
      <item value="task Sink" />
      <item value="sink" />
      <item value="* Takes a {@code Sink} that accepts elements of the output type of the * {@code PipelineHelper}, and wrap it with a {@code Sink} that accepts * elements of the input type and implements all the intermediate operations * described by this {@code PipelineHelper}, delivering the result into the * provided {@code Sink}." />
      <item value="* An extension of {@link Consumer} used to conduct values through the stages of * a stream pipeline, with additional methods to manage size information, * control flow, etc. Before calling the {@code accept()} method on a * {@code Sink} for the first time, you must first call the {@code begin()} * method to inform it that data is coming (optionally informing the sink how * much data is coming), and after all data has been sent, you must call the * {@code end()} method. After calling {@code end()}, you should not call * {@code accept()} without again calling {@code begin()}. {@code Sink} also * offers a mechanism by which the sink can cooperatively signal that it does * not wish to receive any more data (the {@code cancellationRequested()} * method), which a source can poll before sending more data to the * {@code Sink}. * * &lt;p&gt;A sink may be in one of two states: an initial state and an active state. * It starts out in the initial state; the {@code begin()} method transitions * it to the active state, and the {@code end()} method transitions it back into * the initial state, where it can be re-used. Data-accepting methods (such as * {@code accept()} are only valid in the active state. * * @apiNote * A stream pipeline consists of a source, zero or more intermediate stages * (such as filtering or mapping), and a terminal stage, such as reduction or * for-each. For concreteness, consider the pipeline:" />
    </histories>
    <option name="languageScores">
      <map>
        <entry key="CHINESE" value="202" />
        <entry key="ENGLISH" value="203" />
        <entry key="DANISH" value="2" />
        <entry key="SWEDISH" value="1" />
        <entry key="ITALIAN" value="1" />
      </map>
    </option>
  </component>
  <component name="Settings">
    <option name="baiduTranslateSettings">
      <app-key>
        <option name="appId" value="20190608000305805" />
        <option name="appKeyConfigured" value="true" />
        <option name="primaryLanguage" value="CHINESE" />
      </app-key>
    </option>
    <option name="ignoreRegExp" value="" />
    <option name="overrideFont" value="true" />
    <option name="primaryFontFamily" value="SauceCodePro Nerd Font Mono" />
    <option name="translator" value="fanyi.baidu" />
    <option name="youdaoTranslateSettings">
      <youdao-translate>
        <option name="appKeyConfigured" value="true" />
      </youdao-translate>
    </option>
  </component>
</application>