<application>
  <component name="AppStorage">
    <histories>
      <item value="excessive" />
      <item value="* An optionally-bounded {@linkplain BlockingQueue blocking queue} based on * linked nodes. * This queue orders elements FIFO (first-in-first-out). * The &lt;em&gt;head&lt;/em&gt; of the queue is that element that has been on the * queue the longest time. * The &lt;em&gt;tail&lt;/em&gt; of the queue is that element that has been on the * queue the shortest time. New elements * are inserted at the tail of the queue, and the queue retrieval * operations obtain elements at the head of the queue. * Linked queues typically have higher throughput than array-based queues but * less predictable performance in most concurrent applications. * * &lt;p&gt;The optional capacity bound constructor argument serves as a * way to prevent excessive queue expansion. The capacity, if unspecified, * is equal to {@link Integer#MAX_VALUE}. Linked nodes are * dynamically created upon each insertion unless this would bring the * queue above capacity." />
      <item value="Linked Blocking Queue" />
      <item value="* added in traversal order of the collection's iterator." />
      <item value="traversal" />
      <item value="decoupling" />
      <item value="Lock only for visibility, not mutual exclusion" />
      <item value="not mutual exclusion" />
      <item value="polling" />
      <item value="/** * Inserts the specified element into this queue if it is possible to do * so immediately without violating capacity restrictions, returning * {@code true} upon success and throwing an * {@code IllegalStateException} if no space is currently available. * When using a capacity-restricted queue, it is generally preferable to * use {@link #offer(Object) offer}." />
      <item value="hardwiring" />
      <item value="NANOSECONDS" />
      <item value="* @param keepAliveTime when the number of threads is greater than * the core, this is the maximum time that excess idle threads * will wait for new tasks before terminating." />
      <item value="excess" />
      <item value="* Returns the approximate total number of tasks that have ever been * scheduled for execution. Because the states of tasks and * threads may change dynamically during computation, the returned * value is only an approximation." />
      <item value="* Returns the approximate total number of tasks that have * completed execution. Because the states of tasks and threads * may change dynamically during computation, the returned value * is only an approximation, but one that does not ever decrease * across successive calls." />
      <item value="successive" />
      <item value="simultaneously" />
      <item value="handoffs" />
      <item value="accommodate" />
      <item value="reclamation" />
      <item value="urged" />
      <item value="asynchronous" />
      <item value="Cron Util" />
      <item value="Retention" />
      <item value="Indicates that annotations with a type are to be documented by javadoc * and similar tools by default. This type should be used to annotate the * declarations of types whose annotations affect the use of annotated * elements by their clients. If a type declaration is annotated with * Documented, its annotations become part of the public API * of the annotated elements." />
      <item value="formator" />
      <item value="Hex" />
      <item value="Constraint Violation" />
      <item value="violations" />
      <item value="validator" />
      <item value="stereotype" />
      <item value="Autowired" />
      <item value="Controllers that are assignable to at least one of the given types * will be assisted by the {@code @ControllerAdvice} annotated class" />
      <item value="Marks a property, method parameter or method return type for validation cascading" />
      <item value="Annotation indicating a method parameter should be bound to the body of the web request" />
      <item value="Whether" />
      <item value="merged Context Configuration" />
      <item value="underlying" />
      <item value="encapsulated" />
      <item value="pagination" />
      <item value="Cache Evict" />
      <item value="Query By Example Executor" />
      <item value="Paging And Sorting Repository" />
      <item value="Jpa Repository" />
      <item value="Entity" />
      <item value="IDENTITY" />
      <item value="Application" />
      <item value="autoconfigure" />
      <item value="nano Time" />
    </histories>
    <option name="languageScores">
      <map>
        <entry key="CHINESE" value="125" />
        <entry key="ENGLISH" value="126" />
        <entry key="DANISH" value="1" />
      </map>
    </option>
  </component>
  <component name="Settings">
    <option name="baiduTranslateSettings">
      <app-key>
        <option name="appId" value="20190608000305805" />
        <option name="appKeyConfigured" value="true" />
        <option name="primaryLanguage" value="CHINESE" />
      </app-key>
    </option>
    <option name="ignoreRegExp" value="" />
    <option name="overrideFont" value="true" />
    <option name="primaryFontFamily" value="SauceCodePro Nerd Font Mono" />
    <option name="translator" value="fanyi.baidu" />
    <option name="youdaoTranslateSettings">
      <youdao-translate>
        <option name="appKeyConfigured" value="true" />
      </youdao-translate>
    </option>
  </component>
</application>