<application>
  <component name="GeneralSettings">
    <option name="autoSaveIfInactive" value="true" />
    <option name="reopenLastProject" value="false" />
    <option name="searchInBackground" value="true" />
    <option name="showTipsOnStartup" value="false" />
    <option name="supportScreenReaders" value="true" />
  </component>
  <component name="Registry">
    <entry key="SBT.system.in.process" value="true" />
    <entry key="BSP.experimental.feature.enabled" value="false" />
    <entry key="BSP.system.in.process" value="true" />
    <entry key="ide.editor.tabs.open.at.the.end" value="true" />
    <entry key="ide.balloon.shadow.size" value="0" />
    <entry key="win.editor.thumb.default.alpha.base" value="0" />
    <entry key="win.editor.thumb.default.alpha.delta" value="102" />
    <entry key="win.editor.thumb.darcula.alpha.base" value="0" />
    <entry key="win.editor.thumb.darcula.alpha.delta" value="102" />
    <entry key="win.editor.thumb.default.fill.min" value="102" />
    <entry key="win.editor.thumb.default.fill.max" value="150" />
    <entry key="win.editor.thumb.darcula.fill.min" value="102" />
    <entry key="ide.require.transaction.for.model.changes" value="false" />
    <entry key="search.everywhere.pattern.checking" value="false" />
    <entry key="actionSystem.fix.alt.gr" value="false" />
    <entry key="parameter.info.max.visible.rows" value="10" />
    <entry key="performance.watcher.sampling.interval.ms" value="100" />
    <entry key="performance.watcher.unresponsive.interval.ms" value="500" />
    <entry key="ide.tooltip.initialDelay" value="0" />
    <entry key="ide.tooltip.initialDelay.highlighter" value="0" />
    <entry key="ide.win.file.chooser.native" value="true" />
    <entry key="ide.tree.horizontal.default.autoscrolling" value="false" />
    <entry key="ide.borderless.title.project.path" value="false" />
    <entry key="ide.borderless.title.classpath" value="false" />
    <entry key="ide.borderless.title.product" value="false" />
    <entry key="search.everywhere.settings" value="true" />
    <entry key="rider.enable.designer.winForms" value="false" />
  </component>
</application>