<application>
  <component name="ParameterNameHintsSettings">
    <blacklists>
      <blacklist language="TypeScript" />
      <blacklist language="Java" />
      <blacklist language="Scala">
        <added pattern="org.apache.spark.sql.SparkSession.Builder.appName(name)" />
      </blacklist>
      <blacklist language="JavaScript" />
      <blacklist language="Groovy" />
      <blacklist language="Kotlin" />
    </blacklists>
    <option id="scala.apply.update.hint" value="true" />
    <option id="scala.references.names.hint" value="true" />
  </component>
</application>