<code_scheme name="AlanDing prefer-Code Style" version="173">
  <option name="SOFT_MARGINS" value="80" />
  <GoCodeStyleSettings>
    <option name="ADD_LEADING_SPACE_TO_COMMENTS" value="true" />
    <option name="IMPORT_SORTING" value="GOIMPORTS" />
    <option name="MOVE_ALL_IMPORTS_IN_ONE_DECLARATION" value="true" />
    <option name="GROUP_STDLIB_IMPORTS" value="true" />
    <option name="GROUP_CURRENT_PROJECT_IMPORTS" value="true" />
  </GoCodeStyleSettings>
  <MarkdownNavigatorCodeStyleSettings>
    <option name="RIGHT_MARGIN" value="72" />
  </MarkdownNavigatorCodeStyleSettings>
  <Properties>
    <option name="SPACES_AROUND_KEY_VALUE_DELIMITER" value="true" />
    <option name="KEEP_BLANK_LINES" value="true" />
  </Properties>
  <Python>
    <option name="DICT_ALIGNMENT" value="2" />
    <option name="USE_CONTINUATION_INDENT_FOR_ARGUMENTS" value="true" />
  </Python>
  <ScalaCodeStyleSettings>
    <option name="SCALAFMT_REFORMAT_ON_FILES_SAVE" value="true" />
    <option name="FORMATTER" value="1" />
    <option name="REFORMAT_ON_COMPILE" value="true" />
  </ScalaCodeStyleSettings>
  <codeStyleSettings language="EditorConfig">
    <option name="ALIGN_GROUP_FIELD_DECLARATIONS" value="true" />
    <option name="SPACE_AFTER_COLON" value="true" />
  </codeStyleSettings>
  <codeStyleSettings language="Properties">
    <option name="ALIGN_GROUP_FIELD_DECLARATIONS" value="true" />
  </codeStyleSettings>
  <codeStyleSettings language="Python">
    <indentOptions>
      <option name="SMART_TABS" value="true" />
    </indentOptions>
  </codeStyleSettings>
  <codeStyleSettings language="Scala">
    <indentOptions>
      <option name="SMART_TABS" value="true" />
    </indentOptions>
  </codeStyleSettings>
  <codeStyleSettings language="go">
    <indentOptions>
      <option name="USE_TAB_CHARACTER" value="false" />
    </indentOptions>
  </codeStyleSettings>
</code_scheme>