<application>
  <component name="libraryTable">
    <library name="java">
      <CLASSES>
        <root url="file://$JRE_HOME$/lib" />
        <root url="file://$JAVA_HOME$/lib" />
      </CLASSES>
      <SOURCES>
        <root url="file://$JAVA_HOME$/src/java.base" />
        <root url="file://$JAVA_HOME$/src/java.compiler" />
        <root url="file://$JAVA_HOME$/src/java.datatransfer" />
        <root url="file://$JAVA_HOME$/src/java.desktop" />
        <root url="file://$JAVA_HOME$/src/java.instrument" />
        <root url="file://$JAVA_HOME$/src/java.logging" />
        <root url="file://$JAVA_HOME$/src/java.management" />
        <root url="file://$JAVA_HOME$/src/java.management.rmi" />
        <root url="file://$JAVA_HOME$/src/java.naming" />
        <root url="file://$JAVA_HOME$/src/java.net.http" />
        <root url="file://$JAVA_HOME$/src/java.prefs" />
        <root url="file://$JAVA_HOME$/src/java.rmi" />
        <root url="file://$JAVA_HOME$/src/java.scripting" />
        <root url="file://$JAVA_HOME$/src/java.security.jgss" />
        <root url="file://$JAVA_HOME$/src/java.security.sasl" />
        <root url="file://$JAVA_HOME$/src/java.smartcardio" />
        <root url="file://$JAVA_HOME$/src/java.sql" />
        <root url="file://$JAVA_HOME$/src/java.sql.rowset" />
        <root url="file://$JAVA_HOME$/src/java.transaction.xa" />
        <root url="file://$JAVA_HOME$/src/java.xml" />
        <root url="file://$JAVA_HOME$/src/java.xml.crypto" />
        <root url="file://$JAVA_HOME$/src/jdk.accessibility" />
        <root url="file://$JAVA_HOME$/src/jdk.aot/jdk.tools.jaotc.binformat/src" />
        <root url="file://$JAVA_HOME$/src/jdk.aot/jdk.tools.jaotc/src" />
        <root url="file://$JAVA_HOME$/src/jdk.attach" />
        <root url="file://$JAVA_HOME$/src/jdk.charsets" />
        <root url="file://$JAVA_HOME$/src/jdk.compiler" />
        <root url="file://$JAVA_HOME$/src/jdk.crypto.cryptoki" />
        <root url="file://$JAVA_HOME$/src/jdk.crypto.ec" />
        <root url="file://$JAVA_HOME$/src/jdk.dynalink" />
        <root url="file://$JAVA_HOME$/src/jdk.editpad" />
        <root url="file://$JAVA_HOME$/src/jdk.hotspot.agent" />
        <root url="file://$JAVA_HOME$/src/jdk.httpserver" />
        <root url="file://$JAVA_HOME$/src/jdk.internal.ed" />
        <root url="file://$JAVA_HOME$/src/jdk.internal.jvmstat" />
        <root url="file://$JAVA_HOME$/src/jdk.internal.le" />
        <root url="file://$JAVA_HOME$/src/jdk.internal.opt" />
        <root url="file://$JAVA_HOME$/src/jdk.internal.vm.ci/jdk.vm.ci.aarch64/src" />
        <root url="file://$JAVA_HOME$/src/jdk.internal.vm.ci/jdk.vm.ci.amd64/src" />
        <root url="file://$JAVA_HOME$/src/jdk.internal.vm.ci/jdk.vm.ci.code/src" />
        <root url="file://$JAVA_HOME$/src/jdk.internal.vm.ci/jdk.vm.ci.common/src" />
        <root url="file://$JAVA_HOME$/src/jdk.internal.vm.ci/jdk.vm.ci.hotspot.aarch64/src" />
        <root url="file://$JAVA_HOME$/src/jdk.internal.vm.ci/jdk.vm.ci.hotspot.amd64/src" />
        <root url="file://$JAVA_HOME$/src/jdk.internal.vm.ci/jdk.vm.ci.hotspot.sparc/src" />
        <root url="file://$JAVA_HOME$/src/jdk.internal.vm.ci/jdk.vm.ci.hotspot/src" />
        <root url="file://$JAVA_HOME$/src/jdk.internal.vm.ci/jdk.vm.ci.meta/src" />
        <root url="file://$JAVA_HOME$/src/jdk.internal.vm.ci/jdk.vm.ci.runtime/src" />
        <root url="file://$JAVA_HOME$/src/jdk.internal.vm.ci/jdk.vm.ci.services/src" />
        <root url="file://$JAVA_HOME$/src/jdk.internal.vm.ci/jdk.vm.ci.sparc/src" />
        <root url="file://$JAVA_HOME$/src/jdk.internal.vm.compiler" />
        <root url="file://$JAVA_HOME$/src/jdk.internal.vm.compiler.management/org.graalvm.compiler.hotspot.management/src" />
        <root url="file://$JAVA_HOME$/src/jdk.jartool" />
        <root url="file://$JAVA_HOME$/src/jdk.javadoc" />
        <root url="file://$JAVA_HOME$/src/jdk.jcmd" />
        <root url="file://$JAVA_HOME$/src/jdk.jconsole" />
        <root url="file://$JAVA_HOME$/src/jdk.jdeps" />
        <root url="file://$JAVA_HOME$/src/jdk.jdi" />
        <root url="file://$JAVA_HOME$/src/jdk.jfr" />
        <root url="file://$JAVA_HOME$/src/jdk.jlink" />
        <root url="file://$JAVA_HOME$/src/jdk.jshell" />
        <root url="file://$JAVA_HOME$/src/jdk.jsobject" />
        <root url="file://$JAVA_HOME$/src/jdk.jstatd" />
        <root url="file://$JAVA_HOME$/src/jdk.localedata" />
        <root url="file://$JAVA_HOME$/src/jdk.management" />
        <root url="file://$JAVA_HOME$/src/jdk.management.agent" />
        <root url="file://$JAVA_HOME$/src/jdk.management.jfr" />
        <root url="file://$JAVA_HOME$/src/jdk.naming.dns" />
        <root url="file://$JAVA_HOME$/src/jdk.naming.rmi" />
        <root url="file://$JAVA_HOME$/src/jdk.net" />
        <root url="file://$JAVA_HOME$/src/jdk.rmic" />
        <root url="file://$JAVA_HOME$/src/jdk.scripting.nashorn" />
        <root url="file://$JAVA_HOME$/src/jdk.scripting.nashorn.shell" />
        <root url="file://$JAVA_HOME$/src/jdk.sctp" />
        <root url="file://$JAVA_HOME$/src/jdk.security.auth" />
        <root url="file://$JAVA_HOME$/src/jdk.security.jgss" />
        <root url="file://$JAVA_HOME$/src/jdk.unsupported" />
        <root url="file://$JAVA_HOME$/src/jdk.unsupported.desktop" />
        <root url="file://$JAVA_HOME$/src/jdk.xml.dom" />
        <root url="file://$JAVA_HOME$/src/jdk.zipfs" />
        <root url="file://$JAVA_HOME$/lib" />
      </SOURCES>
      <jarDirectory url="file://$JRE_HOME$/lib" recursive="false" />
      <jarDirectory url="file://$JAVA_HOME$/lib" recursive="false" />
      <jarDirectory url="file://$JAVA_HOME$/lib" recursive="false" type="SOURCES" />
    </library>
    <library name="jdk8">
      <CLASSES />
      <SOURCES>
        <root url="file:///opt/lang-tools/java/jdk8/src" />
        <root url="file:///opt/lang-tools/java/jdk8" />
      </SOURCES>
      <jarDirectory url="file:///opt/lang-tools/java/jdk8" recursive="false" type="SOURCES" />
    </library>
    <library name="Python 3.6 (py36) interpreter library">
      <CLASSES>
        <root url="file://$USER_HOME$/software/anaconda3/envs/py36/lib/python3.6" />
        <root url="file://$USER_HOME$/software/anaconda3/envs/py36/lib/python3.6/lib-dynload" />
        <root url="file://$USER_HOME$/software/anaconda3/envs/py36/lib/python3.6/site-packages" />
        <root url="jar://$USER_HOME$/software/anaconda3/envs/py36/lib/python3.6/site-packages/requests_html-0.9.0-py3.6.egg!/" />
        <root url="file://$USER_HOME$/software/anaconda3/envs/py36/lib/python3.6/site-packages/pyppeteer-0.0.25-py3.6.egg" />
        <root url="file://$USER_HOME$/software/anaconda3/envs/py36/lib/python3.6/site-packages/w3lib-1.19.0-py3.6.egg" />
        <root url="jar://$USER_HOME$/software/anaconda3/envs/py36/lib/python3.6/site-packages/bs4-0.0.1-py3.6.egg!/" />
        <root url="jar://$USER_HOME$/software/anaconda3/envs/py36/lib/python3.6/site-packages/parse-1.9.0-py3.6.egg!/" />
        <root url="file://$USER_HOME$/software/anaconda3/envs/py36/lib/python3.6/site-packages/fake_useragent-0.1.11-py3.6.egg" />
        <root url="file://$USER_HOME$/software/anaconda3/envs/py36/lib/python3.6/site-packages/pyquery-1.4.0-py3.6.egg" />
        <root url="file://$USER_HOME$/software/anaconda3/envs/py36/lib/python3.6/site-packages/requests-2.21.0-py3.6.egg" />
        <root url="file://$USER_HOME$/software/anaconda3/envs/py36/lib/python3.6/site-packages/tqdm-4.28.1-py3.6.egg" />
        <root url="file://$USER_HOME$/software/anaconda3/envs/py36/lib/python3.6/site-packages/urllib3-1.24.1-py3.6.egg" />
        <root url="jar://$USER_HOME$/software/anaconda3/envs/py36/lib/python3.6/site-packages/appdirs-1.4.3-py3.6.egg!/" />
        <root url="jar://$USER_HOME$/software/anaconda3/envs/py36/lib/python3.6/site-packages/websockets-7.0-py3.6-linux-x86_64.egg!/" />
        <root url="jar://$USER_HOME$/software/anaconda3/envs/py36/lib/python3.6/site-packages/pyee-5.0.0-py3.6.egg!/" />
        <root url="file://$USER_HOME$/software/anaconda3/envs/py36/lib/python3.6/site-packages/beautifulsoup4-4.6.3-py3.6.egg" />
        <root url="jar://$USER_HOME$/software/anaconda3/envs/py36/lib/python3.6/site-packages/cssselect-1.0.3-py3.6.egg!/" />
        <root url="file://$USER_HOME$/software/anaconda3/envs/py36/lib/python3.6/site-packages/lxml-4.2.5-py3.6-linux-x86_64.egg" />
        <root url="file://$USER_HOME$/software/anaconda3/envs/py36/lib/python3.6/site-packages/certifi-2018.11.29-py3.6.egg" />
        <root url="jar://$USER_HOME$/software/anaconda3/envs/py36/lib/python3.6/site-packages/idna-2.8-py3.6.egg!/" />
        <root url="jar://$USER_HOME$/software/anaconda3/envs/py36/lib/python3.6/site-packages/chardet-3.0.4-py3.6.egg!/" />
        <root url="file://$APPLICATION_PLUGINS_DIR$/python-ce/helpers/python-skeletons" />
        <root url="file://$APPLICATION_PLUGINS_DIR$/python-ce/helpers/typeshed/stdlib/3" />
        <root url="file://$APPLICATION_PLUGINS_DIR$/python-ce/helpers/typeshed/stdlib/2and3" />
        <root url="file://$APPLICATION_PLUGINS_DIR$/python-ce/helpers/typeshed/third_party/3" />
        <root url="file://$APPLICATION_PLUGINS_DIR$/python-ce/helpers/typeshed/third_party/2and3" />
      </CLASSES>
      <SOURCES>
        <root url="file://$USER_HOME$/software/anaconda3/envs/py36/lib/python3.6" />
        <root url="file://$USER_HOME$/software/anaconda3/envs/py36/lib/python3.6/lib-dynload" />
        <root url="file://$USER_HOME$/software/anaconda3/envs/py36/lib/python3.6/site-packages" />
        <root url="jar://$USER_HOME$/software/anaconda3/envs/py36/lib/python3.6/site-packages/requests_html-0.9.0-py3.6.egg!/" />
        <root url="file://$USER_HOME$/software/anaconda3/envs/py36/lib/python3.6/site-packages/pyppeteer-0.0.25-py3.6.egg" />
        <root url="file://$USER_HOME$/software/anaconda3/envs/py36/lib/python3.6/site-packages/w3lib-1.19.0-py3.6.egg" />
        <root url="jar://$USER_HOME$/software/anaconda3/envs/py36/lib/python3.6/site-packages/bs4-0.0.1-py3.6.egg!/" />
        <root url="jar://$USER_HOME$/software/anaconda3/envs/py36/lib/python3.6/site-packages/parse-1.9.0-py3.6.egg!/" />
        <root url="file://$USER_HOME$/software/anaconda3/envs/py36/lib/python3.6/site-packages/fake_useragent-0.1.11-py3.6.egg" />
        <root url="file://$USER_HOME$/software/anaconda3/envs/py36/lib/python3.6/site-packages/pyquery-1.4.0-py3.6.egg" />
        <root url="file://$USER_HOME$/software/anaconda3/envs/py36/lib/python3.6/site-packages/requests-2.21.0-py3.6.egg" />
        <root url="file://$USER_HOME$/software/anaconda3/envs/py36/lib/python3.6/site-packages/tqdm-4.28.1-py3.6.egg" />
        <root url="file://$USER_HOME$/software/anaconda3/envs/py36/lib/python3.6/site-packages/urllib3-1.24.1-py3.6.egg" />
        <root url="jar://$USER_HOME$/software/anaconda3/envs/py36/lib/python3.6/site-packages/appdirs-1.4.3-py3.6.egg!/" />
        <root url="jar://$USER_HOME$/software/anaconda3/envs/py36/lib/python3.6/site-packages/websockets-7.0-py3.6-linux-x86_64.egg!/" />
        <root url="jar://$USER_HOME$/software/anaconda3/envs/py36/lib/python3.6/site-packages/pyee-5.0.0-py3.6.egg!/" />
        <root url="file://$USER_HOME$/software/anaconda3/envs/py36/lib/python3.6/site-packages/beautifulsoup4-4.6.3-py3.6.egg" />
        <root url="jar://$USER_HOME$/software/anaconda3/envs/py36/lib/python3.6/site-packages/cssselect-1.0.3-py3.6.egg!/" />
        <root url="file://$USER_HOME$/software/anaconda3/envs/py36/lib/python3.6/site-packages/lxml-4.2.5-py3.6-linux-x86_64.egg" />
        <root url="file://$USER_HOME$/software/anaconda3/envs/py36/lib/python3.6/site-packages/certifi-2018.11.29-py3.6.egg" />
        <root url="jar://$USER_HOME$/software/anaconda3/envs/py36/lib/python3.6/site-packages/idna-2.8-py3.6.egg!/" />
        <root url="jar://$USER_HOME$/software/anaconda3/envs/py36/lib/python3.6/site-packages/chardet-3.0.4-py3.6.egg!/" />
        <root url="file://$APPLICATION_PLUGINS_DIR$/python-ce/helpers/python-skeletons" />
        <root url="file://$APPLICATION_PLUGINS_DIR$/python-ce/helpers/typeshed/stdlib/3" />
        <root url="file://$APPLICATION_PLUGINS_DIR$/python-ce/helpers/typeshed/stdlib/2and3" />
        <root url="file://$APPLICATION_PLUGINS_DIR$/python-ce/helpers/typeshed/third_party/3" />
        <root url="file://$APPLICATION_PLUGINS_DIR$/python-ce/helpers/typeshed/third_party/2and3" />
      </SOURCES>
    </library>
    <library name="Python 3.6 (py36) interpreter library">
      <CLASSES>
        <root url="file://$USER_HOME$/software/anaconda3/envs/py36/lib/python3.6" />
        <root url="file://$USER_HOME$/software/anaconda3/envs/py36/lib/python3.6/lib-dynload" />
        <root url="file://$USER_HOME$/software/anaconda3/envs/py36/lib/python3.6/site-packages" />
        <root url="jar://$USER_HOME$/software/anaconda3/envs/py36/lib/python3.6/site-packages/requests_html-0.9.0-py3.6.egg!/" />
        <root url="file://$USER_HOME$/software/anaconda3/envs/py36/lib/python3.6/site-packages/pyppeteer-0.0.25-py3.6.egg" />
        <root url="file://$USER_HOME$/software/anaconda3/envs/py36/lib/python3.6/site-packages/w3lib-1.19.0-py3.6.egg" />
        <root url="jar://$USER_HOME$/software/anaconda3/envs/py36/lib/python3.6/site-packages/bs4-0.0.1-py3.6.egg!/" />
        <root url="jar://$USER_HOME$/software/anaconda3/envs/py36/lib/python3.6/site-packages/parse-1.9.0-py3.6.egg!/" />
        <root url="file://$USER_HOME$/software/anaconda3/envs/py36/lib/python3.6/site-packages/fake_useragent-0.1.11-py3.6.egg" />
        <root url="file://$USER_HOME$/software/anaconda3/envs/py36/lib/python3.6/site-packages/pyquery-1.4.0-py3.6.egg" />
        <root url="file://$USER_HOME$/software/anaconda3/envs/py36/lib/python3.6/site-packages/requests-2.21.0-py3.6.egg" />
        <root url="file://$USER_HOME$/software/anaconda3/envs/py36/lib/python3.6/site-packages/tqdm-4.28.1-py3.6.egg" />
        <root url="file://$USER_HOME$/software/anaconda3/envs/py36/lib/python3.6/site-packages/urllib3-1.24.1-py3.6.egg" />
        <root url="jar://$USER_HOME$/software/anaconda3/envs/py36/lib/python3.6/site-packages/appdirs-1.4.3-py3.6.egg!/" />
        <root url="jar://$USER_HOME$/software/anaconda3/envs/py36/lib/python3.6/site-packages/websockets-7.0-py3.6-linux-x86_64.egg!/" />
        <root url="jar://$USER_HOME$/software/anaconda3/envs/py36/lib/python3.6/site-packages/pyee-5.0.0-py3.6.egg!/" />
        <root url="file://$USER_HOME$/software/anaconda3/envs/py36/lib/python3.6/site-packages/beautifulsoup4-4.6.3-py3.6.egg" />
        <root url="jar://$USER_HOME$/software/anaconda3/envs/py36/lib/python3.6/site-packages/cssselect-1.0.3-py3.6.egg!/" />
        <root url="file://$USER_HOME$/software/anaconda3/envs/py36/lib/python3.6/site-packages/lxml-4.2.5-py3.6-linux-x86_64.egg" />
        <root url="file://$USER_HOME$/software/anaconda3/envs/py36/lib/python3.6/site-packages/certifi-2018.11.29-py3.6.egg" />
        <root url="jar://$USER_HOME$/software/anaconda3/envs/py36/lib/python3.6/site-packages/idna-2.8-py3.6.egg!/" />
        <root url="jar://$USER_HOME$/software/anaconda3/envs/py36/lib/python3.6/site-packages/chardet-3.0.4-py3.6.egg!/" />
        <root url="file://$USER_HOME$/software/anaconda3/envs/py36/lib/python3.6/site-packages/Powerline_font_patcher-beta-py3.6.egg" />
        <root url="file://$USER_HOME$/software/anaconda3/envs/py36/lib/python3.6/site-packages/mccabe-0.6.1-py3.6.egg" />
        <root url="file://$USER_HOME$/.IdeaIC2018.3/system/python_stubs/-1687341626" />
        <root url="file://$APPLICATION_PLUGINS_DIR$/python-ce/helpers/python-skeletons" />
        <root url="file://$APPLICATION_PLUGINS_DIR$/python-ce/helpers/typeshed/stdlib/3" />
        <root url="file://$APPLICATION_PLUGINS_DIR$/python-ce/helpers/typeshed/stdlib/2and3" />
        <root url="file://$APPLICATION_PLUGINS_DIR$/python-ce/helpers/typeshed/third_party/3" />
        <root url="file://$APPLICATION_PLUGINS_DIR$/python-ce/helpers/typeshed/third_party/2and3" />
      </CLASSES>
      <SOURCES>
        <root url="file://$USER_HOME$/software/anaconda3/envs/py36/lib/python3.6" />
        <root url="file://$USER_HOME$/software/anaconda3/envs/py36/lib/python3.6/lib-dynload" />
        <root url="file://$USER_HOME$/software/anaconda3/envs/py36/lib/python3.6/site-packages" />
        <root url="jar://$USER_HOME$/software/anaconda3/envs/py36/lib/python3.6/site-packages/requests_html-0.9.0-py3.6.egg!/" />
        <root url="file://$USER_HOME$/software/anaconda3/envs/py36/lib/python3.6/site-packages/pyppeteer-0.0.25-py3.6.egg" />
        <root url="file://$USER_HOME$/software/anaconda3/envs/py36/lib/python3.6/site-packages/w3lib-1.19.0-py3.6.egg" />
        <root url="jar://$USER_HOME$/software/anaconda3/envs/py36/lib/python3.6/site-packages/bs4-0.0.1-py3.6.egg!/" />
        <root url="jar://$USER_HOME$/software/anaconda3/envs/py36/lib/python3.6/site-packages/parse-1.9.0-py3.6.egg!/" />
        <root url="file://$USER_HOME$/software/anaconda3/envs/py36/lib/python3.6/site-packages/fake_useragent-0.1.11-py3.6.egg" />
        <root url="file://$USER_HOME$/software/anaconda3/envs/py36/lib/python3.6/site-packages/pyquery-1.4.0-py3.6.egg" />
        <root url="file://$USER_HOME$/software/anaconda3/envs/py36/lib/python3.6/site-packages/requests-2.21.0-py3.6.egg" />
        <root url="file://$USER_HOME$/software/anaconda3/envs/py36/lib/python3.6/site-packages/tqdm-4.28.1-py3.6.egg" />
        <root url="file://$USER_HOME$/software/anaconda3/envs/py36/lib/python3.6/site-packages/urllib3-1.24.1-py3.6.egg" />
        <root url="jar://$USER_HOME$/software/anaconda3/envs/py36/lib/python3.6/site-packages/appdirs-1.4.3-py3.6.egg!/" />
        <root url="jar://$USER_HOME$/software/anaconda3/envs/py36/lib/python3.6/site-packages/websockets-7.0-py3.6-linux-x86_64.egg!/" />
        <root url="jar://$USER_HOME$/software/anaconda3/envs/py36/lib/python3.6/site-packages/pyee-5.0.0-py3.6.egg!/" />
        <root url="file://$USER_HOME$/software/anaconda3/envs/py36/lib/python3.6/site-packages/beautifulsoup4-4.6.3-py3.6.egg" />
        <root url="jar://$USER_HOME$/software/anaconda3/envs/py36/lib/python3.6/site-packages/cssselect-1.0.3-py3.6.egg!/" />
        <root url="file://$USER_HOME$/software/anaconda3/envs/py36/lib/python3.6/site-packages/lxml-4.2.5-py3.6-linux-x86_64.egg" />
        <root url="file://$USER_HOME$/software/anaconda3/envs/py36/lib/python3.6/site-packages/certifi-2018.11.29-py3.6.egg" />
        <root url="jar://$USER_HOME$/software/anaconda3/envs/py36/lib/python3.6/site-packages/idna-2.8-py3.6.egg!/" />
        <root url="jar://$USER_HOME$/software/anaconda3/envs/py36/lib/python3.6/site-packages/chardet-3.0.4-py3.6.egg!/" />
        <root url="file://$USER_HOME$/software/anaconda3/envs/py36/lib/python3.6/site-packages/Powerline_font_patcher-beta-py3.6.egg" />
        <root url="file://$USER_HOME$/software/anaconda3/envs/py36/lib/python3.6/site-packages/mccabe-0.6.1-py3.6.egg" />
        <root url="file://$USER_HOME$/.IdeaIC2018.3/system/python_stubs/-1687341626" />
        <root url="file://$APPLICATION_PLUGINS_DIR$/python-ce/helpers/python-skeletons" />
        <root url="file://$APPLICATION_PLUGINS_DIR$/python-ce/helpers/typeshed/stdlib/3" />
        <root url="file://$APPLICATION_PLUGINS_DIR$/python-ce/helpers/typeshed/stdlib/2and3" />
        <root url="file://$APPLICATION_PLUGINS_DIR$/python-ce/helpers/typeshed/third_party/3" />
        <root url="file://$APPLICATION_PLUGINS_DIR$/python-ce/helpers/typeshed/third_party/2and3" />
      </SOURCES>
    </library>
    <library name="scala-sdk-2.12.8">
      <CLASSES>
        <root url="jar:///opt/lang-tools/scala/scala-2.12.8/lib/scala-swing_2.12-2.0.3.jar!/" />
        <root url="jar:///opt/lang-tools/scala/scala-2.12.8/lib/scala-parser-combinators_2.12-1.0.7.jar!/" />
        <root url="jar:///opt/lang-tools/scala/scala-2.12.8/lib/scala-xml_2.12-1.0.6.jar!/" />
        <root url="jar:///opt/lang-tools/scala/scala-2.12.8/lib/scala-library.jar!/" />
        <root url="jar:///opt/lang-tools/scala/scala-2.12.8/lib/scala-reflect.jar!/" />
      </CLASSES>
      <SOURCES />
    </library>
  </component>
</application>