<application>
  <component name="ProjectJdkTable">
    <jdk version="2">
      <name value="1.8" />
      <type value="JavaSDK" />
      <version value="java version &quot;1.8.0_191&quot;" />
      <homePath value="$JAVA_HOME$" />
      <roots>
        <classPath>
          <root type="composite">
            <root url="jar://$JRE_HOME$/lib/charsets.jar!/" type="simple" />
            <root url="jar://$JRE_HOME$/lib/deploy.jar!/" type="simple" />
            <root url="jar://$JRE_HOME$/lib/ext/cldrdata.jar!/" type="simple" />
            <root url="jar://$JRE_HOME$/lib/ext/dnsns.jar!/" type="simple" />
            <root url="jar://$JRE_HOME$/lib/ext/jaccess.jar!/" type="simple" />
            <root url="jar://$JRE_HOME$/lib/ext/jfxrt.jar!/" type="simple" />
            <root url="jar://$JRE_HOME$/lib/ext/localedata.jar!/" type="simple" />
            <root url="jar://$JRE_HOME$/lib/ext/nashorn.jar!/" type="simple" />
            <root url="jar://$JRE_HOME$/lib/ext/sunec.jar!/" type="simple" />
            <root url="jar://$JRE_HOME$/lib/ext/sunjce_provider.jar!/" type="simple" />
            <root url="jar://$JRE_HOME$/lib/ext/sunpkcs11.jar!/" type="simple" />
            <root url="jar://$JRE_HOME$/lib/ext/zipfs.jar!/" type="simple" />
            <root url="jar://$JRE_HOME$/lib/javaws.jar!/" type="simple" />
            <root url="jar://$JRE_HOME$/lib/jce.jar!/" type="simple" />
            <root url="jar://$JRE_HOME$/lib/jfr.jar!/" type="simple" />
            <root url="jar://$JRE_HOME$/lib/jfxswt.jar!/" type="simple" />
            <root url="jar://$JRE_HOME$/lib/jsse.jar!/" type="simple" />
            <root url="jar://$JRE_HOME$/lib/management-agent.jar!/" type="simple" />
            <root url="jar://$JRE_HOME$/lib/plugin.jar!/" type="simple" />
            <root url="jar://$JRE_HOME$/lib/resources.jar!/" type="simple" />
            <root url="jar://$JRE_HOME$/lib/rt.jar!/" type="simple" />
          </root>
        </classPath>
        <sourcePath>
          <root type="composite">
            <root url="jar://$JAVA_HOME$/src.zip!/" type="simple" />
            <root url="jar://$JAVA_HOME$/javafx-src.zip!/" type="simple" />
          </root>
        </sourcePath>
      </roots>
      <additional />
    </jdk>
    <jdk version="2">
      <name value="11" />
      <type value="JavaSDK" />
      <version value="java version &quot;11.0.2&quot;" />
      <homePath value="/opt/lang-tools/java/jdk11" />
      <roots>
        <classPath>
          <root type="composite">
            <root url="jrt:///opt/lang-tools/java/jdk11!/java.base" type="simple" />
            <root url="jrt:///opt/lang-tools/java/jdk11!/java.compiler" type="simple" />
            <root url="jrt:///opt/lang-tools/java/jdk11!/java.datatransfer" type="simple" />
            <root url="jrt:///opt/lang-tools/java/jdk11!/java.desktop" type="simple" />
            <root url="jrt:///opt/lang-tools/java/jdk11!/java.instrument" type="simple" />
            <root url="jrt:///opt/lang-tools/java/jdk11!/java.logging" type="simple" />
            <root url="jrt:///opt/lang-tools/java/jdk11!/java.management" type="simple" />
            <root url="jrt:///opt/lang-tools/java/jdk11!/java.management.rmi" type="simple" />
            <root url="jrt:///opt/lang-tools/java/jdk11!/java.naming" type="simple" />
            <root url="jrt:///opt/lang-tools/java/jdk11!/java.net.http" type="simple" />
            <root url="jrt:///opt/lang-tools/java/jdk11!/java.prefs" type="simple" />
            <root url="jrt:///opt/lang-tools/java/jdk11!/java.rmi" type="simple" />
            <root url="jrt:///opt/lang-tools/java/jdk11!/java.scripting" type="simple" />
            <root url="jrt:///opt/lang-tools/java/jdk11!/java.se" type="simple" />
            <root url="jrt:///opt/lang-tools/java/jdk11!/java.security.jgss" type="simple" />
            <root url="jrt:///opt/lang-tools/java/jdk11!/java.security.sasl" type="simple" />
            <root url="jrt:///opt/lang-tools/java/jdk11!/java.smartcardio" type="simple" />
            <root url="jrt:///opt/lang-tools/java/jdk11!/java.sql" type="simple" />
            <root url="jrt:///opt/lang-tools/java/jdk11!/java.sql.rowset" type="simple" />
            <root url="jrt:///opt/lang-tools/java/jdk11!/java.transaction.xa" type="simple" />
            <root url="jrt:///opt/lang-tools/java/jdk11!/java.xml" type="simple" />
            <root url="jrt:///opt/lang-tools/java/jdk11!/java.xml.crypto" type="simple" />
            <root url="jrt:///opt/lang-tools/java/jdk11!/jdk.accessibility" type="simple" />
            <root url="jrt:///opt/lang-tools/java/jdk11!/jdk.aot" type="simple" />
            <root url="jrt:///opt/lang-tools/java/jdk11!/jdk.attach" type="simple" />
            <root url="jrt:///opt/lang-tools/java/jdk11!/jdk.charsets" type="simple" />
            <root url="jrt:///opt/lang-tools/java/jdk11!/jdk.compiler" type="simple" />
            <root url="jrt:///opt/lang-tools/java/jdk11!/jdk.crypto.cryptoki" type="simple" />
            <root url="jrt:///opt/lang-tools/java/jdk11!/jdk.crypto.ec" type="simple" />
            <root url="jrt:///opt/lang-tools/java/jdk11!/jdk.dynalink" type="simple" />
            <root url="jrt:///opt/lang-tools/java/jdk11!/jdk.editpad" type="simple" />
            <root url="jrt:///opt/lang-tools/java/jdk11!/jdk.hotspot.agent" type="simple" />
            <root url="jrt:///opt/lang-tools/java/jdk11!/jdk.httpserver" type="simple" />
            <root url="jrt:///opt/lang-tools/java/jdk11!/jdk.internal.ed" type="simple" />
            <root url="jrt:///opt/lang-tools/java/jdk11!/jdk.internal.jvmstat" type="simple" />
            <root url="jrt:///opt/lang-tools/java/jdk11!/jdk.internal.le" type="simple" />
            <root url="jrt:///opt/lang-tools/java/jdk11!/jdk.internal.opt" type="simple" />
            <root url="jrt:///opt/lang-tools/java/jdk11!/jdk.internal.vm.ci" type="simple" />
            <root url="jrt:///opt/lang-tools/java/jdk11!/jdk.internal.vm.compiler" type="simple" />
            <root url="jrt:///opt/lang-tools/java/jdk11!/jdk.internal.vm.compiler.management" type="simple" />
            <root url="jrt:///opt/lang-tools/java/jdk11!/jdk.jartool" type="simple" />
            <root url="jrt:///opt/lang-tools/java/jdk11!/jdk.javadoc" type="simple" />
            <root url="jrt:///opt/lang-tools/java/jdk11!/jdk.jcmd" type="simple" />
            <root url="jrt:///opt/lang-tools/java/jdk11!/jdk.jconsole" type="simple" />
            <root url="jrt:///opt/lang-tools/java/jdk11!/jdk.jdeps" type="simple" />
            <root url="jrt:///opt/lang-tools/java/jdk11!/jdk.jdi" type="simple" />
            <root url="jrt:///opt/lang-tools/java/jdk11!/jdk.jdwp.agent" type="simple" />
            <root url="jrt:///opt/lang-tools/java/jdk11!/jdk.jfr" type="simple" />
            <root url="jrt:///opt/lang-tools/java/jdk11!/jdk.jlink" type="simple" />
            <root url="jrt:///opt/lang-tools/java/jdk11!/jdk.jshell" type="simple" />
            <root url="jrt:///opt/lang-tools/java/jdk11!/jdk.jsobject" type="simple" />
            <root url="jrt:///opt/lang-tools/java/jdk11!/jdk.jstatd" type="simple" />
            <root url="jrt:///opt/lang-tools/java/jdk11!/jdk.localedata" type="simple" />
            <root url="jrt:///opt/lang-tools/java/jdk11!/jdk.management" type="simple" />
            <root url="jrt:///opt/lang-tools/java/jdk11!/jdk.management.agent" type="simple" />
            <root url="jrt:///opt/lang-tools/java/jdk11!/jdk.management.jfr" type="simple" />
            <root url="jrt:///opt/lang-tools/java/jdk11!/jdk.naming.dns" type="simple" />
            <root url="jrt:///opt/lang-tools/java/jdk11!/jdk.naming.rmi" type="simple" />
            <root url="jrt:///opt/lang-tools/java/jdk11!/jdk.net" type="simple" />
            <root url="jrt:///opt/lang-tools/java/jdk11!/jdk.pack" type="simple" />
            <root url="jrt:///opt/lang-tools/java/jdk11!/jdk.rmic" type="simple" />
            <root url="jrt:///opt/lang-tools/java/jdk11!/jdk.scripting.nashorn" type="simple" />
            <root url="jrt:///opt/lang-tools/java/jdk11!/jdk.scripting.nashorn.shell" type="simple" />
            <root url="jrt:///opt/lang-tools/java/jdk11!/jdk.sctp" type="simple" />
            <root url="jrt:///opt/lang-tools/java/jdk11!/jdk.security.auth" type="simple" />
            <root url="jrt:///opt/lang-tools/java/jdk11!/jdk.security.jgss" type="simple" />
            <root url="jrt:///opt/lang-tools/java/jdk11!/jdk.unsupported" type="simple" />
            <root url="jrt:///opt/lang-tools/java/jdk11!/jdk.unsupported.desktop" type="simple" />
            <root url="jrt:///opt/lang-tools/java/jdk11!/jdk.xml.dom" type="simple" />
            <root url="jrt:///opt/lang-tools/java/jdk11!/jdk.zipfs" type="simple" />
          </root>
        </classPath>
        <sourcePath>
          <root type="composite">
            <root url="jar:///opt/lang-tools/java/jdk11/lib/src.zip!/java.se" type="simple" />
            <root url="jar:///opt/lang-tools/java/jdk11/lib/src.zip!/jdk.aot" type="simple" />
            <root url="jar:///opt/lang-tools/java/jdk11/lib/src.zip!/jdk.jdi" type="simple" />
            <root url="jar:///opt/lang-tools/java/jdk11/lib/src.zip!/jdk.jfr" type="simple" />
            <root url="jar:///opt/lang-tools/java/jdk11/lib/src.zip!/jdk.net" type="simple" />
            <root url="jar:///opt/lang-tools/java/jdk11/lib/src.zip!/java.rmi" type="simple" />
            <root url="jar:///opt/lang-tools/java/jdk11/lib/src.zip!/java.sql" type="simple" />
            <root url="jar:///opt/lang-tools/java/jdk11/lib/src.zip!/java.xml" type="simple" />
            <root url="jar:///opt/lang-tools/java/jdk11/lib/src.zip!/jdk.jcmd" type="simple" />
            <root url="jar:///opt/lang-tools/java/jdk11/lib/src.zip!/jdk.pack" type="simple" />
            <root url="jar:///opt/lang-tools/java/jdk11/lib/src.zip!/jdk.rmic" type="simple" />
            <root url="jar:///opt/lang-tools/java/jdk11/lib/src.zip!/jdk.sctp" type="simple" />
            <root url="jar:///opt/lang-tools/java/jdk11/lib/src.zip!/java.base" type="simple" />
            <root url="jar:///opt/lang-tools/java/jdk11/lib/src.zip!/jdk.jdeps" type="simple" />
            <root url="jar:///opt/lang-tools/java/jdk11/lib/src.zip!/jdk.jlink" type="simple" />
            <root url="jar:///opt/lang-tools/java/jdk11/lib/src.zip!/jdk.zipfs" type="simple" />
            <root url="jar:///opt/lang-tools/java/jdk11/lib/src.zip!/java.prefs" type="simple" />
            <root url="jar:///opt/lang-tools/java/jdk11/lib/src.zip!/jdk.attach" type="simple" />
            <root url="jar:///opt/lang-tools/java/jdk11/lib/src.zip!/jdk.jshell" type="simple" />
            <root url="jar:///opt/lang-tools/java/jdk11/lib/src.zip!/jdk.jstatd" type="simple" />
            <root url="jar:///opt/lang-tools/java/jdk11/lib/src.zip!/java.naming" type="simple" />
            <root url="jar:///opt/lang-tools/java/jdk11/lib/src.zip!/jdk.editpad" type="simple" />
            <root url="jar:///opt/lang-tools/java/jdk11/lib/src.zip!/jdk.jartool" type="simple" />
            <root url="jar:///opt/lang-tools/java/jdk11/lib/src.zip!/jdk.javadoc" type="simple" />
            <root url="jar:///opt/lang-tools/java/jdk11/lib/src.zip!/jdk.xml.dom" type="simple" />
            <root url="jar:///opt/lang-tools/java/jdk11/lib/src.zip!/java.desktop" type="simple" />
            <root url="jar:///opt/lang-tools/java/jdk11/lib/src.zip!/java.logging" type="simple" />
            <root url="jar:///opt/lang-tools/java/jdk11/lib/src.zip!/jdk.charsets" type="simple" />
            <root url="jar:///opt/lang-tools/java/jdk11/lib/src.zip!/jdk.compiler" type="simple" />
            <root url="jar:///opt/lang-tools/java/jdk11/lib/src.zip!/jdk.dynalink" type="simple" />
            <root url="jar:///opt/lang-tools/java/jdk11/lib/src.zip!/jdk.jconsole" type="simple" />
            <root url="jar:///opt/lang-tools/java/jdk11/lib/src.zip!/jdk.jsobject" type="simple" />
            <root url="jar:///opt/lang-tools/java/jdk11/lib/src.zip!/java.compiler" type="simple" />
            <root url="jar:///opt/lang-tools/java/jdk11/lib/src.zip!/java.net.http" type="simple" />
            <root url="jar:///opt/lang-tools/java/jdk11/lib/src.zip!/jdk.crypto.ec" type="simple" />
            <root url="jar:///opt/lang-tools/java/jdk11/lib/src.zip!/java.scripting" type="simple" />
            <root url="jar:///opt/lang-tools/java/jdk11/lib/src.zip!/jdk.httpserver" type="simple" />
            <root url="jar:///opt/lang-tools/java/jdk11/lib/src.zip!/jdk.jdwp.agent" type="simple" />
            <root url="jar:///opt/lang-tools/java/jdk11/lib/src.zip!/jdk.localedata" type="simple" />
            <root url="jar:///opt/lang-tools/java/jdk11/lib/src.zip!/jdk.management" type="simple" />
            <root url="jar:///opt/lang-tools/java/jdk11/lib/src.zip!/jdk.naming.dns" type="simple" />
            <root url="jar:///opt/lang-tools/java/jdk11/lib/src.zip!/jdk.naming.rmi" type="simple" />
            <root url="jar:///opt/lang-tools/java/jdk11/lib/src.zip!/java.instrument" type="simple" />
            <root url="jar:///opt/lang-tools/java/jdk11/lib/src.zip!/java.management" type="simple" />
            <root url="jar:///opt/lang-tools/java/jdk11/lib/src.zip!/java.sql.rowset" type="simple" />
            <root url="jar:///opt/lang-tools/java/jdk11/lib/src.zip!/java.xml.crypto" type="simple" />
            <root url="jar:///opt/lang-tools/java/jdk11/lib/src.zip!/jdk.internal.ed" type="simple" />
            <root url="jar:///opt/lang-tools/java/jdk11/lib/src.zip!/jdk.internal.le" type="simple" />
            <root url="jar:///opt/lang-tools/java/jdk11/lib/src.zip!/jdk.unsupported" type="simple" />
            <root url="jar:///opt/lang-tools/java/jdk11/lib/src.zip!/java.smartcardio" type="simple" />
            <root url="jar:///opt/lang-tools/java/jdk11/lib/src.zip!/jdk.internal.opt" type="simple" />
            <root url="jar:///opt/lang-tools/java/jdk11/lib/src.zip!/java.datatransfer" type="simple" />
            <root url="jar:///opt/lang-tools/java/jdk11/lib/src.zip!/jdk.accessibility" type="simple" />
            <root url="jar:///opt/lang-tools/java/jdk11/lib/src.zip!/jdk.hotspot.agent" type="simple" />
            <root url="jar:///opt/lang-tools/java/jdk11/lib/src.zip!/jdk.security.auth" type="simple" />
            <root url="jar:///opt/lang-tools/java/jdk11/lib/src.zip!/jdk.security.jgss" type="simple" />
            <root url="jar:///opt/lang-tools/java/jdk11/lib/src.zip!/java.security.jgss" type="simple" />
            <root url="jar:///opt/lang-tools/java/jdk11/lib/src.zip!/java.security.sasl" type="simple" />
            <root url="jar:///opt/lang-tools/java/jdk11/lib/src.zip!/jdk.internal.vm.ci" type="simple" />
            <root url="jar:///opt/lang-tools/java/jdk11/lib/src.zip!/jdk.management.jfr" type="simple" />
            <root url="jar:///opt/lang-tools/java/jdk11/lib/src.zip!/java.management.rmi" type="simple" />
            <root url="jar:///opt/lang-tools/java/jdk11/lib/src.zip!/java.transaction.xa" type="simple" />
            <root url="jar:///opt/lang-tools/java/jdk11/lib/src.zip!/jdk.crypto.cryptoki" type="simple" />
            <root url="jar:///opt/lang-tools/java/jdk11/lib/src.zip!/jdk.internal.jvmstat" type="simple" />
            <root url="jar:///opt/lang-tools/java/jdk11/lib/src.zip!/jdk.management.agent" type="simple" />
            <root url="jar:///opt/lang-tools/java/jdk11/lib/src.zip!/jdk.scripting.nashorn" type="simple" />
            <root url="jar:///opt/lang-tools/java/jdk11/lib/src.zip!/jdk.unsupported.desktop" type="simple" />
            <root url="jar:///opt/lang-tools/java/jdk11/lib/src.zip!/jdk.internal.vm.compiler" type="simple" />
            <root url="jar:///opt/lang-tools/java/jdk11/lib/src.zip!/jdk.scripting.nashorn.shell" type="simple" />
            <root url="jar:///opt/lang-tools/java/jdk11/lib/src.zip!/jdk.internal.vm.compiler.management" type="simple" />
          </root>
        </sourcePath>
      </roots>
      <additional />
    </jdk>
    <jdk version="2">
      <name value="Lua" />
      <type value="Lua SDK" />
      <homePath value="" />
      <roots>
        <classPath>
          <root type="composite" />
        </classPath>
        <sourcePath>
          <root type="composite" />
        </sourcePath>
      </roots>
      <additional />
    </jdk>
    <jdk version="2">
      <name value="Python 3.7 (py37)" />
      <type value="Python SDK" />
      <version value="Python 3.7.3" />
      <homePath value="$USER_HOME$/software/anaconda3/envs/py37/bin/python3.7" />
      <roots>
        <classPath>
          <root type="composite">
            <root url="file://$USER_HOME$/software/anaconda3/envs/py37/lib/python3.7" type="simple" />
            <root url="file://$USER_HOME$/software/anaconda3/envs/py37/lib/python3.7/lib-dynload" type="simple" />
            <root url="file://$USER_HOME$/software/anaconda3/envs/py37/lib/python3.7/site-packages" type="simple" />
            <root url="file://$USER_HOME$/.CLion2019.1/system/python_stubs/-179789816" type="simple" />
            <root url="file://$APPLICATION_HOME_DIR$/plugins/python/helpers/python-skeletons" type="simple" />
            <root url="file://$APPLICATION_HOME_DIR$/plugins/python/helpers/typeshed/stdlib/3" type="simple" />
            <root url="file://$APPLICATION_HOME_DIR$/plugins/python/helpers/typeshed/stdlib/2and3" type="simple" />
            <root url="file://$APPLICATION_HOME_DIR$/plugins/python/helpers/typeshed/third_party/3" type="simple" />
            <root url="file://$APPLICATION_HOME_DIR$/plugins/python/helpers/typeshed/third_party/2and3" type="simple" />
          </root>
        </classPath>
        <sourcePath>
          <root type="composite" />
        </sourcePath>
      </roots>
      <additional />
    </jdk>
  </component>
</application>