<application>
  <component name="KeyPromoterXStatistic">
    <option name="statistics">
      <Statistic Action="Build Project">
        <Item>
          <IdeaActionID>XMake.Build</IdeaActionID>
          <ShortCut>'Ctrl+F9' or 'Alt+R, B'</ShortCut>
          <Description>Build Project</Description>
          <Count>1</Count>
        </Item>
      </Statistic>
      <Statistic Action="Export Settings...">
        <Item>
          <IdeaActionID>ExportSettings</IdeaActionID>
          <ShortCut>'Alt+['</ShortCut>
          <Description>Export Settings...</Description>
          <Count>3</Count>
        </Item>
      </Statistic>
      <Statistic Action="Refresh">
        <Item>
          <IdeaActionID>FileChooser.Refresh</IdeaActionID>
          <ShortCut>'Ctrl+Alt+Y'</ShortCut>
          <Description>Refresh</Description>
          <Count>5</Count>
        </Item>
      </Statistic>
      <Statistic Action="Settings...">
        <Item>
          <IdeaActionID>ShowSettings</IdeaActionID>
          <ShortCut>'Ctrl+Alt+S' or 'Alt+S, S'</ShortCut>
          <Description>Settings...</Description>
          <Count>23</Count>
        </Item>
      </Statistic>
      <Statistic Action="Toggle Line Breakpoint">
        <Item>
          <IdeaActionID>ToggleLineBreakpoint</IdeaActionID>
          <ShortCut>'Ctrl+F8' or 'Alt+D, B'</ShortCut>
          <Description>Toggle Line Breakpoint</Description>
          <Count>1</Count>
        </Item>
      </Statistic>
    </option>
    <option name="suppressed">
      <Statistic Action="Delete...">
        <Item>
          <IdeaActionID>$Delete</IdeaActionID>
          <ShortCut>'Delete' or 'Ctrl+D'</ShortCut>
          <Description>Delete...</Description>
          <Count>2</Count>
        </Item>
      </Statistic>
      <Statistic Action="Edit Configurations...">
        <Item>
          <IdeaActionID>editRunConfigurations</IdeaActionID>
          <ShortCut>'Alt+E, R'</ShortCut>
          <Description>Edit Configurations...</Description>
          <Count>1</Count>
        </Item>
      </Statistic>
      <Statistic Action="Project">
        <Item>
          <IdeaActionID>ActivateProjectToolWindow</IdeaActionID>
          <ShortCut>'Ctrl+1' or 'F3'</ShortCut>
          <Description>Project</Description>
          <Count>1</Count>
        </Item>
      </Statistic>
      <Statistic Action="Run 'c__primer'">
        <Item>
          <IdeaActionID>Run</IdeaActionID>
          <ShortCut>'Shift+F10'</ShortCut>
          <Description>Run 'c__primer'</Description>
          <Count>1</Count>
        </Item>
      </Statistic>
    </option>
  </component>
</application>