<application>
  <component name="KeyPromoterXStatistic">
    <option name="statistics">
      <Statistic Action="Export Settings...">
        <Item>
          <IdeaActionID>ExportSettings</IdeaActionID>
          <ShortCut>'Alt+['</ShortCut>
          <Description>Export Settings...</Description>
          <Count>1</Count>
        </Item>
      </Statistic>
      <Statistic Action="Settings...">
        <Item>
          <IdeaActionID>ShowSettings</IdeaActionID>
          <ShortCut>'Ctrl+Alt+S' or 'Alt+S, S'</ShortCut>
          <Description>Settings...</Description>
          <Count>2</Count>
        </Item>
      </Statistic>
    </option>
    <option name="suppressed">
      <Statistic Action="Run 'c__primer'">
        <Item>
          <IdeaActionID>Run</IdeaActionID>
          <ShortCut>'Shift+F10'</ShortCut>
          <Description>Run 'c__primer'</Description>
          <Count>1</Count>
        </Item>
      </Statistic>
    </option>
  </component>
</application>