<application>
  <component name="TemplateSettings">
    <option name="deletedKeys">
      <list>
        <TemplateKey>
          <option name="groupName" value="C/C++" />
          <option name="key" value="iter" />
        </TemplateKey>
        <TemplateKey>
          <option name="groupName" value="C/C++" />
          <option name="key" value="itit" />
        </TemplateKey>
        <TemplateKey>
          <option name="groupName" value="C/C++" />
          <option name="key" value="for" />
        </TemplateKey>
        <TemplateKey>
          <option name="groupName" value="Python" />
          <option name="key" value="super" />
        </TemplateKey>
        <TemplateKey>
          <option name="groupName" value="LaTeX" />
          <option name="key" value="begin" />
        </TemplateKey>
        <TemplateKey>
          <option name="groupName" value="Math" />
          <option name="key" value="frac" />
        </TemplateKey>
        <TemplateKey>
          <option name="groupName" value="BibTeX" />
          <option name="key" value="tag" />
        </TemplateKey>
        <TemplateKey>
          <option name="groupName" value="BibTeX" />
          <option name="key" value="string" />
        </TemplateKey>
        <TemplateKey>
          <option name="groupName" value="BibTeX" />
          <option name="key" value="preamble" />
        </TemplateKey>
        <TemplateKey>
          <option name="groupName" value="BibTeX" />
          <option name="key" value="article" />
        </TemplateKey>
        <TemplateKey>
          <option name="groupName" value="BibTeX" />
          <option name="key" value="book" />
        </TemplateKey>
        <TemplateKey>
          <option name="groupName" value="BibTeX" />
          <option name="key" value="booklet" />
        </TemplateKey>
        <TemplateKey>
          <option name="groupName" value="BibTeX" />
          <option name="key" value="conference" />
        </TemplateKey>
        <TemplateKey>
          <option name="groupName" value="BibTeX" />
          <option name="key" value="inbook" />
        </TemplateKey>
        <TemplateKey>
          <option name="groupName" value="BibTeX" />
          <option name="key" value="incollection" />
        </TemplateKey>
        <TemplateKey>
          <option name="groupName" value="BibTeX" />
          <option name="key" value="inproceedings" />
        </TemplateKey>
        <TemplateKey>
          <option name="groupName" value="BibTeX" />
          <option name="key" value="manual" />
        </TemplateKey>
        <TemplateKey>
          <option name="groupName" value="BibTeX" />
          <option name="key" value="masterthesis" />
        </TemplateKey>
        <TemplateKey>
          <option name="groupName" value="BibTeX" />
          <option name="key" value="misc" />
        </TemplateKey>
        <TemplateKey>
          <option name="groupName" value="BibTeX" />
          <option name="key" value="phdthesis" />
        </TemplateKey>
        <TemplateKey>
          <option name="groupName" value="BibTeX" />
          <option name="key" value="proceedings" />
        </TemplateKey>
        <TemplateKey>
          <option name="groupName" value="BibTeX" />
          <option name="key" value="techreport" />
        </TemplateKey>
        <TemplateKey>
          <option name="groupName" value="BibTeX" />
          <option name="key" value="unpublished" />
        </TemplateKey>
        <TemplateKey>
          <option name="groupName" value="Shell Script Hidden" />
          <option name="key" value="shell_if" />
        </TemplateKey>
        <TemplateKey>
          <option name="groupName" value="Shell Script Hidden" />
          <option name="key" value="shell_elif" />
        </TemplateKey>
        <TemplateKey>
          <option name="groupName" value="Shell Script Hidden" />
          <option name="key" value="shell_select" />
        </TemplateKey>
        <TemplateKey>
          <option name="groupName" value="Shell Script Hidden" />
          <option name="key" value="shell_case" />
        </TemplateKey>
        <TemplateKey>
          <option name="groupName" value="Shell Script Hidden" />
          <option name="key" value="shell_for" />
        </TemplateKey>
        <TemplateKey>
          <option name="groupName" value="Shell Script Hidden" />
          <option name="key" value="shell_while" />
        </TemplateKey>
        <TemplateKey>
          <option name="groupName" value="Shell Script Hidden" />
          <option name="key" value="shell_until" />
        </TemplateKey>
        <TemplateKey>
          <option name="groupName" value="Shell Script Hidden" />
          <option name="key" value="shell_function" />
        </TemplateKey>
        <TemplateKey>
          <option name="groupName" value="Shell Script Hidden" />
          <option name="key" value="shell_string equal" />
        </TemplateKey>
        <TemplateKey>
          <option name="groupName" value="Shell Script Hidden" />
          <option name="key" value="shell_string not equal" />
        </TemplateKey>
        <TemplateKey>
          <option name="groupName" value="Shell Script Hidden" />
          <option name="key" value="shell_string is empty" />
        </TemplateKey>
        <TemplateKey>
          <option name="groupName" value="Shell Script Hidden" />
          <option name="key" value="shell_string not empty" />
        </TemplateKey>
        <TemplateKey>
          <option name="groupName" value="Shell Script Hidden" />
          <option name="key" value="shell_number equal" />
        </TemplateKey>
        <TemplateKey>
          <option name="groupName" value="Shell Script Hidden" />
          <option name="key" value="shell_number not equal" />
        </TemplateKey>
        <TemplateKey>
          <option name="groupName" value="Shell Script Hidden" />
          <option name="key" value="shell_number less" />
        </TemplateKey>
        <TemplateKey>
          <option name="groupName" value="Shell Script Hidden" />
          <option name="key" value="shell_number less or equal" />
        </TemplateKey>
        <TemplateKey>
          <option name="groupName" value="Shell Script Hidden" />
          <option name="key" value="shell_number greater" />
        </TemplateKey>
        <TemplateKey>
          <option name="groupName" value="Shell Script Hidden" />
          <option name="key" value="shell_number greater or equal" />
        </TemplateKey>
        <TemplateKey>
          <option name="groupName" value="Shell Script Hidden" />
          <option name="key" value="shell_file exists" />
        </TemplateKey>
        <TemplateKey>
          <option name="groupName" value="Shell Script Hidden" />
          <option name="key" value="shell_file not empty" />
        </TemplateKey>
        <TemplateKey>
          <option name="groupName" value="Shell Script Hidden" />
          <option name="key" value="shell_file readable" />
        </TemplateKey>
        <TemplateKey>
          <option name="groupName" value="Shell Script Hidden" />
          <option name="key" value="shell_file writable" />
        </TemplateKey>
        <TemplateKey>
          <option name="groupName" value="Shell Script Hidden" />
          <option name="key" value="shell_file executable" />
        </TemplateKey>
        <TemplateKey>
          <option name="groupName" value="Shell Script Hidden" />
          <option name="key" value="shell_file equals" />
        </TemplateKey>
        <TemplateKey>
          <option name="groupName" value="Shell Script Hidden" />
          <option name="key" value="shell_file newer" />
        </TemplateKey>
        <TemplateKey>
          <option name="groupName" value="Shell Script Hidden" />
          <option name="key" value="shell_file older" />
        </TemplateKey>
        <TemplateKey>
          <option name="groupName" value="Shell Script Hidden" />
          <option name="key" value="shell_path exists" />
        </TemplateKey>
        <TemplateKey>
          <option name="groupName" value="Shell Script Hidden" />
          <option name="key" value="shell_directory exists" />
        </TemplateKey>
        <TemplateKey>
          <option name="groupName" value="Shell Script Hidden" />
          <option name="key" value="shell_command exists" />
        </TemplateKey>
        <TemplateKey>
          <option name="groupName" value="Rust" />
          <option name="key" value="loop" />
        </TemplateKey>
        <TemplateKey>
          <option name="groupName" value="Rust" />
          <option name="key" value="while" />
        </TemplateKey>
        <TemplateKey>
          <option name="groupName" value="Rust" />
          <option name="key" value="whilel" />
        </TemplateKey>
        <TemplateKey>
          <option name="groupName" value="Rust" />
          <option name="key" value="whilels" />
        </TemplateKey>
        <TemplateKey>
          <option name="groupName" value="Rust" />
          <option name="key" value="for" />
        </TemplateKey>
        <TemplateKey>
          <option name="groupName" value="Rust" />
          <option name="key" value="fori" />
        </TemplateKey>
        <TemplateKey>
          <option name="groupName" value="Rust" />
          <option name="key" value="p" />
        </TemplateKey>
        <TemplateKey>
          <option name="groupName" value="Rust" />
          <option name="key" value="pr" />
        </TemplateKey>
        <TemplateKey>
          <option name="groupName" value="Rust" />
          <option name="key" value="pd" />
        </TemplateKey>
        <TemplateKey>
          <option name="groupName" value="Rust" />
          <option name="key" value="ppd" />
        </TemplateKey>
        <TemplateKey>
          <option name="groupName" value="Rust" />
          <option name="key" value="fmt" />
        </TemplateKey>
        <TemplateKey>
          <option name="groupName" value="Rust" />
          <option name="key" value="wrt" />
        </TemplateKey>
        <TemplateKey>
          <option name="groupName" value="Rust" />
          <option name="key" value="wrtn" />
        </TemplateKey>
        <TemplateKey>
          <option name="groupName" value="Rust" />
          <option name="key" value="a" />
        </TemplateKey>
        <TemplateKey>
          <option name="groupName" value="Rust" />
          <option name="key" value="ae" />
        </TemplateKey>
        <TemplateKey>
          <option name="groupName" value="Rust" />
          <option name="key" value="tfn" />
        </TemplateKey>
        <TemplateKey>
          <option name="groupName" value="Rust" />
          <option name="key" value="bfn" />
        </TemplateKey>
        <TemplateKey>
          <option name="groupName" value="Rust" />
          <option name="key" value="tmod" />
        </TemplateKey>
        <TemplateKey>
          <option name="groupName" value="Rust" />
          <option name="key" value="f" />
        </TemplateKey>
        <TemplateKey>
          <option name="groupName" value="Rust" />
          <option name="key" value="pf" />
        </TemplateKey>
        <TemplateKey>
          <option name="groupName" value="Rust" />
          <option name="key" value="main" />
        </TemplateKey>
        <TemplateKey>
          <option name="groupName" value="Rust" />
          <option name="key" value="macro" />
        </TemplateKey>
        <TemplateKey>
          <option name="groupName" value="Rust" />
          <option name="key" value="ifl" />
        </TemplateKey>
        <TemplateKey>
          <option name="groupName" value="Rust" />
          <option name="key" value="ifls" />
        </TemplateKey>
        <TemplateKey>
          <option name="groupName" value="Rust" />
          <option name="key" value="closure" />
        </TemplateKey>
        <TemplateKey>
          <option name="groupName" value="Rust" />
          <option name="key" value="impl" />
        </TemplateKey>
        <TemplateKey>
          <option name="groupName" value="Rust" />
          <option name="key" value="implt" />
        </TemplateKey>
      </list>
    </option>
  </component>
</application>