<application>
  <component name="VimSettings">
    <state version="4" enabled="true" />
    <globalmarks />
    <filemarks>
      <file name="/start_script.py" timestamp="1561102079678">
        <mark key="[" line="2" column="0" />
      </file>
      <file name="$USER_HOME$/0_Dev/Cpp-projects/c++Primer15-oop/main.cpp" timestamp="1561088594963">
        <mark key="[" line="4" column="0" />
        <mark key="]" line="4" column="1" />
        <mark key="." line="4" column="0" />
        <mark key="^" line="3" column="0" />
      </file>
      <file name="$USER_HOME$/0_Dev/projects/Cpp-projects/c++Primer/9-container/main.cpp" timestamp="1563425276718">
        <mark key="'" line="116" column="0" />
      </file>
      <file name="$USER_HOME$/0_Dev/Cpp-projects/c++Primer/textquery/.clang-format" timestamp="1560961272230">
        <mark key="'" line="45" column="29" />
        <mark key="[" line="13" column="28" />
        <mark key="]" line="13" column="35" />
        <mark key="." line="13" column="35" />
        <mark key="^" line="13" column="35" />
      </file>
      <file name="$USER_HOME$/0_Dev/Cpp-projects/c++Primer/9-container/.clang-format" timestamp="1560655473674">
        <mark key="'" line="76" column="4" />
        <mark key="[" line="79" column="21" />
        <mark key="]" line="79" column="22" />
        <mark key="." line="79" column="22" />
        <mark key="^" line="28" column="22" />
      </file>
      <file name="$USER_HOME$/0_Dev/Cpp-projects/c++Primer/12-dynamic_m/.clang-format" timestamp="1560821641493">
        <mark key="'" line="43" column="5" />
        <mark key="[" line="44" column="41" />
        <mark key="]" line="44" column="44" />
        <mark key="." line="44" column="44" />
        <mark key="^" line="44" column="44" />
      </file>
      <file name="$USER_HOME$/0_Dev/Cpp-projects/c++Primer/16-template/main.cpp" timestamp="1561202553643">
        <mark key="[" line="5" column="36" />
        <mark key="]" line="6" column="16" />
        <mark key="." line="6" column="16" />
        <mark key="^" line="6" column="16" />
      </file>
      <file name="$USER_HOME$/0_Dev/Cpp-projects/c++Primer/15-oop/Bulk_quote.cpp" timestamp="1561117739325">
        <mark key="'" line="14" column="19" />
        <mark key="[" line="18" column="1" />
        <mark key="]" line="18" column="1" />
        <mark key="." line="18" column="1" />
      </file>
      <file name="$USER_HOME$/0_Dev/Cpp-projects/linux-c/chap-10-gdb/gdb.c" timestamp="1559965523730">
        <mark key="'" line="6" column="4" />
        <mark key="[" line="8" column="4" />
        <mark key="]" line="8" column="3" />
        <mark key="." line="8" column="3" />
        <mark key="^" line="8" column="3" />
      </file>
      <file name="$USER_HOME$/0_Dev/Cpp-projects/linux-c/chap-11-algorithm/main.c" timestamp="1559974086311">
        <mark key="'" line="48" column="4" />
        <mark key="[" line="52" column="1" />
        <mark key="]" line="53" column="18" />
        <mark key="." line="53" column="18" />
        <mark key="^" line="53" column="18" />
      </file>
      <file name="$USER_HOME$/0_Dev/Cpp-projects/c++Primer/7-class/Window_mgr.h" timestamp="1560441072834">
        <mark key="'" line="21" column="5" />
        <mark key="[" line="21" column="30" />
        <mark key="]" line="21" column="3" />
        <mark key="^" line="21" column="3" />
        <mark key="." line="21" column="3" />
      </file>
      <file name="$USER_HOME$/0_Dev/Cpp-projects/c++Primer/textquery/xmake.lua" timestamp="1560947740680">
        <mark key="'" line="24" column="0" />
        <mark key="[" line="14" column="8" />
        <mark key="]" line="14" column="17" />
        <mark key="." line="14" column="17" />
        <mark key="^" line="14" column="17" />
      </file>
      <file name="$USER_HOME$/0_Dev/Cpp-projects/c++Primer/7-class/Window_mgr.cpp" timestamp="1560412038047">
        <mark key="'" line="23" column="19" />
        <mark key="[" line="14" column="4" />
        <mark key="]" line="14" column="4" />
        <mark key="." line="14" column="4" />
        <mark key="^" line="14" column="4" />
      </file>
      <file name="$USER_HOME$/0_Dev/Cpp-projects/c++Primer/7-class/Sales_data.hpp" timestamp="1561336936372">
        <mark key="'" line="2" column="0" />
        <mark key="[" line="24" column="27" />
        <mark key="]" line="24" column="27" />
        <mark key="^" line="21" column="19" />
        <mark key="." line="24" column="27" />
      </file>
      <file name="$USER_HOME$/0_Dev/Cpp-projects/c++Primer/16-template/.clang-format" timestamp="1561202683122">
        <mark key="[" line="31" column="19" />
        <mark key="]" line="31" column="23" />
        <mark key="." line="31" column="23" />
        <mark key="^" line="31" column="23" />
      </file>
      <file name="$USER_HOME$/0_Dev/Cpp-projects/c++Primer/textquery/QueryResult.cpp" timestamp="1560955125213">
        <mark key="'" line="10" column="0" />
        <mark key="[" line="32" column="0" />
        <mark key="]" line="32" column="0" />
        <mark key="." line="32" column="0" />
      </file>
      <file name="$USER_HOME$/0_Dev/Cpp-projects/linux-c/chapter-7/CMakeLists.txt" timestamp="1559883001421">
        <mark key="'" line="0" column="0" />
        <mark key="[" line="1" column="17" />
        <mark key="]" line="1" column="17" />
        <mark key="^" line="7" column="37" />
        <mark key="." line="1" column="17" />
      </file>
      <file name="$USER_HOME$/0_Dev/Cpp-projects/linux-c/chap-26-linkedlist/main.c" timestamp="1560143401973">
        <mark key="'" line="25" column="6" />
        <mark key="[" line="34" column="14" />
        <mark key="]" line="34" column="14" />
        <mark key="." line="34" column="14" />
        <mark key="^" line="34" column="14" />
      </file>
      <file name="$USER_HOME$/0_Dev/Cpp-projects/c++Primer/15-oop/Quote.cpp" timestamp="1561088679487">
        <mark key="[" line="0" column="0" />
        <mark key="]" line="0" column="0" />
        <mark key="." line="0" column="0" />
        <mark key="^" line="0" column="0" />
      </file>
      <file name="$USER_HOME$/0_Dev/Cpp-projects/c++Primer/7-class/Account.h" timestamp="1560517593849">
        <mark key="'" line="36" column="28" />
        <mark key="[" line="36" column="28" />
        <mark key="]" line="36" column="27" />
        <mark key="." line="36" column="27" />
        <mark key="^" line="36" column="27" />
      </file>
      <file name="$USER_HOME$/0_Dev/Cpp-projects/linux-c/chap-11-algorithm/binary-search.c" timestamp="1559978738733">
        <mark key="'" line="48" column="4" />
        <mark key="[" line="3" column="4" />
        <mark key="]" line="3" column="5" />
        <mark key="^" line="3" column="5" />
        <mark key="." line="3" column="5" />
      </file>
      <file name="$USER_HOME$/0_Dev/Cpp-projects/c++Primer/textquery/QueryResult/QueryResult.cpp" timestamp="1560952569728">
        <mark key="[" line="11" column="0" />
        <mark key="]" line="11" column="0" />
        <mark key="^" line="9" column="9" />
        <mark key="." line="11" column="0" />
      </file>
      <file name="$USER_HOME$/0_Dev/Cpp-projects/c++Primer/8-io/file.cpp" timestamp="1560596357841">
        <mark key="'" line="27" column="12" />
        <mark key="[" line="33" column="43" />
        <mark key="]" line="34" column="32" />
        <mark key="." line="34" column="32" />
        <mark key="^" line="34" column="32" />
      </file>
      <file name="$USER_HOME$/0_Dev/Cpp-projects/c++Primer/7-class/hasher.cpp" timestamp="1560766190859">
        <mark key="'" line="28" column="0" />
        <mark key="[" line="17" column="14" />
        <mark key="]" line="17" column="0" />
        <mark key="." line="17" column="0" />
        <mark key="^" line="17" column="0" />
      </file>
      <file name="$USER_HOME$/0_Dev/Cpp-projects/c++Primer/textquery/TextQuery/TextQuery.cpp" timestamp="1560953197755">
        <mark key="'" line="35" column="0" />
        <mark key="[" line="19" column="0" />
        <mark key="]" line="19" column="0" />
        <mark key="." line="19" column="0" />
      </file>
      <file name="$USER_HOME$/0_Dev/Cpp-projects/c++Primer/textquery/TextQuery.hpp" timestamp="1560998741628">
        <mark key="[" line="27" column="9" />
        <mark key="]" line="27" column="24" />
        <mark key="^" line="28" column="0" />
        <mark key="." line="27" column="9" />
      </file>
      <file name="$USER_HOME$/0_Dev/Cpp-projects/c++Primer/7-class/Screen.cpp" timestamp="1560400537314">
        <mark key="'" line="44" column="0" />
        <mark key="[" line="46" column="0" />
        <mark key="]" line="46" column="6" />
        <mark key="." line="46" column="6" />
        <mark key="^" line="46" column="6" />
      </file>
      <file name="$USER_HOME$/0_Dev/Cpp-projects/c++Primer/textquery/main.cpp" timestamp="1560955936735">
        <mark key="'" line="26" column="21" />
        <mark key="[" line="16" column="0" />
        <mark key="]" line="16" column="0" />
        <mark key="^" line="16" column="3" />
        <mark key="." line="16" column="0" />
      </file>
      <file name="$USER_HOME$/0_Dev/Cpp-projects/linux-c/chap-8-array/main.c" timestamp="1559920049917">
        <mark key="'" line="72" column="0" />
        <mark key="[" line="60" column="42" />
        <mark key="]" line="61" column="7" />
        <mark key="^" line="61" column="7" />
        <mark key="." line="61" column="7" />
      </file>
      <file name="$USER_HOME$/0_Dev/Cpp-projects/16-template/CMakeLists.txt" timestamp="1561117768302">
        <mark key="[" line="3" column="23" />
        <mark key="]" line="3" column="24" />
        <mark key="." line="3" column="24" />
        <mark key="^" line="3" column="24" />
      </file>
      <file name="$USER_HOME$/0_Dev/Cpp-projects/c++Primer/12-dynamic_m/StrBlobPtr.hpp" timestamp="1560866040045">
        <mark key="'" line="26" column="0" />
        <mark key="[" line="22" column="0" />
        <mark key="]" line="22" column="18" />
        <mark key="^" line="27" column="30" />
        <mark key="." line="22" column="0" />
      </file>
      <file name="$USER_HOME$/0_Dev/Cpp-projects/linux-c/chap-10-gdb/main.c" timestamp="1559957547088">
        <mark key="'" line="17" column="4" />
        <mark key="[" line="6" column="9" />
        <mark key="]" line="6" column="12" />
        <mark key="." line="6" column="12" />
        <mark key="^" line="6" column="12" />
      </file>
      <file name="$USER_HOME$/0_Dev/Cpp-projects/c++Primer/15-oop/Bulk_quote.hpp" timestamp="1561109292267">
        <mark key="k" line="36" column="0" />
        <mark key="[" line="20" column="41" />
        <mark key="]" line="20" column="9" />
        <mark key="." line="20" column="9" />
        <mark key="^" line="20" column="9" />
      </file>
      <file name="$USER_HOME$/0_Dev/Cpp-projects/c++Primer/textquery/CMakeLists.txt" timestamp="1560955021193">
        <mark key="[" line="5" column="33" />
        <mark key="]" line="5" column="92" />
        <mark key="^" line="5" column="92" />
        <mark key="." line="5" column="92" />
      </file>
      <file name="/fragment.cpp" timestamp="1561098549938">
        <mark key="[" line="0" column="11" />
      </file>
      <file name="$USER_HOME$/0_Dev/Cpp-projects/c++Primer/7-class/Sales_data.cpp" timestamp="1561020393257">
        <mark key="'" line="42" column="0" />
        <mark key="[" line="47" column="0" />
        <mark key="]" line="47" column="0" />
        <mark key="." line="47" column="0" />
      </file>
      <file name="$USER_HOME$/0_Dev/Cpp-projects/linux-c/chapter-7/struct.c" timestamp="1559883610682">
        <mark key="'" line="24" column="4" />
        <mark key="[" line="0" column="14" />
        <mark key="]" line="0" column="18" />
        <mark key="." line="0" column="18" />
        <mark key="^" line="0" column="18" />
      </file>
      <file name="$USER_HOME$/0_Dev/Cpp-projects/c++Primer/7-class/Screen.h" timestamp="1560441120335">
        <mark key="'" line="12" column="0" />
        <mark key="[" line="16" column="0" />
        <mark key="]" line="16" column="0" />
        <mark key="." line="16" column="0" />
        <mark key="^" line="16" column="0" />
      </file>
      <file name="/Dummy.txt" timestamp="1561098541684">
        <mark key="[" line="0" column="0" />
      </file>
      <file name="$USER_HOME$/0_Dev/Cpp-projects/c++Primer/15-oop/.clang-format" timestamp="1561096183973">
        <mark key="'" line="24" column="2" />
        <mark key="[" line="104" column="29" />
        <mark key="]" line="104" column="32" />
        <mark key="." line="104" column="32" />
        <mark key="^" line="104" column="32" />
      </file>
      <file name="$USER_HOME$/0_Dev/Cpp-projects/c++Primer/15-oop/CMakeLists.txt" timestamp="1561102046120">
        <mark key="[" line="5" column="15" />
        <mark key="]" line="5" column="15" />
        <mark key="^" line="1" column="7" />
        <mark key="." line="5" column="15" />
      </file>
      <file name="$USER_HOME$/0_Dev/Cpp-projects/c++Primer/8-io/string-io.cpp" timestamp="1560587817373">
        <mark key="'" line="29" column="0" />
        <mark key="[" line="86" column="0" />
        <mark key="]" line="86" column="0" />
        <mark key="." line="86" column="0" />
        <mark key="^" line="74" column="28" />
      </file>
      <file name="$APPLICATION_PLUGINS_DIR$/EmmyLua/lib/EmmyLua-1.2.9-IDEA182.jar!/std/Lua53/string.lua" timestamp="1560358012339">
        <mark key="'" line="14" column="0" />
        <mark key="[" line="32" column="3" />
        <mark key="]" line="32" column="3" />
        <mark key="^" line="33" column="2" />
        <mark key="." line="33" column="2" />
      </file>
      <file name="$USER_HOME$/0_Dev/Cpp-projects/c++Primer/textquery/QueryResult.hpp" timestamp="1560961359640">
        <mark key="'" line="29" column="0" />
        <mark key="[" line="18" column="2" />
        <mark key="]" line="18" column="2" />
        <mark key="." line="18" column="2" />
        <mark key="^" line="16" column="0" />
      </file>
      <file name="$USER_HOME$/0_Dev/Cpp-projects/c++Primer/textquery/QueryResult/QueryResult.hpp" timestamp="1560953029560">
        <mark key="'" line="37" column="0" />
        <mark key="[" line="18" column="0" />
        <mark key="]" line="18" column="0" />
        <mark key="." line="18" column="0" />
      </file>
      <file name="$USER_HOME$/0_Dev/Cpp-projects/c++Primer/stl-execise/StrData.hpp" timestamp="1560923959209">
        <mark key="'" line="36" column="2" />
        <mark key="[" line="27" column="0" />
        <mark key="]" line="27" column="0" />
        <mark key="^" line="22" column="3" />
        <mark key="." line="27" column="0" />
      </file>
      <file name="$USER_HOME$/0_Dev/Cpp-projects/c++Primer/7-class/main.cpp" timestamp="1561338163127">
        <mark key="'" line="56" column="3" />
        <mark key="[" line="58" column="11" />
        <mark key="]" line="58" column="12" />
        <mark key="." line="58" column="11" />
        <mark key="^" line="56" column="40" />
      </file>
      <file name="$USER_HOME$/0_Dev/Cpp-projects/c++Primer/7-class/Sales_data.h" timestamp="1560567920268">
        <mark key="'" line="26" column="4" />
        <mark key="[" line="24" column="0" />
        <mark key="]" line="24" column="0" />
        <mark key="^" line="24" column="7" />
        <mark key="." line="24" column="0" />
      </file>
      <file name="$USER_HOME$/0_Dev/Cpp-projects/16-template/main.cpp" timestamp="1561117815276">
        <mark key="[" line="4" column="1" />
        <mark key="]" line="4" column="2" />
        <mark key="." line="4" column="1" />
      </file>
      <file name="$USER_HOME$/0_Dev/Cpp-projects/c++Primer/15-oop/main.cpp" timestamp="1561099054276">
        <mark key="'" line="2" column="24" />
        <mark key="[" line="7" column="0" />
        <mark key="]" line="7" column="0" />
        <mark key="." line="7" column="0" />
      </file>
      <file name="$USER_HOME$/0_Dev/Cpp-projects/c++Primer/stl-execise/.clang-format" timestamp="1560913847763">
        <mark key="'" line="1" column="0" />
        <mark key="[" line="14" column="0" />
        <mark key="]" line="14" column="32" />
        <mark key="^" line="12" column="21" />
        <mark key="." line="14" column="0" />
      </file>
      <file name="$USER_HOME$/0_Dev/Cpp-projects/c++Primer/textquery/TextQuery/TextQuery.hpp" timestamp="1560953186154">
        <mark key="[" line="19" column="0" />
        <mark key="]" line="19" column="18" />
        <mark key="^" line="18" column="0" />
        <mark key="." line="18" column="0" />
      </file>
      <file name="$USER_HOME$/0_Dev/Cpp-projects/c++Primer/15-oop/Disc_quote.hpp" timestamp="1561107775569">
        <mark key="'" line="21" column="0" />
        <mark key="[" line="30" column="0" />
        <mark key="]" line="30" column="0" />
        <mark key="." line="30" column="0" />
      </file>
      <file name="$USER_HOME$/0_Dev/Cpp-projects/c++Primer/15-oop/Quote.hpp" timestamp="1561107046409">
        <mark key="'" line="25" column="68" />
        <mark key="[" line="16" column="11" />
        <mark key="]" line="16" column="16" />
        <mark key="." line="16" column="16" />
        <mark key="^" line="16" column="16" />
      </file>
      <file name="$USER_HOME$/0_Dev/Cpp-projects/linux-c/chap-8-array/string.c" timestamp="1559930473816">
        <mark key="'" line="33" column="8" />
        <mark key="[" line="22" column="44" />
        <mark key="]" line="22" column="43" />
        <mark key="." line="22" column="43" />
        <mark key="^" line="22" column="43" />
      </file>
      <file name="$USER_HOME$/0_Dev/Cpp-projects/c++Primer/7-class/.clang-format" timestamp="1560766229591">
        <mark key="'" line="37" column="22" />
        <mark key="[" line="17" column="28" />
        <mark key="]" line="17" column="30" />
        <mark key="." line="17" column="30" />
        <mark key="^" line="17" column="30" />
      </file>
      <file name="$USER_HOME$/0_Dev/Cpp-projects/c++Primer/textquery/TextQuery.cpp" timestamp="1560996937053">
        <mark key="'" line="19" column="0" />
        <mark key="[" line="24" column="0" />
        <mark key="]" line="24" column="0" />
        <mark key="." line="24" column="0" />
      </file>
    </filemarks>
    <jumps>
      <jump line="258" column="4" filename="/disassembly" />
      <jump line="241" column="4" filename="/disassembly" />
      <jump line="224" column="4" filename="/disassembly" />
      <jump line="207" column="4" filename="/disassembly" />
      <jump line="190" column="4" filename="/disassembly" />
      <jump line="173" column="4" filename="/disassembly" />
      <jump line="156" column="4" filename="/disassembly" />
      <jump line="139" column="4" filename="/disassembly" />
      <jump line="122" column="4" filename="/disassembly" />
      <jump line="105" column="4" filename="/disassembly" />
      <jump line="88" column="4" filename="/disassembly" />
      <jump line="71" column="4" filename="/disassembly" />
      <jump line="54" column="4" filename="/disassembly" />
      <jump line="37" column="4" filename="/disassembly" />
      <jump line="20" column="4" filename="/disassembly" />
      <jump line="3" column="4" filename="/disassembly" />
      <jump line="2" column="4" filename="/disassembly" />
      <jump line="23" column="0" filename="$USER_HOME$/0_Dev/Cpp-projects/c++Primer/textquery/TextQuery.hpp" />
      <jump line="32" column="9" filename="$USER_HOME$/0_Dev/Cpp-projects/c++Primer/textquery/TextQuery.hpp" />
      <jump line="33" column="4" filename="$USER_HOME$/0_Dev/Cpp-projects/c++Primer/textquery/TextQuery.hpp" />
      <jump line="16" column="12" filename="$USER_HOME$/0_Dev/Cpp-projects/c++Primer/textquery/TextQuery.cpp" />
      <jump line="19" column="46" filename="$USER_HOME$/0_Dev/Cpp-projects/c++Primer/textquery/QueryResult.hpp" />
      <jump line="22" column="29" filename="$USER_HOME$/0_Dev/Cpp-projects/c++Primer/textquery/QueryResult.hpp" />
      <jump line="41" column="0" filename="$USER_HOME$/0_Dev/Cpp-projects/c++Primer/textquery/QueryResult.hpp" />
      <jump line="27" column="2" filename="$USER_HOME$/0_Dev/Cpp-projects/c++Primer/textquery/.clang-format" />
      <jump line="52" column="25" filename="$USER_HOME$/0_Dev/Cpp-projects/c++Primer/textquery/.clang-format" />
      <jump line="50" column="51" filename="$USER_HOME$/0_Dev/Cpp-projects/c++Primer/textquery/.clang-format" />
      <jump line="112" column="14" filename="$USER_HOME$/0_Dev/Cpp-projects/c++Primer/textquery/.clang-format" />
      <jump line="32" column="4" filename="$USER_HOME$/0_Dev/Cpp-projects/c++Primer/textquery/QueryResult.hpp" />
      <jump line="30" column="0" filename="$USER_HOME$/0_Dev/Cpp-projects/c++Primer/textquery/QueryResult.hpp" />
      <jump line="38" column="17" filename="$USER_HOME$/0_Dev/Cpp-projects/c++Primer/textquery/TextQuery.cpp" />
      <jump line="10" column="25" filename="$USER_HOME$/0_Dev/Cpp-projects/c++Primer/textquery/TextQuery.cpp" />
      <jump line="43" column="0" filename="$USER_HOME$/0_Dev/Cpp-projects/c++Primer/textquery/TextQuery.cpp" />
      <jump line="2" column="0" filename="$USER_HOME$/0_Dev/Cpp-projects/c++Primer/textquery/TextQuery.cpp" />
      <jump line="42" column="15" filename="$USER_HOME$/0_Dev/Cpp-projects/c++Primer/textquery/TextQuery.cpp" />
      <jump line="23" column="8" filename="$USER_HOME$/0_Dev/Cpp-projects/c++Primer/textquery/TextQuery.cpp" />
      <jump line="17" column="0" filename="$USER_HOME$/0_Dev/Cpp-projects/c++Primer/textquery/main.cpp" />
      <jump line="24" column="0" filename="$USER_HOME$/0_Dev/Cpp-projects/c++Primer/textquery/xmake.lua" />
      <jump line="404" column="0" filename="/usr/include/c++/7/bits/shared_ptr.h" />
      <jump line="371" column="4" filename="/usr/include/c++/7/bits/shared_ptr.h" />
      <jump line="354" column="6" filename="/usr/include/c++/7/bits/shared_ptr.h" />
      <jump line="64" column="4" filename="$USER_HOME$/0_Dev/Cpp-projects/c++Primer/textquery/.clang-format" />
      <jump line="35" column="2" filename="$USER_HOME$/0_Dev/Cpp-projects/c++Primer/textquery/.clang-format" />
      <jump line="55" column="0" filename="$USER_HOME$/0_Dev/Cpp-projects/c++Primer/textquery/.clang-format" />
      <jump line="43" column="29" filename="$USER_HOME$/0_Dev/Cpp-projects/c++Primer/textquery/.clang-format" />
      <jump line="66" column="14" filename="$USER_HOME$/0_Dev/Cpp-projects/c++Primer/textquery/TextQuery.cpp" />
      <jump line="15" column="0" filename="$USER_HOME$/0_Dev/Cpp-projects/c++Primer/textquery/TextQuery/TextQuery.hpp" />
      <jump line="62" column="0" filename="$USER_HOME$/0_Dev/Cpp-projects/c++Primer/textquery/TextQuery/TextQuery.cpp" />
      <jump line="33" column="8" filename="$USER_HOME$/0_Dev/Cpp-projects/c++Primer/textquery/TextQuery/TextQuery.cpp" />
      <jump line="17" column="0" filename="$USER_HOME$/0_Dev/Cpp-projects/c++Primer/textquery/TextQuery/TextQuery.cpp" />
      <jump line="37" column="0" filename="$USER_HOME$/0_Dev/Cpp-projects/c++Primer/textquery/QueryResult/QueryResult.hpp" />
      <jump line="38" column="11" filename="$USER_HOME$/0_Dev/Cpp-projects/c++Primer/textquery/TextQuery/TextQuery.cpp" />
      <jump line="37" column="1" filename="$USER_HOME$/0_Dev/Cpp-projects/c++Primer/textquery/TextQuery/TextQuery.cpp" />
      <jump line="34" column="0" filename="$USER_HOME$/0_Dev/Cpp-projects/c++Primer/textquery/TextQuery/TextQuery.cpp" />
      <jump line="23" column="3" filename="$USER_HOME$/0_Dev/Cpp-projects/c++Primer/textquery/main.cpp" />
      <jump line="27" column="24" filename="$USER_HOME$/0_Dev/Cpp-projects/c++Primer/textquery/main.cpp" />
      <jump line="0" column="27" filename="$USER_HOME$/0_Dev/Cpp-projects/c++Primer/textquery/main.cpp" />
      <jump line="45" column="19" filename="$USER_HOME$/0_Dev/Cpp-projects/c++Primer/textquery/TextQuery.cpp" />
      <jump line="12" column="6" filename="$USER_HOME$/0_Dev/Cpp-projects/c++Primer/textquery/main.cpp" />
      <jump line="28" column="25" filename="$USER_HOME$/0_Dev/Cpp-projects/c++Primer/textquery/main.cpp" />
      <jump line="10" column="0" filename="$USER_HOME$/0_Dev/Cpp-projects/c++Primer/textquery/QueryResult.cpp" />
      <jump line="18" column="56" filename="$USER_HOME$/0_Dev/Cpp-projects/c++Primer/textquery/main.cpp" />
      <jump line="11" column="25" filename="$USER_HOME$/0_Dev/Cpp-projects/c++Primer/textquery/TextQuery.cpp" />
      <jump line="26" column="21" filename="$USER_HOME$/0_Dev/Cpp-projects/c++Primer/textquery/main.cpp" />
      <jump line="28" column="8" filename="$USER_HOME$/0_Dev/Cpp-projects/c++Primer/textquery/TextQuery.cpp" />
      <jump line="29" column="8" filename="$USER_HOME$/0_Dev/Cpp-projects/c++Primer/textquery/TextQuery.cpp" />
      <jump line="35" column="4" filename="$USER_HOME$/0_Dev/Cpp-projects/c++Primer/textquery/TextQuery.cpp" />
      <jump line="37" column="0" filename="$USER_HOME$/0_Dev/Cpp-projects/c++Primer/textquery/TextQuery.cpp" />
      <jump line="24" column="6" filename="$USER_HOME$/0_Dev/Cpp-projects/c++Primer/textquery/TextQuery.cpp" />
      <jump line="19" column="0" filename="$USER_HOME$/0_Dev/Cpp-projects/c++Primer/textquery/TextQuery.cpp" />
      <jump line="41" column="0" filename="$USER_HOME$/0_Dev/Cpp-projects/c++Primer/7-class/Sales_data.hpp" />
      <jump line="20" column="4" filename="$USER_HOME$/0_Dev/Cpp-projects/c++Primer/7-class/Sales_data.hpp" />
      <jump line="40" column="4" filename="$USER_HOME$/0_Dev/Cpp-projects/c++Primer/7-class/Sales_data.hpp" />
      <jump line="55" column="0" filename="$USER_HOME$/0_Dev/Cpp-projects/c++Primer/7-class/Sales_data.hpp" />
      <jump line="39" column="0" filename="$USER_HOME$/0_Dev/Cpp-projects/c++Primer/7-class/Sales_data.hpp" />
      <jump line="42" column="0" filename="$USER_HOME$/0_Dev/Cpp-projects/c++Primer/7-class/Sales_data.cpp" />
      <jump line="23" column="68" filename="$USER_HOME$/0_Dev/Cpp-projects/c++Primer/15-oop/Quote.hpp" />
      <jump line="1" column="17" filename="$USER_HOME$/0_Dev/Cpp-projects/c++Primer/15-oop/.clang-format" />
      <jump line="11" column="9" filename="$USER_HOME$/0_Dev/Cpp-projects/c++Primer/15-oop/.clang-format" />
      <jump line="45" column="5" filename="$USER_HOME$/0_Dev/Cpp-projects/c++Primer/15-oop/.clang-format" />
      <jump line="46" column="5" filename="$USER_HOME$/0_Dev/Cpp-projects/c++Primer/15-oop/.clang-format" />
      <jump line="36" column="2" filename="$USER_HOME$/0_Dev/Cpp-projects/c++Primer/15-oop/.clang-format" />
      <jump line="8" column="0" filename="$USER_HOME$/0_Dev/Cpp-projects/c++Primer/15-oop/.clang-format" />
      <jump line="2" column="0" filename="$USER_HOME$/0_Dev/Cpp-projects/c++Primer/15-oop/.clang-format" />
      <jump line="12" column="19" filename="$USER_HOME$/0_Dev/Cpp-projects/c++Primer/15-oop/Bulk_quote.cpp" />
      <jump line="32" column="22" filename="$USER_HOME$/0_Dev/Cpp-projects/c++Primer/15-oop/.clang-format" />
      <jump line="96" column="20" filename="$USER_HOME$/0_Dev/Cpp-projects/c++Primer/15-oop/.clang-format" />
      <jump line="35" column="2" filename="$USER_HOME$/0_Dev/Cpp-projects/c++Primer/15-oop/.clang-format" />
      <jump line="33" column="2" filename="$USER_HOME$/0_Dev/Cpp-projects/c++Primer/15-oop/.clang-format" />
      <jump line="24" column="2" filename="$USER_HOME$/0_Dev/Cpp-projects/c++Primer/15-oop/.clang-format" />
      <jump line="2" column="24" filename="$USER_HOME$/0_Dev/Cpp-projects/c++Primer/15-oop/main.cpp" />
      <jump line="21" column="0" filename="$USER_HOME$/0_Dev/Cpp-projects/c++Primer/15-oop/Disc_quote.hpp" />
      <jump line="23" column="0" filename="$USER_HOME$/0_Dev/Cpp-projects/c++Primer/7-class/Sales_data.hpp" />
      <jump line="47" column="4" filename="$USER_HOME$/0_Dev/Cpp-projects/c++Primer/7-class/Sales_data.hpp" />
      <jump line="32" column="4" filename="$USER_HOME$/0_Dev/Cpp-projects/c++Primer/7-class/Sales_data.hpp" />
      <jump line="21" column="4" filename="$USER_HOME$/0_Dev/Cpp-projects/c++Primer/7-class/Sales_data.hpp" />
      <jump line="2" column="0" filename="$USER_HOME$/0_Dev/Cpp-projects/c++Primer/7-class/Sales_data.hpp" />
      <jump line="55" column="3" filename="$USER_HOME$/0_Dev/Cpp-projects/c++Primer/7-class/main.cpp" />
      <jump line="19" column="0" filename="$USER_HOME$/0_Dev/projects/Cpp-projects/c++Primer/9-container/main.cpp" />
      <jump line="116" column="0" filename="$USER_HOME$/0_Dev/projects/Cpp-projects/c++Primer/9-container/main.cpp" />
    </jumps>
    <registers>
      <register name="a" type="4">
        <text>-k</text>
      </register>
      <register name="&quot;" type="4">
        <text encoding="base64">Cg==</text>
      </register>
      <register name="d" type="4">
        <keys>
          <key char="65535" code="27" mods="0" />
          <key char="65535" code="27" mods="0" />
        </keys>
      </register>
      <register name="*" type="4">
        <text>''</text>
      </register>
      <register name="j" type="4">
        <keys>
          <key char="106" code="0" mods="0" />
          <key char="65535" code="27" mods="0" />
        </keys>
      </register>
      <register name="k" type="4">
        <text>kjj</text>
      </register>
      <register name="-" type="4">
        <text>)</text>
      </register>
      <register name="n" type="4">
        <text />
      </register>
      <register name="/" type="4">
        <text>cnt</text>
      </register>
      <register name="0" type="2">
        <text encoding="base64">ICAgIGV4cGxpY2l0IFNhbGVzX2RhdGEoc3RkOjpzdHJpbmcgJiZzKTogU2FsZXNfZGF0YShzdGQ6Om1vdmUocyksIDAsIDApIHt9Cg==</text>
      </register>
      <register name="1" type="2">
        <text encoding="base64">I2luY2x1ZGUgPHN0cmluZz4K</text>
      </register>
      <register name="q" type="4">
        <text />
      </register>
      <register name="2" type="2">
        <text encoding="base64">ICAgIGF1dG8gYSA9IGJvb2tOby5iYWNrKCk7Cg==</text>
      </register>
      <register name="3" type="2">
        <text encoding="base64">ICAgIC8vIHF0eTogcmVhbCBib29rIHNhbGVzX3F0eQo=</text>
      </register>
      <register name="4" type="2">
        <text encoding="base64">ICAgIH4ke05BTUV9KCkgPSBkZWZhdWx0Owo=</text>
      </register>
      <register name="5" type="2">
        <text encoding="base64">ICAgIAo=</text>
      </register>
      <register name="6" type="2">
        <text encoding="base64">ICAgICAgICBtaW5fcXR5KG1xdHkpLCBkaXNjb3VudChkaXNjKSB7fTsK</text>
      </register>
      <register name="7" type="2">
        <text encoding="base64">ICAgICAoICkgOwo=</text>
      </register>
      <register name="w" type="4">
        <keys>
          <key char="39" code="0" mods="0" />
          <key char="39" code="0" mods="0" />
          <key char="119" code="0" mods="0" />
          <key char="39" code="0" mods="0" />
          <key char="39" code="0" mods="0" />
          <key char="119" code="0" mods="0" />
          <key char="39" code="0" mods="0" />
          <key char="39" code="0" mods="0" />
          <key char="119" code="0" mods="0" />
          <key char="39" code="0" mods="0" />
          <key char="39" code="0" mods="0" />
          <key char="119" code="0" mods="0" />
          <key char="39" code="0" mods="0" />
          <key char="39" code="0" mods="0" />
          <key char="119" code="0" mods="0" />
          <key char="39" code="0" mods="0" />
          <key char="39" code="0" mods="0" />
          <key char="119" code="0" mods="0" />
          <key char="39" code="0" mods="0" />
          <key char="39" code="0" mods="0" />
          <key char="119" code="0" mods="0" />
          <key char="39" code="0" mods="0" />
          <key char="39" code="0" mods="0" />
          <key char="119" code="0" mods="0" />
          <key char="39" code="0" mods="0" />
          <key char="39" code="0" mods="0" />
          <key char="119" code="0" mods="0" />
          <key char="39" code="0" mods="0" />
          <key char="39" code="0" mods="0" />
          <key char="119" code="0" mods="0" />
          <key char="39" code="0" mods="0" />
          <key char="39" code="0" mods="0" />
          <key char="119" code="0" mods="0" />
          <key char="39" code="0" mods="0" />
          <key char="39" code="0" mods="0" />
          <key char="119" code="0" mods="0" />
          <key char="39" code="0" mods="0" />
          <key char="39" code="0" mods="0" />
          <key char="119" code="0" mods="0" />
          <key char="39" code="0" mods="0" />
          <key char="39" code="0" mods="0" />
          <key char="119" code="0" mods="0" />
          <key char="58" code="0" mods="0" />
          <key char="97" code="0" mods="0" />
          <key char="99" code="0" mods="0" />
          <key char="116" code="0" mods="0" />
          <key char="105" code="0" mods="0" />
          <key char="111" code="0" mods="0" />
          <key char="110" code="0" mods="0" />
          <key char="32" code="0" mods="0" />
          <key char="79" code="0" mods="0" />
          <key char="112" code="0" mods="0" />
          <key char="101" code="0" mods="0" />
          <key char="110" code="0" mods="0" />
          <key char="70" code="0" mods="0" />
          <key char="105" code="0" mods="0" />
          <key char="108" code="0" mods="0" />
          <key char="101" code="0" mods="0" />
          <key char="97" code="0" mods="0" />
          <key char="99" code="0" mods="0" />
          <key char="116" code="0" mods="0" />
          <key char="105" code="0" mods="0" />
          <key char="111" code="0" mods="0" />
          <key char="110" code="0" mods="0" />
          <key char="32" code="0" mods="0" />
          <key char="79" code="0" mods="0" />
          <key char="112" code="0" mods="0" />
          <key char="101" code="0" mods="0" />
          <key char="110" code="0" mods="0" />
          <key char="70" code="0" mods="0" />
          <key char="105" code="0" mods="0" />
          <key char="108" code="0" mods="0" />
          <key char="101" code="0" mods="0" />
          <key char="65535" code="10" mods="0" />
          <key char="111" code="0" mods="0" />
          <key char="117" code="0" mods="0" />
          <key char="65535" code="27" mods="0" />
          <key char="117" code="0" mods="0" />
          <key char="117" code="0" mods="0" />
          <key char="117" code="0" mods="0" />
          <key char="106" code="0" mods="0" />
          <key char="106" code="0" mods="0" />
          <key char="58" code="0" mods="0" />
          <key char="110" code="0" mods="0" />
          <key char="111" code="0" mods="0" />
          <key char="104" code="0" mods="0" />
          <key char="108" code="0" mods="0" />
          <key char="110" code="0" mods="0" />
          <key char="111" code="0" mods="0" />
          <key char="104" code="0" mods="0" />
          <key char="108" code="0" mods="0" />
          <key char="65535" code="10" mods="0" />
          <key char="108" code="0" mods="0" />
          <key char="107" code="0" mods="0" />
          <key char="58" code="0" mods="0" />
          <key char="97" code="0" mods="0" />
          <key char="99" code="0" mods="0" />
          <key char="116" code="0" mods="0" />
          <key char="105" code="0" mods="0" />
          <key char="111" code="0" mods="0" />
          <key char="110" code="0" mods="0" />
          <key char="32" code="0" mods="0" />
          <key char="79" code="0" mods="0" />
          <key char="112" code="0" mods="0" />
          <key char="101" code="0" mods="0" />
          <key char="110" code="0" mods="0" />
          <key char="70" code="0" mods="0" />
          <key char="105" code="0" mods="0" />
          <key char="108" code="0" mods="0" />
          <key char="101" code="0" mods="0" />
          <key char="97" code="0" mods="0" />
          <key char="99" code="0" mods="0" />
          <key char="116" code="0" mods="0" />
          <key char="105" code="0" mods="0" />
          <key char="111" code="0" mods="0" />
          <key char="110" code="0" mods="0" />
          <key char="32" code="0" mods="0" />
          <key char="79" code="0" mods="0" />
          <key char="112" code="0" mods="0" />
          <key char="101" code="0" mods="0" />
          <key char="110" code="0" mods="0" />
          <key char="70" code="0" mods="0" />
          <key char="105" code="0" mods="0" />
          <key char="108" code="0" mods="0" />
          <key char="101" code="0" mods="0" />
          <key char="65535" code="10" mods="0" />
          <key char="111" code="0" mods="0" />
          <key char="117" code="0" mods="0" />
          <key char="65535" code="27" mods="0" />
          <key char="117" code="0" mods="0" />
          <key char="117" code="0" mods="0" />
          <key char="117" code="0" mods="0" />
          <key char="111" code="0" mods="0" />
          <key char="65535" code="27" mods="0" />
          <key char="117" code="0" mods="0" />
          <key char="117" code="0" mods="0" />
          <key char="58" code="0" mods="0" />
          <key char="110" code="0" mods="0" />
          <key char="111" code="0" mods="0" />
          <key char="104" code="0" mods="0" />
          <key char="108" code="0" mods="0" />
          <key char="110" code="0" mods="0" />
          <key char="111" code="0" mods="0" />
          <key char="104" code="0" mods="0" />
          <key char="108" code="0" mods="0" />
          <key char="65535" code="10" mods="0" />
          <key char="108" code="0" mods="0" />
          <key char="115" code="0" mods="0" />
          <key char="65535" code="27" mods="0" />
          <key char="117" code="0" mods="0" />
          <key char="117" code="0" mods="0" />
          <key char="58" code="0" mods="0" />
          <key char="110" code="0" mods="0" />
          <key char="111" code="0" mods="0" />
          <key char="104" code="0" mods="0" />
          <key char="108" code="0" mods="0" />
          <key char="110" code="0" mods="0" />
          <key char="111" code="0" mods="0" />
          <key char="104" code="0" mods="0" />
          <key char="108" code="0" mods="0" />
          <key char="65535" code="10" mods="0" />
          <key char="108" code="0" mods="0" />
          <key char="65535" code="27" mods="0" />
          <key char="104" code="0" mods="0" />
          <key char="104" code="0" mods="0" />
          <key char="104" code="0" mods="0" />
          <key char="58" code="0" mods="0" />
          <key char="118" code="0" mods="0" />
          <key char="115" code="0" mods="0" />
          <key char="118" code="0" mods="0" />
          <key char="115" code="0" mods="0" />
          <key char="65535" code="10" mods="0" />
          <key char="118" code="0" mods="0" />
          <key char="76" code="0" mods="0" />
          <key char="65535" code="27" mods="0" />
          <key char="107" code="0" mods="0" />
          <key char="65535" code="87" mods="130" />
          <key char="65535" code="87" mods="130" />
          <key char="108" code="0" mods="0" />
          <key char="107" code="0" mods="0" />
          <key char="107" code="0" mods="0" />
          <key char="106" code="0" mods="0" />
          <key char="106" code="0" mods="0" />
        </keys>
      </register>
      <register name="8" type="2">
        <text encoding="base64">ICAK</text>
      </register>
      <register name="9" type="2">
        <text encoding="base64">Ogo=</text>
      </register>
      <register name=":" type="4">
        <text>action ReformatCode</text>
      </register>
    </registers>
    <search>
      <last-search>cnt</last-search>
      <last-offset />
      <last-pattern>cnt</last-pattern>
      <last-replace>a</last-replace>
      <last-substitute encoding="base64">XDxzYXZlQXNUZXh0RmlsZVw+</last-substitute>
      <last-dir>1</last-dir>
      <show-last>false</show-last>
    </search>
    <history>
      <history-search>
        <entry>constructor</entry>
        <entry>space</entry>
        <entry>macro</entry>
        <entry>construc</entry>
        <entry>file</entry>
        <entry>line</entry>
        <entry>binpa</entry>
        <entry>allall</entry>
        <entry>allowallar</entry>
        <entry>totaln</entry>
        <entry>oneln</entry>
        <entry>item</entry>
        <entry>void</entry>
        <entry>constr</entry>
        <entry>false</entry>
        <entry>true</entry>
        <entry>spacebeforec</entry>
        <entry>inheri</entry>
        <entry>sprice</entry>
        <entry>cnt</entry>
      </history-search>
      <history-cmd>
        <entry>action GoToTab7</entry>
        <entry>action GoToTab8</entry>
        <entry>action GoToTab9</entry>
        <entry>action EditorDeleteToLineStart</entry>
        <entry>nohl</entry>
        <entry>action ActivateTerminalToolWindow</entry>
        <entry>action CommentByLineComment</entry>
        <entry>action EditorJoinLines</entry>
        <entry>action Exit</entry>
        <entry>action SelectInProjectView</entry>
        <entry>action NextTab</entry>
        <entry>action PreviousTab</entry>
        <entry>action PreviousTemplateVariable</entry>
        <entry encoding="base64">JzwsJz5hY3Rpb24gQ29tbWVudEJ5TGluZUNvbW1lbnQ=</entry>
        <entry>action Run</entry>
        <entry>action Back</entry>
        <entry>action GotoDeclaration</entry>
        <entry>close</entry>
        <entry>action CloseProject</entry>
        <entry>action ReformatCode</entry>
      </history-cmd>
      <history-expr />
      <history-input />
    </history>
    <shortcut-conflicts>
      <shortcut-conflict owner="vim">
        <text>ctrl pressed V</text>
      </shortcut-conflict>
      <shortcut-conflict owner="vim">
        <text>ctrl pressed A</text>
      </shortcut-conflict>
      <shortcut-conflict owner="ide">
        <text>ctrl pressed P</text>
      </shortcut-conflict>
      <shortcut-conflict owner="vim">
        <text>ctrl pressed Q</text>
      </shortcut-conflict>
      <shortcut-conflict owner="vim">
        <text>ctrl pressed R</text>
      </shortcut-conflict>
      <shortcut-conflict owner="ide">
        <text>ctrl pressed S</text>
      </shortcut-conflict>
      <shortcut-conflict owner="vim">
        <text>ctrl pressed U</text>
      </shortcut-conflict>
      <shortcut-conflict owner="vim">
        <text>ctrl pressed B</text>
      </shortcut-conflict>
      <shortcut-conflict owner="vim">
        <text>ctrl pressed W</text>
      </shortcut-conflict>
      <shortcut-conflict owner="vim">
        <text>ctrl pressed N</text>
      </shortcut-conflict>
      <shortcut-conflict owner="vim">
        <text>ctrl pressed D</text>
      </shortcut-conflict>
      <shortcut-conflict owner="vim">
        <text>ctrl pressed O</text>
      </shortcut-conflict>
      <shortcut-conflict owner="vim">
        <text>ctrl pressed F</text>
      </shortcut-conflict>
      <shortcut-conflict owner="ide">
        <text>ctrl pressed OPEN_BRACKET</text>
      </shortcut-conflict>
      <shortcut-conflict owner="ide">
        <text>ctrl pressed G</text>
      </shortcut-conflict>
      <shortcut-conflict owner="ide">
        <text>ctrl pressed H</text>
      </shortcut-conflict>
      <shortcut-conflict owner="vim">
        <text>ctrl pressed CLOSE_BRACKET</text>
      </shortcut-conflict>
      <shortcut-conflict owner="ide">
        <text>ctrl pressed T</text>
      </shortcut-conflict>
      <shortcut-conflict owner="ide">
        <text>ctrl pressed I</text>
      </shortcut-conflict>
      <shortcut-conflict owner="vim">
        <text>ctrl pressed M</text>
      </shortcut-conflict>
      <shortcut-conflict owner="vim">
        <text>ctrl pressed E</text>
      </shortcut-conflict>
      <shortcut-conflict owner="ide">
        <text>ctrl pressed BACK_SLASH</text>
      </shortcut-conflict>
      <shortcut-conflict owner="vim">
        <text>ctrl pressed X</text>
      </shortcut-conflict>
      <shortcut-conflict owner="ide">
        <text>ctrl pressed Y</text>
      </shortcut-conflict>
      <shortcut-conflict owner="ide">
        <text>shift ctrl pressed 2</text>
      </shortcut-conflict>
      <shortcut-conflict owner="ide">
        <text>ctrl pressed 2</text>
      </shortcut-conflict>
      <shortcut-conflict owner="ide">
        <text>shift ctrl pressed 6</text>
      </shortcut-conflict>
      <shortcut-conflict owner="ide">
        <text>ctrl pressed J</text>
      </shortcut-conflict>
      <shortcut-conflict owner="ide">
        <text>ctrl pressed K</text>
      </shortcut-conflict>
      <shortcut-conflict owner="ide">
        <text>ctrl pressed L</text>
      </shortcut-conflict>
      <shortcut-conflict owner="ide">
        <text>alt pressed X</text>
      </shortcut-conflict>
      <shortcut-conflict owner="vim">
        <text>shift pressed ENTER</text>
      </shortcut-conflict>
      <shortcut-conflict owner="ide">
        <text>ctrl pressed C</text>
      </shortcut-conflict>
      <shortcut-conflict owner="vim">
        <text>alt pressed Q</text>
      </shortcut-conflict>
      <shortcut-conflict owner="vim">
        <text>alt pressed N</text>
      </shortcut-conflict>
      <shortcut-conflict owner="vim">
        <text>ctrl pressed ENTER</text>
      </shortcut-conflict>
      <shortcut-conflict owner="ide">
        <text>alt pressed 2</text>
      </shortcut-conflict>
      <shortcut-conflict owner="ide">
        <text>alt pressed 1</text>
      </shortcut-conflict>
      <shortcut-conflict owner="ide">
        <text>alt pressed 3</text>
      </shortcut-conflict>
      <shortcut-conflict owner="ide">
        <text>alt pressed 4</text>
      </shortcut-conflict>
      <shortcut-conflict owner="ide">
        <text>alt pressed 5</text>
      </shortcut-conflict>
      <shortcut-conflict owner="ide">
        <text>alt pressed 6</text>
      </shortcut-conflict>
      <shortcut-conflict owner="ide">
        <text>alt pressed 7</text>
      </shortcut-conflict>
      <shortcut-conflict owner="ide">
        <text>alt pressed 8</text>
      </shortcut-conflict>
      <shortcut-conflict owner="ide">
        <text>alt pressed 9</text>
      </shortcut-conflict>
    </shortcut-conflicts>
  </component>
</application>