<application>
  <component name="ApplicationTasksOptions">
    <global-watchers>
      <TaskOptions>
        <option name="arguments" value="" />
        <option name="checkSyntaxErrors" value="true" />
        <option name="description" />
        <option name="exitCodeBehavior" value="ERROR" />
        <option name="fileExtension" value="cpp" />
        <option name="immediateSync" value="true" />
        <option name="name" value="clangformat" />
        <option name="output" value="" />
        <option name="outputFilters">
          <array />
        </option>
        <option name="outputFromStdout" value="false" />
        <option name="program" value="/opt/lang-tools/cpp/clang/bin/clang-format" />
        <option name="runOnExternalChanges" value="true" />
        <option name="scopeName" value="Project Files" />
        <option name="trackOnlyRoot" value="false" />
        <option name="workingDir" value="" />
        <envs />
      </TaskOptions>
    </global-watchers>
  </component>
</application>