<application>
  <component name="AppStorage">
    <histories>
      <item value="pedantic" />
      <item value="FATAL ERROR" />
      <item value="ident" />
      <item value="derive" />
      <item value="variance" />
      <item value="consequences" />
      <item value="pending" />
      <item value="from nanos" />
      <item value="from micros" />
      <item value="from millis" />
      <item value="codegen" />
      <item value="pessimizing" />
      <item value="Unwraps" />
      <item value="since" />
      <item value="persists" />
      <item value="Disposes" />
      <item value="Borrow Flag" />
      <item value="Cell" />
      <item value="pathological program" />
      <item value="pathological" />
      <item value="underflow" />
      <item value="be enough `Ref`s or `RefMut`s in existence to overflow half of the `usize`" />
      <item value="`Ref` and `RefMut` are both two words in size, and so there will likely never" />
      <item value="writing borrow" />
      <item value="writing" />
      <item value="_" />
      <item value="spawn" />
      <item value="variant" />
      <item value="wrapped" />
      <item value="Immutably" />
      <item value="access" />
      <item value="aliasing" />
      <item value="alias" />
      <item value="primitive" />
      <item value="nonoverlapping" />
      <item value="can be used to remove this bound if it's not appropriate" />
      <item value="All type parameters have an implicit bound of `Sized`. The special syntax&#10;/// `?Sized` can be used to remove this bound if it's not appropriate." />
      <item value="reinterpret cast" />
      <item value="area" />
      <item value="Has Area" />
      <item value="usage" />
      <item value="memory" />
      <item value="re" />
      <item value="Phantom Data" />
      <item value="LOREM IPSUM" />
      <item value="mitigates" />
      <item value="panic" />
      <item value="excessive" />
      <item value="crate" />
      <item value="Detach" />
    </histories>
    <option name="languageScores">
      <map>
        <entry key="CHINESE" value="97" />
        <entry key="ENGLISH" value="104" />
      </map>
    </option>
  </component>
  <component name="Settings">
    <option name="baiduTranslateSettings">
      <app-key>
        <option name="appId" value="20190608000305805" />
        <option name="appKeyConfigured" value="true" />
        <option name="primaryLanguage" value="CHINESE" />
      </app-key>
    </option>
    <option name="ignoreRegExp" value="" />
    <option name="overrideFont" value="true" />
    <option name="primaryFontFamily" value="SauceCodePro Nerd Font" />
    <option name="translator" value="fanyi.baidu" />
    <option name="youdaoTranslateSettings">
      <youdao-translate>
        <option name="appId" value="AA403089A9F8D5FB66712AEE7D5B7353" />
        <option name="appKeyConfigured" value="true" />
      </youdao-translate>
    </option>
  </component>
</application>