<application>
  <component name="AppStorage">
    <histories>
      <item value="inheritance" />
      <item value="Subscripting" />
      <item value="Str Blob" />
      <item value="blob" />
      <item value="abandon" />
      <item value="functional" />
      <item value="iterator" />
      <item value="algorithm" />
      <item value="numeric" />
      <item value="flush" />
      <item value="no" />
      <item value="conversion" />
      <item value="arbitrary" />
      <item value="arbitrory" />
      <item value="specified" />
      <item value="necessarily" />
      <item value="numerical" />
      <item value="agnostic" />
      <item value="encoding" />
      <item value="reference" />
      <item value="refence" />
      <item value="derived" />
      <item value="_Traits" />
      <item value="traverse" />
      <item value="indexof" />
      <item value="char" />
      <item value="end" />
      <item value="mid" />
      <item value="int" />
      <item value="merge" />
      <item value="start" />
      <item value="void" />
    </histories>
    <option name="languageScores">
      <map>
        <entry key="CHINESE" value="36" />
        <entry key="ENGLISH" value="43" />
      </map>
    </option>
  </component>
  <component name="Settings">
    <option name="baiduTranslateSettings">
      <app-key>
        <option name="appId" value="20190608000305805" />
        <option name="appKeyConfigured" value="true" />
        <option name="primaryLanguage" value="CHINESE" />
      </app-key>
    </option>
    <option name="ignoreRegExp" value="" />
    <option name="overrideFont" value="true" />
    <option name="primaryFontFamily" value="SauceCodePro Nerd Font" />
    <option name="translator" value="fanyi.baidu" />
    <option name="youdaoTranslateSettings">
      <youdao-translate>
        <option name="appId" value="AA403089A9F8D5FB66712AEE7D5B7353" />
        <option name="appKeyConfigured" value="true" />
      </youdao-translate>
    </option>
  </component>
</application>