<code_scheme name="AlanDing prefer-Code Style" version="173">
  <option name="FORMATTER_TAGS_ENABLED" value="true" />
  <option name="SOFT_MARGINS" value="80" />
  <MarkdownNavigatorCodeStyleSettings>
    <option name="RIGHT_MARGIN" value="72" />
  </MarkdownNavigatorCodeStyleSettings>
  <Objective-C>
    <option name="INDENT_NAMESPACE_MEMBERS" value="0" />
    <option name="INDENT_C_STRUCT_MEMBERS" value="2" />
    <option name="INDENT_CLASS_MEMBERS" value="2" />
    <option name="INDENT_INSIDE_CODE_BLOCK" value="2" />
    <option name="KEEP_STRUCTURES_IN_ONE_LINE" value="true" />
    <option name="KEEP_CASE_EXPRESSIONS_IN_ONE_LINE" value="true" />
    <option name="FUNCTION_NON_TOP_AFTER_RETURN_TYPE_WRAP" value="0" />
    <option name="FUNCTION_TOP_AFTER_RETURN_TYPE_WRAP" value="0" />
    <option name="FUNCTION_PARAMETERS_WRAP" value="5" />
    <option name="FUNCTION_CALL_ARGUMENTS_WRAP" value="5" />
    <option name="TEMPLATE_DECLARATION_STRUCT_WRAP" value="1" />
    <option name="TEMPLATE_DECLARATION_FUNCTION_WRAP" value="1" />
    <option name="TEMPLATE_CALL_ARGUMENTS_WRAP" value="5" />
    <option name="TEMPLATE_CALL_ARGUMENTS_ALIGN_MULTILINE" value="true" />
    <option name="ALIGN_INIT_LIST_IN_COLUMNS" value="false" />
    <option name="KEEP_BLANK_LINES_BEFORE_END" value="1" />
    <option name="INSERT_VIRTUAL_WITH_OVERRIDE" value="true" />
    <option name="HEADER_GUARD_STYLE_PATTERN" value="${PROJECT_NAME}_${PROJECT_REL_PATH}_${FILE_NAME}_${EXT}" />
    <option name="NAMESPACES_NAMING_CONVENTION">
      <value prefix="" style="SNAKE_CASE" suffix="" />
    </option>
    <option name="CLASSES_AND_STRUCTS_NAMING_CONVENTION">
      <value prefix="" style="PASCAL_CASE" suffix="" />
    </option>
    <option name="ENUMS_NAMING_CONVENTION">
      <value prefix="" style="PASCAL_CASE" suffix="" />
    </option>
    <option name="TYPEDEFS_NAMING_CONVENTION">
      <value prefix="" style="PASCAL_CASE" suffix="" />
    </option>
    <option name="UNIONS_NAMING_CONVENTION">
      <value prefix="" style="PASCAL_CASE" suffix="" />
    </option>
    <option name="FIELDS_NAMING_CONVENTION">
      <value prefix="" style="PASCAL_CASE" suffix="" />
    </option>
    <option name="GLOBAL_VARIABLES_NAMING_CONVENTION">
      <value prefix="" style="PASCAL_CASE" suffix="" />
    </option>
    <option name="PARAMETERS_NAMING_CONVENTION">
      <value prefix="" style="PASCAL_CASE" suffix="" />
    </option>
    <option name="LOCAL_VARIABLES_NAMING_CONVENTION">
      <value prefix="" style="PASCAL_CASE" suffix="" />
    </option>
  </Objective-C>
  <Objective-C-extensions>
    <extensions>
      <pair source="cpp" header="hpp" fileNamingConvention="NONE" />
      <pair source="c" header="h" fileNamingConvention="NONE" />
    </extensions>
  </Objective-C-extensions>
  <Properties>
    <option name="SPACES_AROUND_KEY_VALUE_DELIMITER" value="true" />
    <option name="KEEP_BLANK_LINES" value="true" />
  </Properties>
  <Python>
    <option name="DICT_ALIGNMENT" value="2" />
    <option name="USE_CONTINUATION_INDENT_FOR_ARGUMENTS" value="true" />
  </Python>
  <ScalaCodeStyleSettings>
    <option name="SCALAFMT_REFORMAT_ON_FILES_SAVE" value="true" />
    <option name="FORMATTER" value="1" />
    <option name="REFORMAT_ON_COMPILE" value="true" />
  </ScalaCodeStyleSettings>
  <clangFormatSettings>
    <option name="ENABLED" value="true" />
  </clangFormatSettings>
  <codeStyleSettings language="EditorConfig">
    <option name="ALIGN_GROUP_FIELD_DECLARATIONS" value="true" />
    <option name="SPACE_AFTER_COLON" value="true" />
  </codeStyleSettings>
  <codeStyleSettings language="ObjectiveC">
    <option name="LINE_COMMENT_AT_FIRST_COLUMN" value="false" />
    <option name="LINE_COMMENT_ADD_SPACE" value="true" />
    <option name="KEEP_BLANK_LINES_IN_DECLARATIONS" value="1" />
    <option name="KEEP_BLANK_LINES_IN_CODE" value="1" />
    <option name="ALIGN_MULTILINE_BINARY_OPERATION" value="false" />
    <option name="ALIGN_MULTILINE_ASSIGNMENT" value="false" />
    <option name="ALIGN_MULTILINE_TERNARY_OPERATION" value="false" />
    <option name="ALIGN_MULTILINE_ARRAY_INITIALIZER_EXPRESSION" value="false" />
    <option name="SPACE_WITHIN_BRACES" value="false" />
    <option name="BINARY_OPERATION_WRAP" value="0" />
    <option name="TERNARY_OPERATION_WRAP" value="0" />
    <option name="TERNARY_OPERATION_SIGNS_ON_NEXT_LINE" value="false" />
    <option name="KEEP_SIMPLE_BLOCKS_IN_ONE_LINE" value="false" />
    <option name="KEEP_SIMPLE_METHODS_IN_ONE_LINE" value="false" />
    <option name="ARRAY_INITIALIZER_WRAP" value="0" />
    <option name="ENUM_CONSTANTS_WRAP" value="0" />
    <indentOptions>
      <option name="SMART_TABS" value="true" />
    </indentOptions>
  </codeStyleSettings>
  <codeStyleSettings language="Properties">
    <option name="ALIGN_GROUP_FIELD_DECLARATIONS" value="true" />
  </codeStyleSettings>
  <codeStyleSettings language="Python">
    <indentOptions>
      <option name="SMART_TABS" value="true" />
    </indentOptions>
  </codeStyleSettings>
  <codeStyleSettings language="Scala">
    <indentOptions>
      <option name="SMART_TABS" value="true" />
    </indentOptions>
  </codeStyleSettings>
</code_scheme>