<keymap version="1" name="Alanding" parent="$default">
  <action id="ActivateBuildToolWindow">
    <keyboard-shortcut first-keystroke="alt 5" />
  </action>
  <action id="ActivateDebugToolWindow" />
  <action id="ActivateFavoritesToolWindow" />
  <action id="ActivateFindToolWindow" />
  <action id="ActivateRunToolWindow">
    <keyboard-shortcut first-keystroke="alt 2" />
  </action>
  <action id="ActivateTerminalToolWindow">
    <keyboard-shortcut first-keystroke="alt f12" />
    <keyboard-shortcut first-keystroke="alt 4" />
  </action>
  <action id="ActivateThemePreviewToolWindow">
    <keyboard-shortcut first-keystroke="f10" />
  </action>
  <action id="Activatesbt-shell-toolwindowToolWindow">
    <keyboard-shortcut first-keystroke="shift ctrl s" />
    <keyboard-shortcut first-keystroke="alt 3" />
  </action>
  <action id="AddToFavorites">
    <keyboard-shortcut first-keystroke="alt e" second-keystroke="a" />
  </action>
  <action id="Annotate">
    <keyboard-shortcut first-keystroke="alt g" second-keystroke="a" />
  </action>
  <action id="Back">
    <keyboard-shortcut first-keystroke="ctrl alt left" />
    <mouse-shortcut keystroke="button4" />
    <keyboard-shortcut first-keystroke="alt j" second-keystroke="p" />
  </action>
  <action id="CallHierarchy">
    <keyboard-shortcut first-keystroke="ctrl alt h" />
    <keyboard-shortcut first-keystroke="alt s" second-keystroke="b" />
  </action>
  <action id="ChangesView.Revert">
    <keyboard-shortcut first-keystroke="ctrl alt z" />
    <keyboard-shortcut first-keystroke="alt g" second-keystroke="r" />
  </action>
  <action id="CheckinFiles">
    <keyboard-shortcut first-keystroke="alt g" second-keystroke="c" />
  </action>
  <action id="ChooseDebugConfiguration">
    <keyboard-shortcut first-keystroke="shift alt f9" />
    <keyboard-shortcut first-keystroke="alt d" second-keystroke="e" />
  </action>
  <action id="ChooseRunConfiguration">
    <keyboard-shortcut first-keystroke="shift alt f10" />
    <keyboard-shortcut first-keystroke="alt r" second-keystroke="e" />
  </action>
  <action id="ClassNameCompletion">
    <keyboard-shortcut first-keystroke="ctrl alt space" />
    <keyboard-shortcut first-keystroke="alt p" second-keystroke="i" />
  </action>
  <action id="CloseContent">
    <keyboard-shortcut first-keystroke="ctrl f4" />
    <keyboard-shortcut first-keystroke="alt w" second-keystroke="q" />
  </action>
  <action id="CloseProject">
    <keyboard-shortcut first-keystroke="alt w" second-keystroke="a" />
  </action>
  <action id="CollapseRegionRecursively">
    <keyboard-shortcut first-keystroke="ctrl alt subtract" />
    <keyboard-shortcut first-keystroke="ctrl alt minus" />
    <keyboard-shortcut first-keystroke="alt minus" />
    <keyboard-shortcut first-keystroke="alt e" second-keystroke="c" />
  </action>
  <action id="CommentByBlockComment">
    <keyboard-shortcut first-keystroke="shift ctrl slash" />
    <keyboard-shortcut first-keystroke="shift ctrl divide" />
    <keyboard-shortcut first-keystroke="alt e" second-keystroke="slash" />
  </action>
  <action id="CommentByLineComment">
    <keyboard-shortcut first-keystroke="ctrl slash" />
    <keyboard-shortcut first-keystroke="ctrl divide" />
    <keyboard-shortcut first-keystroke="alt slash" />
  </action>
  <action id="CompileDirty">
    <keyboard-shortcut first-keystroke="ctrl f9" />
    <keyboard-shortcut first-keystroke="alt r" second-keystroke="b" />
  </action>
  <action id="Debug">
    <keyboard-shortcut first-keystroke="shift f9" />
    <keyboard-shortcut first-keystroke="alt d" second-keystroke="c" />
  </action>
  <action id="DebugClass">
    <keyboard-shortcut first-keystroke="alt d" second-keystroke="w" />
  </action>
  <action id="Diff.ShowDiff">
    <keyboard-shortcut first-keystroke="ctrl d" />
    <keyboard-shortcut first-keystroke="alt g" second-keystroke="d" />
  </action>
  <action id="EditorCompleteStatement">
    <keyboard-shortcut first-keystroke="shift ctrl enter" />
    <keyboard-shortcut first-keystroke="alt u" />
  </action>
  <action id="EditorDown">
    <keyboard-shortcut first-keystroke="down" />
    <keyboard-shortcut first-keystroke="shift j" />
  </action>
  <action id="EditorLeft">
    <keyboard-shortcut first-keystroke="left" />
    <keyboard-shortcut first-keystroke="shift h" />
  </action>
  <action id="EditorMoveDownAndScroll">
    <keyboard-shortcut first-keystroke="shift alt j" />
  </action>
  <action id="EditorMoveUpAndScroll">
    <keyboard-shortcut first-keystroke="shift alt k" />
  </action>
  <action id="EditorRight">
    <keyboard-shortcut first-keystroke="right" />
    <keyboard-shortcut first-keystroke="shift l" />
  </action>
  <action id="EditorScrollLeft">
    <keyboard-shortcut first-keystroke="ctrl left" />
    <keyboard-shortcut first-keystroke="shift alt h" />
  </action>
  <action id="EditorScrollRight">
    <keyboard-shortcut first-keystroke="ctrl right" />
    <keyboard-shortcut first-keystroke="shift alt l" />
  </action>
  <action id="EditorScrollToCenter">
    <keyboard-shortcut first-keystroke="ctrl m" />
    <keyboard-shortcut first-keystroke="shift alt m" />
  </action>
  <action id="EditorToggleCase">
    <keyboard-shortcut first-keystroke="shift ctrl u" />
    <keyboard-shortcut first-keystroke="alt e" second-keystroke="u" />
  </action>
  <action id="EditorUp">
    <keyboard-shortcut first-keystroke="up" />
    <keyboard-shortcut first-keystroke="shift k" />
  </action>
  <action id="EvaluateExpression">
    <keyboard-shortcut first-keystroke="alt f8" />
    <keyboard-shortcut first-keystroke="alt d" second-keystroke="f" />
  </action>
  <action id="ExecuteInPyConsoleAction">
    <keyboard-shortcut first-keystroke="shift alt e" />
    <keyboard-shortcut first-keystroke="alt r" second-keystroke="i" />
  </action>
  <action id="ExpandRegionRecursively">
    <keyboard-shortcut first-keystroke="ctrl alt add" />
    <keyboard-shortcut first-keystroke="ctrl alt equals" />
    <keyboard-shortcut first-keystroke="alt equals" />
    <keyboard-shortcut first-keystroke="alt e" second-keystroke="o" />
  </action>
  <action id="ExportToTextFile" />
  <action id="FileChooser.NewFile">
    <keyboard-shortcut first-keystroke="alt n" second-keystroke="f" />
  </action>
  <action id="FileChooser.NewFolder">
    <keyboard-shortcut first-keystroke="alt insert" />
    <keyboard-shortcut first-keystroke="ctrl n" />
    <keyboard-shortcut first-keystroke="alt n" second-keystroke="d" />
  </action>
  <action id="FileChooser.ShowHiddens">
    <keyboard-shortcut first-keystroke="alt period" />
  </action>
  <action id="FileStructurePopup">
    <keyboard-shortcut first-keystroke="ctrl f12" />
    <keyboard-shortcut first-keystroke="alt s" second-keystroke="h" />
  </action>
  <action id="Find">
    <keyboard-shortcut first-keystroke="ctrl f" />
    <keyboard-shortcut first-keystroke="alt f3" />
    <keyboard-shortcut first-keystroke="alt s" second-keystroke="n" />
  </action>
  <action id="FindInPath">
    <keyboard-shortcut first-keystroke="shift ctrl f" />
    <keyboard-shortcut first-keystroke="alt s" second-keystroke="g" />
  </action>
  <action id="Forward">
    <keyboard-shortcut first-keystroke="ctrl alt right" />
    <mouse-shortcut keystroke="button5" />
    <keyboard-shortcut first-keystroke="alt j" second-keystroke="n" />
  </action>
  <action id="Generate">
    <keyboard-shortcut first-keystroke="alt insert" />
    <keyboard-shortcut first-keystroke="alt p" second-keystroke="g" />
  </action>
  <action id="Git.Branches">
    <keyboard-shortcut first-keystroke="shift ctrl back_quote" />
    <keyboard-shortcut first-keystroke="alt g" second-keystroke="b" />
  </action>
  <action id="Git.Clone">
    <keyboard-shortcut first-keystroke="alt g" second-keystroke="n" />
  </action>
  <action id="Git.Pull">
    <keyboard-shortcut first-keystroke="alt g" second-keystroke="u" />
  </action>
  <action id="Git.Tag">
    <keyboard-shortcut first-keystroke="alt g" second-keystroke="t" />
  </action>
  <action id="Github.Open.In.Browser">
    <keyboard-shortcut first-keystroke="alt o" second-keystroke="g" />
  </action>
  <action id="GotoAction">
    <keyboard-shortcut first-keystroke="shift ctrl a" />
    <keyboard-shortcut first-keystroke="alt s" second-keystroke="a" />
  </action>
  <action id="GotoClass">
    <keyboard-shortcut first-keystroke="ctrl n" />
    <keyboard-shortcut first-keystroke="alt s" second-keystroke="c" />
  </action>
  <action id="GotoDeclaration">
    <keyboard-shortcut first-keystroke="ctrl b" />
    <mouse-shortcut keystroke="control button1" />
    <keyboard-shortcut first-keystroke="alt s" second-keystroke="d" />
  </action>
  <action id="GotoFile">
    <keyboard-shortcut first-keystroke="shift ctrl n" />
    <keyboard-shortcut first-keystroke="alt s" second-keystroke="f" />
  </action>
  <action id="GotoImplementation">
    <keyboard-shortcut first-keystroke="ctrl alt b" />
    <mouse-shortcut keystroke="control alt button1" />
    <keyboard-shortcut first-keystroke="alt s" second-keystroke="i" />
  </action>
  <action id="GotoSuperMethod">
    <keyboard-shortcut first-keystroke="ctrl u" />
    <keyboard-shortcut first-keystroke="alt s" second-keystroke="u" />
  </action>
  <action id="GotoSymbol">
    <keyboard-shortcut first-keystroke="shift ctrl alt n" />
    <keyboard-shortcut first-keystroke="alt s" second-keystroke="s" />
  </action>
  <action id="GotoTest">
    <keyboard-shortcut first-keystroke="shift ctrl t" />
    <keyboard-shortcut first-keystroke="alt t" second-keystroke="n" />
  </action>
  <action id="GuiDesigner.CreateListener">
    <keyboard-shortcut first-keystroke="ctrl o" />
  </action>
  <action id="HideActiveWindow">
    <keyboard-shortcut first-keystroke="shift escape" />
    <keyboard-shortcut first-keystroke="alt escape" />
  </action>
  <action id="HighlightUsagesInFile">
    <keyboard-shortcut first-keystroke="shift ctrl f7" />
    <keyboard-shortcut first-keystroke="alt p" second-keystroke="m" />
    <keyboard-shortcut first-keystroke="alt e" second-keystroke="m" />
  </action>
  <action id="HippieCompletion" />
  <action id="InsertLiveTemplate">
    <keyboard-shortcut first-keystroke="ctrl j" />
    <keyboard-shortcut first-keystroke="alt p" second-keystroke="l" />
  </action>
  <action id="IpnbRunAllCellsAction">
    <keyboard-shortcut first-keystroke="shift f10" />
  </action>
  <action id="JumpToLastChange">
    <keyboard-shortcut first-keystroke="shift ctrl back_space" />
    <keyboard-shortcut first-keystroke="alt j" second-keystroke="e" />
    <keyboard-shortcut first-keystroke="alt e" second-keystroke="p" />
  </action>
  <action id="JumpToLastWindow">
    <keyboard-shortcut first-keystroke="f12" />
    <keyboard-shortcut first-keystroke="alt 0" />
  </action>
  <action id="JumpToNextChange">
    <keyboard-shortcut first-keystroke="alt close_bracket" />
    <keyboard-shortcut first-keystroke="alt j" second-keystroke="r" />
    <keyboard-shortcut first-keystroke="alt e" second-keystroke="n" />
  </action>
  <action id="LocalHistory.PutLabel">
    <keyboard-shortcut first-keystroke="alt g" second-keystroke="l" />
  </action>
  <action id="Maven.RunBuild">
    <keyboard-shortcut first-keystroke="alt r" second-keystroke="m" />
  </action>
  <action id="MaximizeToolWindow">
    <keyboard-shortcut first-keystroke="shift ctrl quote" />
    <keyboard-shortcut first-keystroke="alt w" second-keystroke="m" />
  </action>
  <action id="MethodDown">
    <keyboard-shortcut first-keystroke="alt down" />
    <keyboard-shortcut first-keystroke="alt s" second-keystroke="j" />
  </action>
  <action id="MethodHierarchy">
    <keyboard-shortcut first-keystroke="shift ctrl h" />
    <keyboard-shortcut first-keystroke="alt s" second-keystroke="m" />
  </action>
  <action id="MethodHierarchy.OverrideMethodAction">
    <keyboard-shortcut first-keystroke="ctrl o" />
  </action>
  <action id="MethodUp">
    <keyboard-shortcut first-keystroke="alt up" />
    <keyboard-shortcut first-keystroke="alt s" second-keystroke="k" />
  </action>
  <action id="MoveTabDown">
    <keyboard-shortcut first-keystroke="alt w" second-keystroke="d" />
  </action>
  <action id="MoveTabRight">
    <keyboard-shortcut first-keystroke="alt w" second-keystroke="r" />
  </action>
  <action id="NewClass">
    <keyboard-shortcut first-keystroke="alt n" second-keystroke="j" />
  </action>
  <action id="NewElementSamePlace">
    <keyboard-shortcut first-keystroke="ctrl alt insert" />
    <keyboard-shortcut first-keystroke="alt n" second-keystroke="a" />
  </action>
  <action id="NewPythonFile">
    <keyboard-shortcut first-keystroke="alt n" second-keystroke="p" />
  </action>
  <action id="NewPythonPackage">
    <keyboard-shortcut first-keystroke="alt n" second-keystroke="0" />
  </action>
  <action id="NextProjectWindow">
    <keyboard-shortcut first-keystroke="ctrl alt close_bracket" />
    <keyboard-shortcut first-keystroke="alt w" second-keystroke="equals" />
    <keyboard-shortcut first-keystroke="alt w" second-keystroke="open_bracket" />
  </action>
  <action id="NextSplitter">
    <keyboard-shortcut first-keystroke="alt w" second-keystroke="j" />
  </action>
  <action id="NextTab">
    <keyboard-shortcut first-keystroke="alt right" />
    <keyboard-shortcut first-keystroke="alt w" second-keystroke="n" />
  </action>
  <action id="OpenFile">
    <keyboard-shortcut first-keystroke="alt o" second-keystroke="o" />
  </action>
  <action id="OpenInBrowserGroup">
    <keyboard-shortcut first-keystroke="alt o" second-keystroke="b" />
  </action>
  <action id="OptimizeImports">
    <keyboard-shortcut first-keystroke="ctrl alt o" />
    <keyboard-shortcut first-keystroke="alt p" second-keystroke="o" />
  </action>
  <action id="ParameterInfo">
    <keyboard-shortcut first-keystroke="ctrl p" />
    <keyboard-shortcut first-keystroke="alt p" second-keystroke="p" />
  </action>
  <action id="PrevSplitter">
    <keyboard-shortcut first-keystroke="alt w" second-keystroke="k" />
  </action>
  <action id="PreviousProjectWindow">
    <keyboard-shortcut first-keystroke="ctrl alt open_bracket" />
    <keyboard-shortcut first-keystroke="alt w" second-keystroke="minus" />
    <keyboard-shortcut first-keystroke="alt w" second-keystroke="close_bracket" />
  </action>
  <action id="PreviousTab">
    <keyboard-shortcut first-keystroke="alt left" />
    <keyboard-shortcut first-keystroke="alt w" second-keystroke="p" />
  </action>
  <action id="PyRunFileInConsole">
    <keyboard-shortcut first-keystroke="alt r" second-keystroke="p" />
  </action>
  <action id="QuickEvaluateExpression">
    <keyboard-shortcut first-keystroke="ctrl alt f8" />
    <mouse-shortcut keystroke="alt button1" />
    <keyboard-shortcut first-keystroke="alt d" second-keystroke="f" />
  </action>
  <action id="QuickImplementations">
    <keyboard-shortcut first-keystroke="shift ctrl i" />
    <keyboard-shortcut first-keystroke="alt p" second-keystroke="d" />
  </action>
  <action id="QuickJavaDoc">
    <keyboard-shortcut first-keystroke="ctrl q" />
    <mouse-shortcut keystroke="alt button2" />
    <keyboard-shortcut first-keystroke="alt p" second-keystroke="h" />
  </action>
  <action id="Refactorings.QuickListPopupAction">
    <keyboard-shortcut first-keystroke="shift ctrl alt t" />
    <keyboard-shortcut first-keystroke="alt n" second-keystroke="r" />
  </action>
  <action id="ReformatCode">
    <keyboard-shortcut first-keystroke="ctrl alt l" />
    <keyboard-shortcut first-keystroke="alt p" second-keystroke="f" />
  </action>
  <action id="ReopenClosedTab">
    <keyboard-shortcut first-keystroke="alt o" second-keystroke="c" />
  </action>
  <action id="Replace">
    <keyboard-shortcut first-keystroke="ctrl r" />
    <keyboard-shortcut first-keystroke="alt s" second-keystroke="r" />
  </action>
  <action id="Rerun">
    <keyboard-shortcut first-keystroke="ctrl f5" />
    <keyboard-shortcut first-keystroke="alt r" second-keystroke="r" />
  </action>
  <action id="ResizeToolWindowDown">
    <keyboard-shortcut first-keystroke="shift ctrl down" />
    <keyboard-shortcut first-keystroke="alt w" second-keystroke="u" />
  </action>
  <action id="ResizeToolWindowLeft">
    <keyboard-shortcut first-keystroke="shift ctrl left" />
    <keyboard-shortcut first-keystroke="alt w" second-keystroke="y" />
  </action>
  <action id="ResizeToolWindowRight">
    <keyboard-shortcut first-keystroke="shift ctrl right" />
    <keyboard-shortcut first-keystroke="alt w" second-keystroke="o" />
  </action>
  <action id="ResizeToolWindowUp">
    <keyboard-shortcut first-keystroke="shift ctrl up" />
    <keyboard-shortcut first-keystroke="alt w" second-keystroke="i" />
  </action>
  <action id="Resume">
    <keyboard-shortcut first-keystroke="f9" />
    <keyboard-shortcut first-keystroke="alt d" second-keystroke="r" />
  </action>
  <action id="RunClass">
    <keyboard-shortcut first-keystroke="shift ctrl f10" />
    <keyboard-shortcut first-keystroke="alt r" second-keystroke="c" />
  </action>
  <action id="RunToCursor">
    <keyboard-shortcut first-keystroke="alt f9" />
    <keyboard-shortcut first-keystroke="alt d" second-keystroke="q" />
  </action>
  <action id="Scala.ExpandImplicits">
    <keyboard-shortcut first-keystroke="shift ctrl alt equals" />
    <keyboard-shortcut first-keystroke="shift ctrl alt add" />
  </action>
  <action id="Scala.NewClass">
    <keyboard-shortcut first-keystroke="alt n" second-keystroke="c" />
  </action>
  <action id="Scala.RunConsole">
    <keyboard-shortcut first-keystroke="shift ctrl d" />
    <keyboard-shortcut first-keystroke="alt r" second-keystroke="s" />
  </action>
  <action id="Scala.ShowImplicits">
    <keyboard-shortcut first-keystroke="shift ctrl alt equals" />
    <keyboard-shortcut first-keystroke="shift ctrl alt add" />
  </action>
  <action id="Scala.TypeInfo">
    <keyboard-shortcut first-keystroke="alt p" second-keystroke="t" />
  </action>
  <action id="SelectAllOccurrences">
    <keyboard-shortcut first-keystroke="shift ctrl alt j" />
    <keyboard-shortcut first-keystroke="alt s" second-keystroke="o" />
  </action>
  <action id="SelectIn">
    <keyboard-shortcut first-keystroke="alt s" second-keystroke="p" />
  </action>
  <action id="SelectNextOccurrence" />
  <action id="ShowBookmarks">
    <keyboard-shortcut first-keystroke="shift f11" />
    <keyboard-shortcut first-keystroke="alt e" second-keystroke="s" />
  </action>
  <action id="ShowFilePath">
    <keyboard-shortcut first-keystroke="ctrl alt f12" />
    <keyboard-shortcut first-keystroke="alt o" second-keystroke="f" />
  </action>
  <action id="ShowPackageDeps">
    <keyboard-shortcut first-keystroke="alt s" second-keystroke="l" />
  </action>
  <action id="ShowProjectStructureSettings">
    <keyboard-shortcut first-keystroke="shift ctrl alt s" />
    <keyboard-shortcut first-keystroke="alt o" second-keystroke="s" />
  </action>
  <action id="SmartTypeCompletion">
    <keyboard-shortcut first-keystroke="shift ctrl space" />
    <keyboard-shortcut first-keystroke="alt l" />
  </action>
  <action id="StepInto">
    <keyboard-shortcut first-keystroke="f7" />
    <keyboard-shortcut first-keystroke="alt d" second-keystroke="l" />
  </action>
  <action id="StepOver">
    <keyboard-shortcut first-keystroke="f8" />
    <keyboard-shortcut first-keystroke="alt d" second-keystroke="o" />
  </action>
  <action id="Stop">
    <keyboard-shortcut first-keystroke="ctrl f2" />
    <keyboard-shortcut first-keystroke="alt r" second-keystroke="q" />
  </action>
  <action id="SurroundWith">
    <keyboard-shortcut first-keystroke="ctrl alt t" />
    <keyboard-shortcut first-keystroke="alt i" />
  </action>
  <action id="Switcher">
    <keyboard-shortcut first-keystroke="ctrl tab" />
    <keyboard-shortcut first-keystroke="shift ctrl tab" />
    <keyboard-shortcut first-keystroke="alt h" />
  </action>
  <action id="Terminal.OpenInTerminal">
    <keyboard-shortcut first-keystroke="alt o" second-keystroke="t" />
  </action>
  <action id="ToggleBookmarkWithMnemonic">
    <keyboard-shortcut first-keystroke="ctrl f11" />
    <keyboard-shortcut first-keystroke="alt e" second-keystroke="b" />
  </action>
  <action id="ToggleLineBreakpoint">
    <keyboard-shortcut first-keystroke="ctrl f8" />
    <keyboard-shortcut first-keystroke="alt d" second-keystroke="b" />
  </action>
  <action id="TypeHierarchy">
    <keyboard-shortcut first-keystroke="ctrl h" />
    <keyboard-shortcut first-keystroke="alt s" second-keystroke="t" />
  </action>
  <action id="Vcs.Log.GoToChild" />
  <action id="Vcs.Log.GoToParent" />
  <action id="Vcs.Push">
    <keyboard-shortcut first-keystroke="shift ctrl k" />
    <keyboard-shortcut first-keystroke="alt g" second-keystroke="p" />
  </action>
  <action id="Vcs.ShowTabbedFileHistory">
    <keyboard-shortcut first-keystroke="alt g" second-keystroke="h" />
  </action>
  <action id="VcsShowNextChangeMarker">
    <keyboard-shortcut first-keystroke="shift ctrl alt down" />
    <keyboard-shortcut first-keystroke="alt g" second-keystroke="j" />
  </action>
  <action id="VcsShowPrevChangeMarker">
    <keyboard-shortcut first-keystroke="shift ctrl alt up" />
    <keyboard-shortcut first-keystroke="alt g" second-keystroke="k" />
  </action>
  <action id="ViewBreakpoints">
    <keyboard-shortcut first-keystroke="shift ctrl f8" />
    <keyboard-shortcut first-keystroke="alt d" second-keystroke="s" />
  </action>
  <action id="VimPluginToggle">
    <keyboard-shortcut first-keystroke="ctrl alt v" />
    <keyboard-shortcut first-keystroke="shift ctrl alt back_quote" />
  </action>
  <action id="VimVisualToggleLineMode">
    <keyboard-shortcut first-keystroke="alt e" second-keystroke="v" />
  </action>
  <action id="VimWindowSplitHorizontal">
    <keyboard-shortcut first-keystroke="alt w" second-keystroke="s" />
  </action>
  <action id="VimWindowSplitVertical">
    <keyboard-shortcut first-keystroke="alt w" second-keystroke="v" />
  </action>
  <action id="XDebugger.SetValue">
    <keyboard-shortcut first-keystroke="f2" />
    <keyboard-shortcut first-keystroke="alt d" second-keystroke="v" />
  </action>
  <action id="ZoomCurrentWindow">
    <keyboard-shortcut first-keystroke="equals" />
    <keyboard-shortcut first-keystroke="ctrl back_slash" />
  </action>
  <action id="editRunConfigurations">
    <keyboard-shortcut first-keystroke="alt e" second-keystroke="r" />
  </action>
</keymap>