<application>
  <component name="ProjectJdkTable">
    <jdk version="2">
      <name value="1.8" />
      <type value="JavaSDK" />
      <version value="java version &quot;1.8.0_191&quot;" />
      <homePath value="$JAVA_HOME$" />
      <roots>
        <classPath>
          <root type="composite">
            <root url="jar://$JAVA_HOME$/jre/lib/charsets.jar!/" type="simple" />
            <root url="jar://$JAVA_HOME$/jre/lib/deploy.jar!/" type="simple" />
            <root url="jar://$JAVA_HOME$/jre/lib/ext/cldrdata.jar!/" type="simple" />
            <root url="jar://$JAVA_HOME$/jre/lib/ext/dnsns.jar!/" type="simple" />
            <root url="jar://$JAVA_HOME$/jre/lib/ext/jaccess.jar!/" type="simple" />
            <root url="jar://$JAVA_HOME$/jre/lib/ext/jfxrt.jar!/" type="simple" />
            <root url="jar://$JAVA_HOME$/jre/lib/ext/localedata.jar!/" type="simple" />
            <root url="jar://$JAVA_HOME$/jre/lib/ext/nashorn.jar!/" type="simple" />
            <root url="jar://$JAVA_HOME$/jre/lib/ext/sunec.jar!/" type="simple" />
            <root url="jar://$JAVA_HOME$/jre/lib/ext/sunjce_provider.jar!/" type="simple" />
            <root url="jar://$JAVA_HOME$/jre/lib/ext/sunpkcs11.jar!/" type="simple" />
            <root url="jar://$JAVA_HOME$/jre/lib/ext/zipfs.jar!/" type="simple" />
            <root url="jar://$JAVA_HOME$/jre/lib/javaws.jar!/" type="simple" />
            <root url="jar://$JAVA_HOME$/jre/lib/jce.jar!/" type="simple" />
            <root url="jar://$JAVA_HOME$/jre/lib/jfr.jar!/" type="simple" />
            <root url="jar://$JAVA_HOME$/jre/lib/jfxswt.jar!/" type="simple" />
            <root url="jar://$JAVA_HOME$/jre/lib/jsse.jar!/" type="simple" />
            <root url="jar://$JAVA_HOME$/jre/lib/management-agent.jar!/" type="simple" />
            <root url="jar://$JAVA_HOME$/jre/lib/plugin.jar!/" type="simple" />
            <root url="jar://$JAVA_HOME$/jre/lib/resources.jar!/" type="simple" />
            <root url="jar://$JAVA_HOME$/jre/lib/rt.jar!/" type="simple" />
          </root>
        </classPath>
        <sourcePath>
          <root type="composite">
            <root url="jar://$JAVA_HOME$/src.zip!/" type="simple" />
            <root url="jar://$JAVA_HOME$/javafx-src.zip!/" type="simple" />
          </root>
        </sourcePath>
      </roots>
      <additional />
    </jdk>
    <jdk version="2">
      <name value="Python 3.7 (py37)" />
      <type value="Python SDK" />
      <version value="Python 3.7.3" />
      <homePath value="$USER_HOME$/software/anaconda3/envs/py37/bin/python3.7" />
      <roots>
        <classPath>
          <root type="composite">
            <root url="file://$USER_HOME$/software/anaconda3/envs/py37/lib/python3.7" type="simple" />
            <root url="file://$USER_HOME$/software/anaconda3/envs/py37/lib/python3.7/lib-dynload" type="simple" />
            <root url="file://$USER_HOME$/software/anaconda3/envs/py37/lib/python3.7/site-packages" type="simple" />
            <root url="file://$USER_HOME$/software/anaconda3/envs/py37/lib/python3.7/site-packages/Keras-2.2.4-py3.7.egg" type="simple" />
            <root url="file://$USER_HOME$/software/anaconda3/envs/py37/lib/python3.7/site-packages/line_profiler-2.1.1-py3.7-linux-x86_64.egg" type="simple" />
            <root url="file://$USER_HOME$/.PyCharm2019.2/system/python_stubs/-179789816" type="simple" />
            <root url="file://$APPLICATION_HOME_DIR$/helpers/python-skeletons" type="simple" />
            <root url="file://$APPLICATION_HOME_DIR$/helpers/typeshed/stdlib/3" type="simple" />
            <root url="file://$APPLICATION_HOME_DIR$/helpers/typeshed/stdlib/2and3" type="simple" />
            <root url="file://$APPLICATION_HOME_DIR$/helpers/typeshed/third_party/3" type="simple" />
            <root url="file://$APPLICATION_HOME_DIR$/helpers/typeshed/third_party/2and3" type="simple" />
          </root>
        </classPath>
        <sourcePath>
          <root type="composite" />
        </sourcePath>
      </roots>
      <additional />
    </jdk>
    <jdk version="2">
      <name value="Python 3.6" />
      <type value="Python SDK" />
      <version value="Python 3.6.5" />
      <homePath value="/usr/bin/python3.6" />
      <roots>
        <classPath>
          <root type="composite">
            <root url="file:///usr/lib/python3.6" type="simple" />
            <root url="file:///usr/lib/python3.6/lib-dynload" type="simple" />
            <root url="file:///usr/local/lib/python3.6/dist-packages" type="simple" />
            <root url="file:///usr/lib/python3/dist-packages" type="simple" />
            <root url="file://$USER_HOME$/.PyCharm2019.1/system/python_stubs/-1247971763" type="simple" />
            <root url="file://$APPLICATION_HOME_DIR$/helpers/python-skeletons" type="simple" />
            <root url="file://$APPLICATION_HOME_DIR$/helpers/typeshed/stdlib/3" type="simple" />
            <root url="file://$APPLICATION_HOME_DIR$/helpers/typeshed/stdlib/2and3" type="simple" />
            <root url="file://$APPLICATION_HOME_DIR$/helpers/typeshed/third_party/3" type="simple" />
            <root url="file://$APPLICATION_HOME_DIR$/helpers/typeshed/third_party/2and3" type="simple" />
          </root>
        </classPath>
        <sourcePath>
          <root type="composite" />
        </sourcePath>
      </roots>
      <additional />
    </jdk>
  </component>
</application>