<application>
  <component name="AppStorage">
    <histories>
      <item value="stub" />
      <item value="traversing" />
      <item value="semantics" />
      <item value="serialization" />
      <item value="serializable" />
      <item value="metadata" />
      <item value="parquet" />
      <item value="Encoder" />
      <item value="interpolator" />
      <item value="standard Interpolator" />
      <item value="schema" />
      <item value="Evolving" />
      <item value="propagated" />
      <item value="Serializable" />
      <item value="Cloneable" />
      <item value="anonymous" />
      <item value="is Primitive" />
      <item value="objects" />
      <item value="code" />
      <item value="represented" />
      <item value="primitive" />
      <item value="annotation" />
      <item value="Iterator" />
      <item value="Iterable" />
      <item value="hex" />
      <item value="unascribed" />
    </histories>
    <option name="languageScores">
      <map>
        <entry key="CHINESE" value="26" />
        <entry key="ENGLISH" value="27" />
        <entry key="DANISH" value="1" />
      </map>
    </option>
  </component>
  <component name="Settings">
    <option name="baiduTranslateSettings">
      <app-key>
        <option name="appId" value="20190608000305805" />
        <option name="appKeyConfigured" value="true" />
        <option name="primaryLanguage" value="CHINESE" />
      </app-key>
    </option>
    <option name="ignoreRegExp" value="" />
    <option name="overrideFont" value="true" />
    <option name="primaryFontFamily" value="SauceCodePro Nerd Font Mono" />
    <option name="translator" value="fanyi.baidu" />
    <option name="youdaoTranslateSettings">
      <youdao-translate>
        <option name="appKeyConfigured" value="true" />
      </youdao-translate>
    </option>
  </component>
</application>