<application>
  <component name="TemplateSettings">
    <option name="deletedKeys">
      <list>
        <TemplateKey>
          <option name="groupName" value="Go" />
          <option name="key" value="imp" />
        </TemplateKey>
        <TemplateKey>
          <option name="groupName" value="Go" />
          <option name="key" value="p" />
        </TemplateKey>
        <TemplateKey>
          <option name="groupName" value="Go" />
          <option name="key" value="con" />
        </TemplateKey>
        <TemplateKey>
          <option name="groupName" value="Go" />
          <option name="key" value="iota" />
        </TemplateKey>
        <TemplateKey>
          <option name="groupName" value="Go" />
          <option name="key" value="for" />
        </TemplateKey>
        <TemplateKey>
          <option name="groupName" value="Go" />
          <option name="key" value="forr" />
        </TemplateKey>
        <TemplateKey>
          <option name="groupName" value="Go" />
          <option name="key" value="printf" />
        </TemplateKey>
        <TemplateKey>
          <option name="groupName" value="Go" />
          <option name="key" value="err" />
        </TemplateKey>
        <TemplateKey>
          <option name="groupName" value="Go" />
          <option name="key" value="xml" />
        </TemplateKey>
        <TemplateKey>
          <option name="groupName" value="Go" />
          <option name="key" value="json" />
        </TemplateKey>
        <TemplateKey>
          <option name="groupName" value="Go" />
          <option name="key" value="main" />
        </TemplateKey>
        <TemplateKey>
          <option name="groupName" value="Go" />
          <option name="key" value="init" />
        </TemplateKey>
        <TemplateKey>
          <option name="groupName" value="Go" />
          <option name="key" value="meth" />
        </TemplateKey>
        <TemplateKey>
          <option name="groupName" value="Go" />
          <option name="key" value="test" />
        </TemplateKey>
        <TemplateKey>
          <option name="groupName" value="Go" />
          <option name="key" value="bench" />
        </TemplateKey>
        <TemplateKey>
          <option name="groupName" value="Go" />
          <option name="key" value="map" />
        </TemplateKey>
        <TemplateKey>
          <option name="groupName" value="Go" />
          <option name="key" value=":" />
        </TemplateKey>
        <TemplateKey>
          <option name="groupName" value="Go Struct Tags" />
          <option name="key" value="xml" />
        </TemplateKey>
        <TemplateKey>
          <option name="groupName" value="Go Struct Tags" />
          <option name="key" value="json" />
        </TemplateKey>
        <TemplateKey>
          <option name="groupName" value="GoHiddenTemplate" />
          <option name="key" value="go_lang_package" />
        </TemplateKey>
        <TemplateKey>
          <option name="groupName" value="GoHiddenTemplate" />
          <option name="key" value="go_lang_import" />
        </TemplateKey>
        <TemplateKey>
          <option name="groupName" value="GoHiddenTemplate" />
          <option name="key" value="go_lang_import_with_parens" />
        </TemplateKey>
        <TemplateKey>
          <option name="groupName" value="GoHiddenTemplate" />
          <option name="key" value="go_lang_break" />
        </TemplateKey>
        <TemplateKey>
          <option name="groupName" value="GoHiddenTemplate" />
          <option name="key" value="go_lang_continue" />
        </TemplateKey>
        <TemplateKey>
          <option name="groupName" value="GoHiddenTemplate" />
          <option name="key" value="go_lang_const" />
        </TemplateKey>
        <TemplateKey>
          <option name="groupName" value="GoHiddenTemplate" />
          <option name="key" value="go_lang_for" />
        </TemplateKey>
        <TemplateKey>
          <option name="groupName" value="GoHiddenTemplate" />
          <option name="key" value="go_lang_if" />
        </TemplateKey>
        <TemplateKey>
          <option name="groupName" value="GoHiddenTemplate" />
          <option name="key" value="go_lang_switch" />
        </TemplateKey>
        <TemplateKey>
          <option name="groupName" value="GoHiddenTemplate" />
          <option name="key" value="go_lang_case" />
        </TemplateKey>
        <TemplateKey>
          <option name="groupName" value="GoHiddenTemplate" />
          <option name="key" value="go_lang_default" />
        </TemplateKey>
        <TemplateKey>
          <option name="groupName" value="GoHiddenTemplate" />
          <option name="key" value="go_lang_func" />
        </TemplateKey>
        <TemplateKey>
          <option name="groupName" value="GoHiddenTemplate" />
          <option name="key" value="go_lang_anonymous_func" />
        </TemplateKey>
        <TemplateKey>
          <option name="groupName" value="GoHiddenTemplate" />
          <option name="key" value="go_lang_anonymous_func_call" />
        </TemplateKey>
        <TemplateKey>
          <option name="groupName" value="GoHiddenTemplate" />
          <option name="key" value="go_lang_anonymous_struct" />
        </TemplateKey>
        <TemplateKey>
          <option name="groupName" value="GoHiddenTemplate" />
          <option name="key" value="go_lang_anonymous_map" />
        </TemplateKey>
        <TemplateKey>
          <option name="groupName" value="GoHiddenTemplate" />
          <option name="key" value="go_lang_anonymous_slice" />
        </TemplateKey>
        <TemplateKey>
          <option name="groupName" value="GoHiddenTemplate" />
          <option name="key" value="go_lang_anonymous_array" />
        </TemplateKey>
        <TemplateKey>
          <option name="groupName" value="GoHiddenTemplate" />
          <option name="key" value="go_lang_var" />
        </TemplateKey>
        <TemplateKey>
          <option name="groupName" value="GoHiddenTemplate" />
          <option name="key" value="go_lang_type" />
        </TemplateKey>
        <TemplateKey>
          <option name="groupName" value="GoHiddenTemplate" />
          <option name="key" value="type_qf" />
        </TemplateKey>
        <TemplateKey>
          <option name="groupName" value="GoHiddenTemplate" />
          <option name="key" value="struct_type_qf" />
        </TemplateKey>
        <TemplateKey>
          <option name="groupName" value="GoHiddenTemplate" />
          <option name="key" value="go_lang_var_qf" />
        </TemplateKey>
        <TemplateKey>
          <option name="groupName" value="GoHiddenTemplate" />
          <option name="key" value="global_var_qf" />
        </TemplateKey>
        <TemplateKey>
          <option name="groupName" value="GoHiddenTemplate" />
          <option name="key" value="global_const_qf" />
        </TemplateKey>
        <TemplateKey>
          <option name="groupName" value="GoHiddenTemplate" />
          <option name="key" value="add_return" />
        </TemplateKey>
        <TemplateKey>
          <option name="groupName" value="GoHiddenTemplate" />
          <option name="key" value="introduce_field" />
        </TemplateKey>
        <TemplateKey>
          <option name="groupName" value="GoHiddenTemplate" />
          <option name="key" value="template_type_hint_comment" />
        </TemplateKey>
      </list>
    </option>
  </component>
</application>