<application>
  <component name="VimSettings">
    <state version="4" enabled="true" />
    <globalmarks />
    <filemarks>
      <file name="/start_script.py" timestamp="1559699172090">
        <mark key="[" line="2" column="0" />
      </file>
      <file name="/testspark" timestamp="1546884314891">
        <mark key="[" line="0" column="0" />
      </file>
      <file name="$USER_HOME$/0_Dev/Scala-projects/sbt_build/simpleapp/src/main/scala/SimpleApp.scala" timestamp="1556686620174">
        <mark key="'" line="0" column="0" />
        <mark key="[" line="4" column="1" />
        <mark key="]" line="4" column="3" />
        <mark key="^" line="4" column="3" />
        <mark key="." line="4" column="3" />
      </file>
      <file name="$USER_HOME$/0_Dev/Scala-projects/sbt_build/simpleapp/build.sbt" timestamp="1556644267830">
        <mark key="[" line="6" column="56" />
        <mark key="]" line="6" column="64" />
        <mark key="." line="6" column="64" />
        <mark key="^" line="6" column="64" />
      </file>
      <file name="$USER_HOME$/.IdeaIC2018.3/system/python_stubs/-1687341626/builtins.py" timestamp="1552150553496">
        <mark key="'" line="3748" column="17" />
        <mark key="[" line="7" column="0" />
        <mark key="]" line="7" column="0" />
        <mark key="." line="7" column="0" />
      </file>
      <file name="/a.dummy" timestamp="1559113830051">
        <mark key="[" line="0" column="0" />
      </file>
      <file name="$USER_HOME$/Exercise/Scala-projects/sbt_build/wordcount/src/main/scala/learningSpark/learningSpark.scala" timestamp="1547101839184">
        <mark key="[" line="13" column="6" />
        <mark key="]" line="13" column="17" />
        <mark key="." line="13" column="17" />
        <mark key="^" line="13" column="17" />
      </file>
      <file name="$USER_HOME$/0_Dev/Go-projects/learn-go/main.go" timestamp="1561626179678">
        <mark key="'" line="13" column="12" />
        <mark key="[" line="13" column="0" />
        <mark key="]" line="13" column="0" />
        <mark key="." line="13" column="0" />
      </file>
      <file name="$USER_HOME$/Exercise/Scala-projects/sbt_build/mySpark/project/build.properties" timestamp="1547624960983">
        <mark key="[" line="0" column="16" />
        <mark key="]" line="0" column="16" />
        <mark key="." line="0" column="16" />
        <mark key="^" line="0" column="16" />
      </file>
      <file name="/wordcount.py" timestamp="1554903151667">
        <mark key="[" line="0" column="0" />
      </file>
      <file name="$USER_HOME$/0_Dev/Scala-projects/spark/RDD-program-guide/Rdd/src/main/scala/Rdd.scala" timestamp="1556728849034">
        <mark key="'" line="0" column="0" />
        <mark key="[" line="18" column="0" />
        <mark key="]" line="18" column="0" />
        <mark key="." line="18" column="0" />
      </file>
      <file name="$USER_HOME$/0_Dev/Go-projects/fzf/src/util/util_unix.go" timestamp="1559130255464">
        <mark key="[" line="40" column="31" />
        <mark key="]" line="40" column="31" />
        <mark key="." line="40" column="31" />
        <mark key="^" line="40" column="31" />
      </file>
      <file name="$USER_HOME$/0_Dev/Go-projects/fzf/uninstall" timestamp="1559718591754">
        <mark key="[" line="0" column="19" />
        <mark key="]" line="1" column="0" />
        <mark key="^" line="1" column="0" />
        <mark key="." line="1" column="0" />
      </file>
      <file name="$USER_HOME$/Exercise/Scala-projects/sbt_build/testspark/src/main/scala/cnalan/testspark.scala" timestamp="1547619381200">
        <mark key="[" line="6" column="53" />
        <mark key="]" line="6" column="50" />
        <mark key="." line="6" column="50" />
        <mark key="^" line="6" column="50" />
      </file>
      <file name="$USER_HOME$/0_Dev/Scala-projects/sbt_build/water/src/main/scala/water.scala" timestamp="1548068538874">
        <mark key="[" line="9" column="81" />
        <mark key="]" line="9" column="78" />
        <mark key="." line="9" column="78" />
        <mark key="^" line="9" column="78" />
      </file>
      <file name="/Dummy.scala" timestamp="1547126153867">
        <mark key="[" line="0" column="0" />
      </file>
      <file name="$USER_HOME$/0_Dev/Scala-projects/spark/simpleapp/.gitignore" timestamp="1559065630315">
        <mark key="[" line="0" column="0" />
        <mark key="]" line="0" column="0" />
        <mark key="." line="0" column="0" />
      </file>
      <file name="$USER_HOME$/0_Exercise/Python-projects/pycharm/sparktest.py" timestamp="1547879619805">
        <mark key="'" line="8" column="2" />
        <mark key="[" line="8" column="0" />
        <mark key="]" line="8" column="2" />
        <mark key="." line="8" column="2" />
        <mark key="^" line="8" column="2" />
      </file>
      <file name="$USER_HOME$/.ivy2/cache/org.scala-lang/scala-library/srcs/scala-library-2.12.8-sources.jar!/scala/Array.scala" timestamp="1546944097011">
        <mark key="'" line="526" column="12" />
        <mark key="[" line="526" column="12" />
        <mark key="]" line="526" column="11" />
        <mark key="^" line="526" column="11" />
        <mark key="." line="526" column="11" />
      </file>
      <file name="/sparktest.1.py" timestamp="1547874444894">
        <mark key="[" line="0" column="0" />
      </file>
      <file name="/sys_restore.py" timestamp="1546079776799">
        <mark key="[" line="0" column="0" />
      </file>
      <file name="/sparktest.py" timestamp="1547877291587">
        <mark key="[" line="0" column="0" />
      </file>
      <file name="$USER_HOME$/0_Dev/projects/Go-projects/fzf/main.go" timestamp="1564627090853">
        <mark key="[" line="8" column="0" />
        <mark key="]" line="8" column="0" />
        <mark key="." line="8" column="0" />
      </file>
      <file name="$USER_HOME$/Exercise/Scala-projects/Spark/src/main/scala/cn/alanding/testspark.scala" timestamp="1545993378834">
        <mark key="[" line="0" column="0" />
      </file>
      <file name="$USER_HOME$/0_Dev/Scala-projects/sbt_build/water/build.sbt" timestamp="1548067979025">
        <mark key="[" line="6" column="15" />
        <mark key="]" line="6" column="16" />
        <mark key="^" line="7" column="70" />
        <mark key="." line="6" column="16" />
      </file>
      <file name="$USER_HOME$/0_Dev/Python-projects/pycharm/wordcount/wordcount.py" timestamp="1556704465949">
        <mark key="'" line="0" column="0" />
        <mark key="[" line="13" column="0" />
        <mark key="]" line="13" column="0" />
        <mark key="." line="13" column="0" />
        <mark key="^" line="0" column="11" />
      </file>
      <file name="$USER_HOME$/0_Dev/Go-projects/fzf/go.mod" timestamp="1559715284863">
        <mark key="'" line="0" column="0" />
        <mark key="[" line="18" column="88" />
        <mark key="]" line="18" column="88" />
        <mark key="." line="18" column="88" />
        <mark key="^" line="18" column="88" />
      </file>
      <file name="$USER_HOME$/0_Dev/Go-projects/fzf/main.go" timestamp="1559911476236">
        <mark key="'" line="9" column="0" />
        <mark key="[" line="8" column="1" />
        <mark key="]" line="8" column="0" />
        <mark key="." line="8" column="0" />
        <mark key="^" line="8" column="0" />
      </file>
      <file name="/Clipboard.txt" timestamp="1559718860568">
        <mark key="[" line="0" column="0" />
      </file>
      <file name="/sparktest" timestamp="1547879603152">
        <mark key="[" line="0" column="0" />
      </file>
      <file name="/Python Console" timestamp="1552215590397">
        <mark key="[" line="0" column="0" />
      </file>
      <file name="/fragment.py" timestamp="1552215656477">
        <mark key="[" line="0" column="0" />
      </file>
      <file name="/sys_restore" timestamp="1546433894281">
        <mark key="[" line="0" column="0" />
      </file>
      <file name="$USER_HOME$/Exercise/Scala-projects/sbt_build/mySpark/build.sbt" timestamp="1547154251083">
        <mark key="[" line="7" column="24" />
        <mark key="]" line="7" column="83" />
        <mark key="^" line="7" column="83" />
        <mark key="." line="7" column="83" />
      </file>
      <file name="$USER_HOME$/Exercise/Scala-projects/sbt_build/wordCount/build.sbt" timestamp="1547021951126">
        <mark key="[" line="6" column="0" />
        <mark key="]" line="6" column="0" />
        <mark key="^" line="6" column="62" />
        <mark key="." line="6" column="0" />
      </file>
      <file name="$USER_HOME$/0_Dev/Go-projects/learn-go/trans/init.go" timestamp="1561617225360">
        <mark key="[" line="9" column="13" />
        <mark key="]" line="9" column="12" />
        <mark key="." line="9" column="12" />
        <mark key="^" line="9" column="12" />
      </file>
      <file name="/sbtShell" timestamp="1559127152636">
        <mark key="[" line="0" column="0" />
        <mark key="]" line="0" column="0" />
        <mark key="^" line="0" column="0" />
        <mark key="." line="0" column="0" />
      </file>
      <file name="$USER_HOME$/0_Dev/Python-projects/pycharm/wordcount/wordcount.iml" timestamp="1552148288894">
        <mark key="'" line="6" column="0" />
        <mark key="[" line="0" column="0" />
        <mark key="]" line="1" column="1" />
        <mark key="." line="1" column="1" />
        <mark key="^" line="1" column="1" />
      </file>
      <file name="/testspark.py" timestamp="1546907862591">
        <mark key="[" line="0" column="0" />
      </file>
      <file name="/opt/lang-tools/go/go/src/builtin/builtin.go" timestamp="1561618363764">
        <mark key="'" line="234" column="0" />
      </file>
      <file name="/_pydev_execfile.py" timestamp="1552215594387">
        <mark key="[" line="0" column="0" />
      </file>
      <file name="/Dummy.txt" timestamp="1561617736147">
        <mark key="[" line="0" column="8" />
      </file>
      <file name="$USER_HOME$/Exercise/Scala-projects/sbt_build/SBTExampleProject/src/main/scala/example/Main.scala" timestamp="1547019483037">
        <mark key="[" line="4" column="0" />
        <mark key="]" line="4" column="3" />
        <mark key="^" line="4" column="3" />
        <mark key="." line="4" column="3" />
      </file>
      <file name="/Scala Console" timestamp="1547111546479">
        <mark key="[" line="0" column="0" />
      </file>
      <file name="$USER_HOME$/0_Dev/Scala-projects/spark/RDD-program-guide/Rdd/build.sbt" timestamp="1556711693844">
        <mark key="[" line="8" column="33" />
        <mark key="]" line="8" column="37" />
        <mark key="^" line="8" column="37" />
        <mark key="." line="8" column="37" />
      </file>
      <file name="/tarfile.py" timestamp="1549279116948">
        <mark key="[" line="0" column="0" />
      </file>
      <file name="/scratch.py" timestamp="1546019680278">
        <mark key="[" line="0" column="0" />
      </file>
      <file name="$USER_HOME$/Exercise/Scala-projects/sbt_build/SBTExampleProject/src/test/scala/CubeCalculatorTest.scala" timestamp="1547019315321">
        <mark key="'" line="4" column="14" />
        <mark key="[" line="4" column="38" />
        <mark key="]" line="4" column="39" />
        <mark key="." line="4" column="39" />
        <mark key="^" line="4" column="39" />
      </file>
      <file name="$USER_HOME$/Exercise/Scala-projects/sbt_build/mySpark/src/main/scala/sparkWeb/learningSpark.scala" timestamp="1547625002127">
        <mark key="'" line="17" column="0" />
        <mark key="[" line="11" column="12" />
        <mark key="]" line="11" column="12" />
        <mark key="." line="11" column="12" />
        <mark key="^" line="11" column="12" />
      </file>
      <file name="$USER_HOME$/0_Dev/Go-projects/learn-go/init.go" timestamp="1561616284415">
        <mark key="[" line="0" column="8" />
        <mark key="]" line="0" column="12" />
        <mark key="." line="0" column="12" />
        <mark key="^" line="0" column="12" />
      </file>
      <file name="$USER_HOME$/Exercise/Python-projects/pycharm/sparktest.py" timestamp="1547097883915">
        <mark key="[" line="23" column="0" />
        <mark key="]" line="23" column="0" />
        <mark key="^" line="14" column="0" />
        <mark key="." line="23" column="0" />
      </file>
      <file name="$USER_HOME$/Exercise/Scala-projects/sbt_build/wordCounts/src/main/scala/wordCounts.scala" timestamp="1547020348101">
        <mark key="'" line="3" column="0" />
        <mark key="[" line="2" column="2" />
        <mark key="]" line="2" column="10" />
        <mark key="^" line="2" column="10" />
        <mark key="." line="2" column="10" />
      </file>
      <file name="$USER_HOME$/.cache/vimfiles-alan/repos/github.com/ncm2/ncm2/pythonx/ncm2_core.py" timestamp="1558874947025">
        <mark key="[" line="20" column="0" />
        <mark key="]" line="20" column="0" />
        <mark key="." line="20" column="0" />
        <mark key="^" line="20" column="0" />
      </file>
      <file name="$USER_HOME$/Exercise/Scala-projects/sbt_build/SBTExampleProject/build.sbt" timestamp="1547019419339">
        <mark key="[" line="8" column="0" />
        <mark key="]" line="8" column="0" />
        <mark key="^" line="7" column="77" />
        <mark key="." line="8" column="0" />
      </file>
      <file name="$USER_HOME$/0_Dev/Scala-projects/spark/simpleapp/src/main/scala/SimpleApp.scala" timestamp="1559126993282">
        <mark key="'" line="12" column="14" />
        <mark key="[" line="15" column="11" />
        <mark key="]" line="16" column="6" />
        <mark key="." line="16" column="6" />
        <mark key="^" line="16" column="6" />
      </file>
      <file name="/builtins.py" timestamp="1552151779001">
        <mark key="[" line="0" column="0" />
      </file>
      <file name="$USER_HOME$/Exercise/Scala-projects/sbt_build/testspark/testspark.iml" timestamp="1547618383386">
        <mark key="[" line="8" column="9" />
      </file>
      <file name="$USER_HOME$/Exercise/Scala-projects/sbt_build/wordcount/build.sbt" timestamp="1547096072614">
        <mark key="'" line="0" column="0" />
        <mark key="[" line="7" column="0" />
        <mark key="]" line="7" column="0" />
        <mark key="^" line="6" column="82" />
        <mark key="." line="7" column="0" />
      </file>
      <file name="$USER_HOME$/0_Dev/Scala-projects/spark/simpleapp/.scalafmt.conf" timestamp="1559067545040">
        <mark key="[" line="30" column="9" />
        <mark key="]" line="28" column="13" />
        <mark key="^" line="28" column="13" />
        <mark key="." line="30" column="9" />
      </file>
      <file name="/fragment.java" timestamp="1556726917353">
        <mark key="[" line="0" column="0" />
      </file>
      <file name="$USER_HOME$/Exercise/Scala-projects/sbt_build/wordCounts/build.sbt" timestamp="1547020286030">
        <mark key="[" line="6" column="77" />
        <mark key="]" line="6" column="77" />
        <mark key="^" line="6" column="77" />
        <mark key="." line="6" column="77" />
      </file>
      <file name="$USER_HOME$/0_Exercise/Scala-projects/sbt_build/myspark/src/main/scala/wordCount/wordCount.scala" timestamp="1547881918195">
        <mark key="'" line="0" column="0" />
        <mark key="[" line="0" column="0" />
        <mark key="]" line="0" column="0" />
        <mark key="." line="0" column="0" />
      </file>
    </filemarks>
    <jumps>
      <jump line="2" column="11" filename="$USER_HOME$/Exercise/Scala-projects/sbt_build/wordcount/src/main/scala/TestSpark.scala" />
      <jump line="247" column="6" filename="$USER_HOME$/.ivy2/cache/org.scala-lang/scala-library/srcs/scala-library-2.12.8-sources.jar!/scala/Array.scala" />
      <jump line="138" column="6" filename="$USER_HOME$/.ivy2/cache/org.apache.spark/spark-core_2.11/srcs/spark-core_2.11-2.4.0-sources.jar!/org/apache/spark/SparkContext.scala" />
      <jump line="25" column="21" filename="$USER_HOME$/.ivy2/cache/org.scala-lang/scala-library/srcs/scala-library-2.12.8-sources.jar!/scala/Byte.scala" />
      <jump line="27" column="18" filename="$USER_HOME$/.ivy2/cache/org.scala-lang/scala-library/srcs/scala-library-2.12.8-sources.jar!/scala/Byte.scala" />
      <jump line="8" column="7" filename="$USER_HOME$/Exercise/Scala-projects/sbt_build/wordcount/src/main/scala/TestSpark.scala" />
      <jump line="526" column="12" filename="$USER_HOME$/.ivy2/cache/org.scala-lang/scala-library/srcs/scala-library-2.12.8-sources.jar!/scala/Array.scala" />
      <jump line="5" column="4" filename="$USER_HOME$/Exercise/Scala-projects/sbt_build/wordcount/src/main/scala/TestSpark.scala" />
      <jump line="9" column="15" filename="$USER_HOME$/Exercise/Scala-projects/sbt_build/wordcount/src/main/scala/TestSpark.scala" />
      <jump line="4" column="4" filename="$USER_HOME$/Exercise/Scala-projects/sbt_build/wordcount/src/main/scala/TestSpark.scala" />
      <jump line="6" column="8" filename="$USER_HOME$/Exercise/Scala-projects/sbt_build/wordcount/src/main/scala/TestSpark.scala" />
      <jump line="7" column="17" filename="$USER_HOME$/Exercise/Scala-projects/sbt_build/wordcount/src/main/scala/TestSpark.scala" />
      <jump line="11" column="2" filename="$USER_HOME$/Exercise/Scala-projects/sbt_build/wordcount/src/main/scala/TestSpark.scala" />
      <jump line="0" column="0" filename="$USER_HOME$/Exercise/Scala-projects/sbt_build/wordcount/src/main/scala/TestSpark.scala" />
      <jump line="3" column="20" filename="$USER_HOME$/Exercise/Scala-projects/sbt_build/wordcount/src/main/scala/TestSpark.scala" />
      <jump line="15" column="0" filename="$USER_HOME$/Exercise/Scala-projects/sbt_build/wordcount/src/main/scala/TestSpark.scala" />
      <jump line="4" column="14" filename="$USER_HOME$/Exercise/Scala-projects/sbt_build/SBTExampleProject/src/test/scala/CubeCalculatorTest.scala" />
      <jump line="2" column="0" filename="$USER_HOME$/Exercise/Scala-projects/sbt_build/wordCounts/src/main/scala/wordCounts.scala" />
      <jump line="6" column="0" filename="$USER_HOME$/Exercise/Scala-projects/sbt_build/wordcount/build.sbt" />
      <jump line="0" column="0" filename="$USER_HOME$/Exercise/Scala-projects/sbt_build/wordcount/build.sbt" />
      <jump line="138" column="6" filename="$USER_HOME$/.ivy2/cache/org.apache.spark/spark-core_2.12/srcs/spark-core_2.12-2.4.0-sources.jar!/org/apache/spark/SparkContext.scala" />
      <jump line="7" column="19" filename="$USER_HOME$/Exercise/Scala-projects/sbt_build/wordcount/src/main/scala/wordCount.scala" />
      <jump line="12" column="0" filename="$USER_HOME$/Exercise/Scala-projects/sbt_build/wordcount/src/main/scala/wordCount.scala" />
      <jump line="13" column="0" filename="$USER_HOME$/Exercise/Scala-projects/sbt_build/wordcount/src/main/scala/wordCount.scala" />
      <jump line="11" column="1" filename="$USER_HOME$/Exercise/Scala-projects/sbt_build/wordcount/src/main/scala/wordCount.scala" />
      <jump line="8" column="11" filename="$USER_HOME$/Exercise/Scala-projects/sbt_build/wordcount/src/main/scala/wordCount.scala" />
      <jump line="9" column="0" filename="$USER_HOME$/Exercise/Scala-projects/sbt_build/wordcount/src/main/scala/wordCount.scala" />
      <jump line="17" column="3" filename="$USER_HOME$/Exercise/Scala-projects/sbt_build/mySpark/src/main/scala/wordCount/wordCount.scala" />
      <jump line="42" column="6" filename="$USER_HOME$/.ivy2/cache/org.scala-lang/scala-library/srcs/scala-library-2.12.8-sources.jar!/scala/App.scala" />
      <jump line="11" column="29" filename="$USER_HOME$/Exercise/Scala-projects/sbt_build/mySpark/src/main/scala/sparkWeb/learningSpark.scala" />
      <jump line="6" column="0" filename="$USER_HOME$/Exercise/Scala-projects/sbt_build/mySpark/src/main/scala/sparkWeb/learningSpark.scala" />
      <jump line="5" column="0" filename="$USER_HOME$/Exercise/Scala-projects/sbt_build/mySpark/src/main/scala/sparkWeb/learningSpark.scala" />
      <jump line="8" column="0" filename="$USER_HOME$/Exercise/Scala-projects/sbt_build/mySpark/src/main/scala/sparkWeb/learningSpark.scala" />
      <jump line="15" column="0" filename="$USER_HOME$/Exercise/Scala-projects/sbt_build/mySpark/src/main/scala/sparkWeb/learningSpark.scala" />
      <jump line="14" column="23" filename="$USER_HOME$/Exercise/Scala-projects/sbt_build/mySpark/src/main/scala/sparkWeb/learningSpark.scala" />
      <jump line="9" column="0" filename="$USER_HOME$/Exercise/Scala-projects/sbt_build/mySpark/src/main/scala/sparkWeb/learningSpark.scala" />
      <jump line="16" column="0" filename="$USER_HOME$/Exercise/Scala-projects/sbt_build/mySpark/src/main/scala/sparkWeb/learningSpark.scala" />
      <jump line="0" column="0" filename="$USER_HOME$/Exercise/Scala-projects/sbt_build/mySpark/src/main/scala/sparkWeb/learningSpark.scala" />
      <jump line="17" column="0" filename="$USER_HOME$/Exercise/Scala-projects/sbt_build/mySpark/src/main/scala/sparkWeb/learningSpark.scala" />
      <jump line="5" column="21" filename="$USER_HOME$/0_Exercise/Python-projects/pycharm/sparktest.py" />
      <jump line="8" column="2" filename="$USER_HOME$/0_Exercise/Python-projects/pycharm/sparktest.py" />
      <jump line="4" column="0" filename="$USER_HOME$/0_Exercise/Scala-projects/sbt_build/myspark/src/main/scala/wordCount/wordCount.scala" />
      <jump line="0" column="0" filename="$USER_HOME$/0_Exercise/Scala-projects/sbt_build/myspark/src/main/scala/wordCount/wordCount.scala" />
      <jump line="8" column="7" filename="$USER_HOME$/0_Dev/Python-projects/pycharm/wordcount/wordcount.iml" />
      <jump line="3748" column="17" filename="$USER_HOME$/.IdeaIC2018.3/system/python_stubs/-1687341626/builtins.py" />
      <jump line="4" column="2" filename="$USER_HOME$/0_Dev/Python-projects/pycharm/wordcount/wordcount.py" />
      <jump line="5" column="5" filename="$USER_HOME$/0_Dev/Python-projects/pycharm/wordcount/wordcount.iml" />
      <jump line="0" column="2" filename="$USER_HOME$/0_Dev/Python-projects/pycharm/wordcount/wordcount.iml" />
      <jump line="6" column="0" filename="$USER_HOME$/0_Dev/Python-projects/pycharm/wordcount/wordcount.iml" />
      <jump line="7" column="1" filename="$USER_HOME$/0_Dev/Python-projects/pycharm/wordcount/wordcount.py" />
      <jump line="12" column="0" filename="$USER_HOME$/0_Dev/Python-projects/pycharm/wordcount/wordcount.py" />
      <jump line="11" column="2" filename="$USER_HOME$/0_Dev/Python-projects/pycharm/wordcount/wordcount.py" />
      <jump line="10" column="0" filename="$USER_HOME$/0_Dev/Python-projects/pycharm/wordcount/wordcount.py" />
      <jump line="8" column="0" filename="$USER_HOME$/0_Dev/Python-projects/pycharm/wordcount/wordcount.py" />
      <jump line="9" column="0" filename="$USER_HOME$/0_Dev/Python-projects/pycharm/wordcount/wordcount.py" />
      <jump line="3" column="2" filename="$USER_HOME$/0_Dev/Python-projects/pycharm/wordcount/wordcount.py" />
      <jump line="0" column="0" filename="$USER_HOME$/0_Dev/Python-projects/pycharm/wordcount/wordcount.py" />
      <jump line="4" column="0" filename="$USER_HOME$/0_Dev/Scala-projects/sbt_build/simpleapp/src/main/scala/SimpleApp.scala" />
      <jump line="0" column="0" filename="$USER_HOME$/0_Dev/Scala-projects/sbt_build/simpleapp/src/main/scala/SimpleApp.scala" />
      <jump line="9" column="2" filename="$USER_HOME$/0_Dev/Scala-projects/spark/RDD-program-guide/Rdd/src/main/scala/Rdd.scala" />
      <jump line="14" column="0" filename="$USER_HOME$/0_Dev/Scala-projects/spark/RDD-program-guide/Rdd/src/main/scala/Rdd.scala" />
      <jump line="11" column="81" filename="$USER_HOME$/0_Dev/Scala-projects/spark/RDD-program-guide/Rdd/src/main/scala/Rdd.scala" />
      <jump line="10" column="30" filename="$USER_HOME$/0_Dev/Scala-projects/spark/RDD-program-guide/Rdd/src/main/scala/Rdd.scala" />
      <jump line="7" column="0" filename="$USER_HOME$/0_Dev/Scala-projects/spark/RDD-program-guide/Rdd/src/main/scala/Rdd.scala" />
      <jump line="16" column="61" filename="$USER_HOME$/0_Dev/Scala-projects/spark/RDD-program-guide/Rdd/src/main/scala/Rdd.scala" />
      <jump line="17" column="8" filename="$USER_HOME$/0_Dev/Scala-projects/spark/RDD-program-guide/Rdd/src/main/scala/Rdd.scala" />
      <jump line="12" column="11" filename="$USER_HOME$/0_Dev/Scala-projects/spark/RDD-program-guide/Rdd/src/main/scala/Rdd.scala" />
      <jump line="15" column="8" filename="$USER_HOME$/0_Dev/Scala-projects/spark/RDD-program-guide/Rdd/src/main/scala/Rdd.scala" />
      <jump line="18" column="16" filename="$USER_HOME$/0_Dev/Scala-projects/spark/RDD-program-guide/Rdd/src/main/scala/Rdd.scala" />
      <jump line="13" column="9" filename="$USER_HOME$/0_Dev/Scala-projects/spark/RDD-program-guide/Rdd/src/main/scala/Rdd.scala" />
      <jump line="8" column="0" filename="$USER_HOME$/0_Dev/Scala-projects/spark/RDD-program-guide/Rdd/src/main/scala/Rdd.scala" />
      <jump line="0" column="0" filename="$USER_HOME$/0_Dev/Scala-projects/spark/RDD-program-guide/Rdd/src/main/scala/Rdd.scala" />
      <jump line="32" column="4" filename="$USER_HOME$/0_Dev/Scala-projects/spark/simpleapp/.gitignore" />
      <jump line="38" column="5" filename="$USER_HOME$/0_Dev/Scala-projects/spark/simpleapp/.gitignore" />
      <jump line="0" column="0" filename="$USER_HOME$/0_Dev/Scala-projects/spark/simpleapp/.gitignore" />
      <jump line="11" column="1" filename="$USER_HOME$/0_Dev/Scala-projects/spark/simpleapp/src/main/scala/SimpleApp.scala" />
      <jump line="9" column="0" filename="$USER_HOME$/0_Dev/Scala-projects/spark/simpleapp/src/main/scala/SimpleApp.scala" />
      <jump line="0" column="0" filename="$USER_HOME$/0_Dev/Scala-projects/spark/simpleapp/src/main/scala/SimpleApp.scala" />
      <jump line="13" column="11" filename="$USER_HOME$/0_Dev/Scala-projects/spark/simpleapp/src/main/scala/SimpleApp.scala" />
      <jump line="16" column="9" filename="$USER_HOME$/0_Dev/Scala-projects/spark/simpleapp/src/main/scala/SimpleApp.scala" />
      <jump line="17" column="29" filename="$USER_HOME$/0_Dev/Scala-projects/spark/simpleapp/src/main/scala/SimpleApp.scala" />
      <jump line="15" column="8" filename="$USER_HOME$/0_Dev/Scala-projects/spark/simpleapp/src/main/scala/SimpleApp.scala" />
      <jump line="14" column="18" filename="$USER_HOME$/0_Dev/Scala-projects/spark/simpleapp/src/main/scala/SimpleApp.scala" />
      <jump line="12" column="14" filename="$USER_HOME$/0_Dev/Scala-projects/spark/simpleapp/src/main/scala/SimpleApp.scala" />
      <jump line="19" column="8" filename="$USER_HOME$/0_Dev/Go-projects/fzf/go.mod" />
      <jump line="0" column="0" filename="$USER_HOME$/0_Dev/Go-projects/fzf/go.mod" />
      <jump line="8" column="0" filename="$USER_HOME$/0_Dev/Go-projects/fzf/main.go" />
      <jump line="2" column="0" filename="$USER_HOME$/0_Dev/Go-projects/fzf/main.go" />
      <jump line="9" column="0" filename="$USER_HOME$/0_Dev/Go-projects/fzf/main.go" />
      <jump line="54" column="10" filename="/opt/lang-tools/go/go/src/builtin/builtin.go" />
      <jump line="9" column="12" filename="$USER_HOME$/0_Dev/Go-projects/learn-go/main.go" />
      <jump line="249" column="5" filename="/opt/lang-tools/go/go/src/builtin/builtin.go" />
      <jump line="55" column="0" filename="/opt/lang-tools/go/go/src/builtin/builtin.go" />
      <jump line="27" column="0" filename="/opt/lang-tools/go/go/src/builtin/builtin.go" />
      <jump line="62" column="0" filename="/opt/lang-tools/go/go/src/builtin/builtin.go" />
      <jump line="84" column="0" filename="/opt/lang-tools/go/go/src/builtin/builtin.go" />
      <jump line="107" column="0" filename="/opt/lang-tools/go/go/src/builtin/builtin.go" />
      <jump line="140" column="0" filename="/opt/lang-tools/go/go/src/builtin/builtin.go" />
      <jump line="194" column="0" filename="/opt/lang-tools/go/go/src/builtin/builtin.go" />
      <jump line="234" column="0" filename="/opt/lang-tools/go/go/src/builtin/builtin.go" />
    </jumps>
    <registers>
      <register name="a" type="4">
        <text>-k</text>
      </register>
      <register name="&quot;" type="4">
        <text encoding="base64">Cg==</text>
      </register>
      <register name="d" type="4">
        <keys>
          <key char="65535" code="27" mods="0" />
          <key char="65535" code="27" mods="0" />
        </keys>
      </register>
      <register name="*" type="4">
        <text>''</text>
      </register>
      <register name="j" type="4">
        <keys>
          <key char="106" code="0" mods="0" />
          <key char="65535" code="27" mods="0" />
        </keys>
      </register>
      <register name="k" type="4">
        <keys>
          <key char="107" code="0" mods="0" />
          <key char="107" code="0" mods="0" />
          <key char="107" code="0" mods="0" />
          <key char="107" code="0" mods="0" />
          <key char="106" code="0" mods="0" />
          <key char="106" code="0" mods="0" />
          <key char="58" code="0" mods="0" />
          <key char="97" code="0" mods="0" />
          <key char="99" code="0" mods="0" />
          <key char="116" code="0" mods="0" />
          <key char="105" code="0" mods="0" />
          <key char="111" code="0" mods="0" />
          <key char="110" code="0" mods="0" />
          <key char="32" code="0" mods="0" />
          <key char="71" code="0" mods="0" />
          <key char="105" code="0" mods="0" />
          <key char="116" code="0" mods="0" />
          <key char="46" code="0" mods="0" />
          <key char="67" code="0" mods="0" />
          <key char="111" code="0" mods="0" />
          <key char="110" code="0" mods="0" />
          <key char="116" code="0" mods="0" />
          <key char="101" code="0" mods="0" />
          <key char="120" code="0" mods="0" />
          <key char="116" code="0" mods="0" />
          <key char="77" code="0" mods="0" />
          <key char="101" code="0" mods="0" />
          <key char="110" code="0" mods="0" />
          <key char="117" code="0" mods="0" />
          <key char="97" code="0" mods="0" />
          <key char="99" code="0" mods="0" />
          <key char="116" code="0" mods="0" />
          <key char="105" code="0" mods="0" />
          <key char="111" code="0" mods="0" />
          <key char="110" code="0" mods="0" />
          <key char="32" code="0" mods="0" />
          <key char="71" code="0" mods="0" />
          <key char="105" code="0" mods="0" />
          <key char="116" code="0" mods="0" />
          <key char="46" code="0" mods="0" />
          <key char="67" code="0" mods="0" />
          <key char="111" code="0" mods="0" />
          <key char="110" code="0" mods="0" />
          <key char="116" code="0" mods="0" />
          <key char="101" code="0" mods="0" />
          <key char="120" code="0" mods="0" />
          <key char="116" code="0" mods="0" />
          <key char="77" code="0" mods="0" />
          <key char="101" code="0" mods="0" />
          <key char="110" code="0" mods="0" />
          <key char="117" code="0" mods="0" />
          <key char="65535" code="10" mods="0" />
          <key char="58" code="0" mods="0" />
          <key char="97" code="0" mods="0" />
          <key char="99" code="0" mods="0" />
          <key char="116" code="0" mods="0" />
          <key char="105" code="0" mods="0" />
          <key char="111" code="0" mods="0" />
          <key char="110" code="0" mods="0" />
          <key char="32" code="0" mods="0" />
          <key char="71" code="0" mods="0" />
          <key char="105" code="0" mods="0" />
          <key char="116" code="0" mods="0" />
          <key char="46" code="0" mods="0" />
          <key char="108" code="0" mods="0" />
          <key char="111" code="0" mods="0" />
          <key char="103" code="0" mods="0" />
          <key char="97" code="0" mods="0" />
          <key char="99" code="0" mods="0" />
          <key char="116" code="0" mods="0" />
          <key char="105" code="0" mods="0" />
          <key char="111" code="0" mods="0" />
          <key char="110" code="0" mods="0" />
          <key char="32" code="0" mods="0" />
          <key char="71" code="0" mods="0" />
          <key char="105" code="0" mods="0" />
          <key char="116" code="0" mods="0" />
          <key char="46" code="0" mods="0" />
          <key char="108" code="0" mods="0" />
          <key char="111" code="0" mods="0" />
          <key char="103" code="0" mods="0" />
          <key char="65535" code="10" mods="0" />
          <key char="65535" code="27" mods="0" />
          <key char="58" code="0" mods="0" />
          <key char="97" code="0" mods="0" />
          <key char="99" code="0" mods="0" />
          <key char="116" code="0" mods="0" />
          <key char="105" code="0" mods="0" />
          <key char="111" code="0" mods="0" />
          <key char="110" code="0" mods="0" />
          <key char="32" code="0" mods="0" />
          <key char="71" code="0" mods="0" />
          <key char="105" code="0" mods="0" />
          <key char="116" code="0" mods="0" />
          <key char="46" code="0" mods="0" />
          <key char="77" code="0" mods="0" />
          <key char="101" code="0" mods="0" />
          <key char="110" code="0" mods="0" />
          <key char="117" code="0" mods="0" />
          <key char="97" code="0" mods="0" />
          <key char="99" code="0" mods="0" />
          <key char="116" code="0" mods="0" />
          <key char="105" code="0" mods="0" />
          <key char="111" code="0" mods="0" />
          <key char="110" code="0" mods="0" />
          <key char="32" code="0" mods="0" />
          <key char="71" code="0" mods="0" />
          <key char="105" code="0" mods="0" />
          <key char="116" code="0" mods="0" />
          <key char="46" code="0" mods="0" />
          <key char="77" code="0" mods="0" />
          <key char="101" code="0" mods="0" />
          <key char="110" code="0" mods="0" />
          <key char="117" code="0" mods="0" />
          <key char="65535" code="10" mods="0" />
          <key char="65535" code="27" mods="0" />
          <key char="58" code="0" mods="0" />
          <key char="97" code="0" mods="0" />
          <key char="99" code="0" mods="0" />
          <key char="116" code="0" mods="0" />
          <key char="105" code="0" mods="0" />
          <key char="111" code="0" mods="0" />
          <key char="110" code="0" mods="0" />
          <key char="32" code="0" mods="0" />
          <key char="71" code="0" mods="0" />
          <key char="105" code="0" mods="0" />
          <key char="116" code="0" mods="0" />
          <key char="46" code="0" mods="0" />
          <key char="108" code="0" mods="0" />
          <key char="111" code="0" mods="0" />
          <key char="103" code="0" mods="0" />
          <key char="97" code="0" mods="0" />
          <key char="99" code="0" mods="0" />
          <key char="116" code="0" mods="0" />
          <key char="105" code="0" mods="0" />
          <key char="111" code="0" mods="0" />
          <key char="110" code="0" mods="0" />
          <key char="32" code="0" mods="0" />
          <key char="71" code="0" mods="0" />
          <key char="105" code="0" mods="0" />
          <key char="116" code="0" mods="0" />
          <key char="46" code="0" mods="0" />
          <key char="108" code="0" mods="0" />
          <key char="111" code="0" mods="0" />
          <key char="103" code="0" mods="0" />
          <key char="65535" code="10" mods="0" />
          <key char="58" code="0" mods="0" />
          <key char="97" code="0" mods="0" />
          <key char="99" code="0" mods="0" />
          <key char="116" code="0" mods="0" />
          <key char="105" code="0" mods="0" />
          <key char="111" code="0" mods="0" />
          <key char="110" code="0" mods="0" />
          <key char="32" code="0" mods="0" />
          <key char="71" code="0" mods="0" />
          <key char="105" code="0" mods="0" />
          <key char="116" code="0" mods="0" />
          <key char="46" code="0" mods="0" />
          <key char="77" code="0" mods="0" />
          <key char="101" code="0" mods="0" />
          <key char="110" code="0" mods="0" />
          <key char="117" code="0" mods="0" />
          <key char="97" code="0" mods="0" />
          <key char="99" code="0" mods="0" />
          <key char="116" code="0" mods="0" />
          <key char="105" code="0" mods="0" />
          <key char="111" code="0" mods="0" />
          <key char="110" code="0" mods="0" />
          <key char="32" code="0" mods="0" />
          <key char="71" code="0" mods="0" />
          <key char="105" code="0" mods="0" />
          <key char="116" code="0" mods="0" />
          <key char="46" code="0" mods="0" />
          <key char="77" code="0" mods="0" />
          <key char="101" code="0" mods="0" />
          <key char="110" code="0" mods="0" />
          <key char="117" code="0" mods="0" />
          <key char="65535" code="10" mods="0" />
          <key char="103" code="0" mods="0" />
          <key char="65535" code="27" mods="0" />
        </keys>
      </register>
      <register name="-" type="4">
        <text>int</text>
      </register>
      <register name="n" type="4">
        <text />
      </register>
      <register name="/" type="4">
        <text>numas</text>
      </register>
      <register name="0" type="4">
        <text encoding="base64">ID0+IGdpdGh1Yi5jb20vZ29sYW5nL2NyeXB0byA=</text>
      </register>
      <register name="1" type="2">
        <text encoding="base64">CWZvciA7IDsgewoJCQoJfQo=</text>
      </register>
      <register name="q" type="4">
        <text />
      </register>
      <register name="2" type="2">
        <text encoding="base64">CWZvciA7IDsgewoJCQoJfQo=</text>
      </register>
      <register name="3" type="2">
        <text encoding="base64">CWZvciBrZXksIHZhbHVlIDo9IHJhbmdlIGNvbGxlY3Rpb24gewoJCQoJfQo=</text>
      </register>
      <register name="4" type="2">
        <text encoding="base64">CWZvciA7IDsgIHsKCQkKCX0K</text>
      </register>
      <register name="5" type="2">
        <text encoding="base64">CWZvciA7IDsgewoJCQoJfQo=</text>
      </register>
      <register name="6" type="2">
        <text encoding="base64">CWZvciAgewoJCQoJfQo=</text>
      </register>
      <register name="7" type="2">
        <text encoding="base64">CWZvciA7IDsgIHsKCQkKCX0K</text>
      </register>
      <register name="w" type="4">
        <keys>
          <key char="39" code="0" mods="0" />
          <key char="39" code="0" mods="0" />
          <key char="119" code="0" mods="0" />
          <key char="39" code="0" mods="0" />
          <key char="39" code="0" mods="0" />
          <key char="119" code="0" mods="0" />
          <key char="39" code="0" mods="0" />
          <key char="39" code="0" mods="0" />
          <key char="119" code="0" mods="0" />
          <key char="39" code="0" mods="0" />
          <key char="39" code="0" mods="0" />
          <key char="119" code="0" mods="0" />
          <key char="39" code="0" mods="0" />
          <key char="39" code="0" mods="0" />
          <key char="119" code="0" mods="0" />
          <key char="39" code="0" mods="0" />
          <key char="39" code="0" mods="0" />
          <key char="119" code="0" mods="0" />
          <key char="39" code="0" mods="0" />
          <key char="39" code="0" mods="0" />
          <key char="119" code="0" mods="0" />
          <key char="39" code="0" mods="0" />
          <key char="39" code="0" mods="0" />
          <key char="119" code="0" mods="0" />
          <key char="39" code="0" mods="0" />
          <key char="39" code="0" mods="0" />
          <key char="119" code="0" mods="0" />
          <key char="39" code="0" mods="0" />
          <key char="39" code="0" mods="0" />
          <key char="119" code="0" mods="0" />
          <key char="39" code="0" mods="0" />
          <key char="39" code="0" mods="0" />
          <key char="119" code="0" mods="0" />
          <key char="39" code="0" mods="0" />
          <key char="39" code="0" mods="0" />
          <key char="119" code="0" mods="0" />
          <key char="39" code="0" mods="0" />
          <key char="39" code="0" mods="0" />
          <key char="119" code="0" mods="0" />
          <key char="39" code="0" mods="0" />
          <key char="39" code="0" mods="0" />
          <key char="119" code="0" mods="0" />
          <key char="58" code="0" mods="0" />
          <key char="97" code="0" mods="0" />
          <key char="99" code="0" mods="0" />
          <key char="116" code="0" mods="0" />
          <key char="105" code="0" mods="0" />
          <key char="111" code="0" mods="0" />
          <key char="110" code="0" mods="0" />
          <key char="32" code="0" mods="0" />
          <key char="79" code="0" mods="0" />
          <key char="112" code="0" mods="0" />
          <key char="101" code="0" mods="0" />
          <key char="110" code="0" mods="0" />
          <key char="70" code="0" mods="0" />
          <key char="105" code="0" mods="0" />
          <key char="108" code="0" mods="0" />
          <key char="101" code="0" mods="0" />
          <key char="97" code="0" mods="0" />
          <key char="99" code="0" mods="0" />
          <key char="116" code="0" mods="0" />
          <key char="105" code="0" mods="0" />
          <key char="111" code="0" mods="0" />
          <key char="110" code="0" mods="0" />
          <key char="32" code="0" mods="0" />
          <key char="79" code="0" mods="0" />
          <key char="112" code="0" mods="0" />
          <key char="101" code="0" mods="0" />
          <key char="110" code="0" mods="0" />
          <key char="70" code="0" mods="0" />
          <key char="105" code="0" mods="0" />
          <key char="108" code="0" mods="0" />
          <key char="101" code="0" mods="0" />
          <key char="65535" code="10" mods="0" />
          <key char="111" code="0" mods="0" />
          <key char="117" code="0" mods="0" />
          <key char="65535" code="27" mods="0" />
          <key char="117" code="0" mods="0" />
          <key char="117" code="0" mods="0" />
          <key char="117" code="0" mods="0" />
          <key char="106" code="0" mods="0" />
          <key char="106" code="0" mods="0" />
          <key char="58" code="0" mods="0" />
          <key char="110" code="0" mods="0" />
          <key char="111" code="0" mods="0" />
          <key char="104" code="0" mods="0" />
          <key char="108" code="0" mods="0" />
          <key char="110" code="0" mods="0" />
          <key char="111" code="0" mods="0" />
          <key char="104" code="0" mods="0" />
          <key char="108" code="0" mods="0" />
          <key char="65535" code="10" mods="0" />
          <key char="108" code="0" mods="0" />
          <key char="107" code="0" mods="0" />
          <key char="58" code="0" mods="0" />
          <key char="97" code="0" mods="0" />
          <key char="99" code="0" mods="0" />
          <key char="116" code="0" mods="0" />
          <key char="105" code="0" mods="0" />
          <key char="111" code="0" mods="0" />
          <key char="110" code="0" mods="0" />
          <key char="32" code="0" mods="0" />
          <key char="79" code="0" mods="0" />
          <key char="112" code="0" mods="0" />
          <key char="101" code="0" mods="0" />
          <key char="110" code="0" mods="0" />
          <key char="70" code="0" mods="0" />
          <key char="105" code="0" mods="0" />
          <key char="108" code="0" mods="0" />
          <key char="101" code="0" mods="0" />
          <key char="97" code="0" mods="0" />
          <key char="99" code="0" mods="0" />
          <key char="116" code="0" mods="0" />
          <key char="105" code="0" mods="0" />
          <key char="111" code="0" mods="0" />
          <key char="110" code="0" mods="0" />
          <key char="32" code="0" mods="0" />
          <key char="79" code="0" mods="0" />
          <key char="112" code="0" mods="0" />
          <key char="101" code="0" mods="0" />
          <key char="110" code="0" mods="0" />
          <key char="70" code="0" mods="0" />
          <key char="105" code="0" mods="0" />
          <key char="108" code="0" mods="0" />
          <key char="101" code="0" mods="0" />
          <key char="65535" code="10" mods="0" />
          <key char="111" code="0" mods="0" />
          <key char="117" code="0" mods="0" />
          <key char="65535" code="27" mods="0" />
          <key char="117" code="0" mods="0" />
          <key char="117" code="0" mods="0" />
          <key char="117" code="0" mods="0" />
          <key char="111" code="0" mods="0" />
          <key char="65535" code="27" mods="0" />
          <key char="117" code="0" mods="0" />
          <key char="117" code="0" mods="0" />
          <key char="58" code="0" mods="0" />
          <key char="110" code="0" mods="0" />
          <key char="111" code="0" mods="0" />
          <key char="104" code="0" mods="0" />
          <key char="108" code="0" mods="0" />
          <key char="110" code="0" mods="0" />
          <key char="111" code="0" mods="0" />
          <key char="104" code="0" mods="0" />
          <key char="108" code="0" mods="0" />
          <key char="65535" code="10" mods="0" />
          <key char="108" code="0" mods="0" />
          <key char="115" code="0" mods="0" />
          <key char="65535" code="27" mods="0" />
          <key char="117" code="0" mods="0" />
          <key char="117" code="0" mods="0" />
          <key char="58" code="0" mods="0" />
          <key char="110" code="0" mods="0" />
          <key char="111" code="0" mods="0" />
          <key char="104" code="0" mods="0" />
          <key char="108" code="0" mods="0" />
          <key char="110" code="0" mods="0" />
          <key char="111" code="0" mods="0" />
          <key char="104" code="0" mods="0" />
          <key char="108" code="0" mods="0" />
          <key char="65535" code="10" mods="0" />
          <key char="108" code="0" mods="0" />
          <key char="65535" code="27" mods="0" />
          <key char="104" code="0" mods="0" />
          <key char="104" code="0" mods="0" />
          <key char="104" code="0" mods="0" />
          <key char="58" code="0" mods="0" />
          <key char="118" code="0" mods="0" />
          <key char="115" code="0" mods="0" />
          <key char="118" code="0" mods="0" />
          <key char="115" code="0" mods="0" />
          <key char="65535" code="10" mods="0" />
          <key char="118" code="0" mods="0" />
          <key char="76" code="0" mods="0" />
          <key char="65535" code="27" mods="0" />
          <key char="107" code="0" mods="0" />
          <key char="65535" code="87" mods="130" />
          <key char="65535" code="87" mods="130" />
          <key char="108" code="0" mods="0" />
          <key char="107" code="0" mods="0" />
          <key char="107" code="0" mods="0" />
          <key char="106" code="0" mods="0" />
          <key char="106" code="0" mods="0" />
        </keys>
      </register>
      <register name="8" type="2">
        <text encoding="base64">CWlmICB7CgkJCgl9Cg==</text>
      </register>
      <register name="9" type="2">
        <text encoding="base64">CWlmIGZhbHNlIHsKCQkKCX0K</text>
      </register>
      <register name=":" type="4">
        <text>close</text>
      </register>
    </registers>
    <search>
      <last-search>numas</last-search>
      <last-offset />
      <last-pattern>numas</last-pattern>
      <last-replace>a</last-replace>
      <last-substitute encoding="base64">XDxzYXZlQXNUZXh0RmlsZVw+</last-substitute>
      <last-dir>1</last-dir>
      <show-last>false</show-last>
    </search>
    <history>
      <history-search>
        <entry>s</entry>
        <entry>print</entry>
        <entry encoding="base64">XDxyZXN1bHRcPg==</entry>
        <entry>val</entry>
        <entry encoding="base64">XDx9XD4=</entry>
        <entry encoding="base64">XDxzYXZlQXNUZXh0RmlsZVw+</entry>
        <entry encoding="base64">XDxBdXRob3JcPg==</entry>
        <entry>author</entry>
        <entry encoding="base64">XDxweVw+</entry>
        <entry encoding="base64">XDxyeXNwYXJrXD4=</entry>
        <entry>python</entry>
        <entry encoding="base64">XDxmdWNrXD4=</entry>
        <entry encoding="base64">XDxweXRob25cPg==</entry>
        <entry encoding="base64">XDxmcm9tXD4=</entry>
        <entry encoding="base64">XDxsb2dEYXRhXD4=</entry>
        <entry encoding="base64">XDxpbnB1dFw+</entry>
        <entry encoding="base64">XDxsaW5lXD4=</entry>
        <entry encoding="base64">XDxzcGFya1w+</entry>
        <entry encoding="base64">XDxudW1Bc1w+</entry>
        <entry>numas</entry>
      </history-search>
      <history-cmd>
        <entry>action Back</entry>
        <entry>action Forward</entry>
        <entry>action CloseProject</entry>
        <entry>action PreviousTab</entry>
        <entry>action NextTab</entry>
        <entry>action ReformatCode</entry>
        <entry>sp</entry>
        <entry>action RunConfiguration</entry>
        <entry>action CommentByLineComment</entry>
        <entry>source ~/.ideavimrc</entry>
        <entry>action SmartTypeCompletion</entry>
        <entry>action PreviousTemplateVariable</entry>
        <entry>action ActivateTerminalToolWindow</entry>
        <entry>action GotoImplementation</entry>
        <entry>action GotoDeclaration</entry>
        <entry>action EditorDeleteToLineStart</entry>
        <entry>action InsertLiveTemplate</entry>
        <entry>action Run</entry>
        <entry>action SelectInProjectView</entry>
        <entry>close</entry>
      </history-cmd>
      <history-expr />
      <history-input />
    </history>
    <shortcut-conflicts>
      <shortcut-conflict owner="vim">
        <text>ctrl pressed V</text>
      </shortcut-conflict>
      <shortcut-conflict owner="vim">
        <text>ctrl pressed A</text>
      </shortcut-conflict>
      <shortcut-conflict owner="ide">
        <text>ctrl pressed P</text>
      </shortcut-conflict>
      <shortcut-conflict owner="vim">
        <text>ctrl pressed Q</text>
      </shortcut-conflict>
      <shortcut-conflict owner="vim">
        <text>ctrl pressed R</text>
      </shortcut-conflict>
      <shortcut-conflict owner="ide">
        <text>ctrl pressed S</text>
      </shortcut-conflict>
      <shortcut-conflict owner="vim">
        <text>ctrl pressed U</text>
      </shortcut-conflict>
      <shortcut-conflict owner="vim">
        <text>ctrl pressed B</text>
      </shortcut-conflict>
      <shortcut-conflict owner="vim">
        <text>ctrl pressed W</text>
      </shortcut-conflict>
      <shortcut-conflict owner="ide">
        <text>ctrl pressed N</text>
      </shortcut-conflict>
      <shortcut-conflict owner="vim">
        <text>ctrl pressed D</text>
      </shortcut-conflict>
      <shortcut-conflict owner="vim">
        <text>ctrl pressed O</text>
      </shortcut-conflict>
      <shortcut-conflict owner="vim">
        <text>ctrl pressed F</text>
      </shortcut-conflict>
      <shortcut-conflict owner="ide">
        <text>ctrl pressed OPEN_BRACKET</text>
      </shortcut-conflict>
      <shortcut-conflict owner="ide">
        <text>ctrl pressed G</text>
      </shortcut-conflict>
      <shortcut-conflict owner="ide">
        <text>ctrl pressed H</text>
      </shortcut-conflict>
      <shortcut-conflict owner="vim">
        <text>ctrl pressed CLOSE_BRACKET</text>
      </shortcut-conflict>
      <shortcut-conflict owner="ide">
        <text>ctrl pressed T</text>
      </shortcut-conflict>
      <shortcut-conflict owner="vim">
        <text>ctrl pressed I</text>
      </shortcut-conflict>
      <shortcut-conflict owner="vim">
        <text>ctrl pressed M</text>
      </shortcut-conflict>
      <shortcut-conflict owner="vim">
        <text>ctrl pressed E</text>
      </shortcut-conflict>
      <shortcut-conflict owner="ide">
        <text>ctrl pressed BACK_SLASH</text>
      </shortcut-conflict>
      <shortcut-conflict owner="vim">
        <text>ctrl pressed X</text>
      </shortcut-conflict>
      <shortcut-conflict owner="ide">
        <text>ctrl pressed Y</text>
      </shortcut-conflict>
      <shortcut-conflict owner="ide">
        <text>shift ctrl pressed 2</text>
      </shortcut-conflict>
      <shortcut-conflict owner="ide">
        <text>ctrl pressed 2</text>
      </shortcut-conflict>
      <shortcut-conflict owner="ide">
        <text>shift ctrl pressed 6</text>
      </shortcut-conflict>
      <shortcut-conflict owner="ide">
        <text>ctrl pressed J</text>
      </shortcut-conflict>
      <shortcut-conflict owner="ide">
        <text>ctrl pressed K</text>
      </shortcut-conflict>
      <shortcut-conflict owner="ide">
        <text>ctrl pressed L</text>
      </shortcut-conflict>
      <shortcut-conflict owner="ide">
        <text>alt pressed X</text>
      </shortcut-conflict>
      <shortcut-conflict owner="ide">
        <text>ctrl pressed C</text>
      </shortcut-conflict>
    </shortcut-conflicts>
  </component>
</application>