<application>
  <component name="AppStorage">
    <histories>
      <item value="Gosched" />
      <item value="quantities" />
      <item value="duration" />
      <item value="Nanosecond" />
      <item value="Microsecond" />
      <item value="Millisecond" />
      <item value="simultaneously" />
      <item value="simultaneous" />
      <item value="return" />
      <item value="as" />
      <item value="Println" />
      <item value="conventional" />
      <item value="overlap" />
    </histories>
    <option name="languageScores">
      <map>
        <entry key="CHINESE" value="13" />
        <entry key="ENGLISH" value="14" />
      </map>
    </option>
  </component>
  <component name="Settings">
    <option name="baiduTranslateSettings">
      <app-key>
        <option name="appId" value="20190608000305805" />
        <option name="appKeyConfigured" value="true" />
        <option name="primaryLanguage" value="CHINESE" />
      </app-key>
    </option>
    <option name="ignoreRegExp" value="" />
    <option name="overrideFont" value="true" />
    <option name="primaryFontFamily" value="SauceCodePro Nerd Font" />
    <option name="translator" value="fanyi.baidu" />
    <option name="youdaoTranslateSettings">
      <youdao-translate>
        <option name="appKeyConfigured" value="true" />
      </youdao-translate>
    </option>
  </component>
</application>